[0.000000] (-) TimerEvent: {}
[0.000252] (-) JobUnselected: {'identifier': 'livox_ros_driver2'}
[0.000522] (-) JobUnselected: {'identifier': 'nav_tf_bridge'}
[0.001016] (-) JobUnselected: {'identifier': 'pcd_ndt_localization'}
[0.001062] (-) JobUnselected: {'identifier': 'ranger_base'}
[0.001326] (-) JobUnselected: {'identifier': 'ranger_bringup'}
[0.001578] (-) JobUnselected: {'identifier': 'ranger_msgs'}
[0.001617] (-) JobUnselected: {'identifier': 'ugv_sdk'}
[0.001706] (-) JobUnselected: {'identifier': 'vikit_common'}
[0.001778] (-) JobUnselected: {'identifier': 'vikit_ros'}
[0.001851] (fast_lio) JobQueued: {'identifier': 'fast_lio', 'dependencies': OrderedDict([('livox_ros_driver2', '/home/seeed/ros2/ws/install/livox_ros_driver2')])}
[0.001936] (fast_lio) JobStarted: {'identifier': 'fast_lio'}
[0.025092] (fast_lio) JobProgress: {'identifier': 'fast_lio', 'progress': 'cmake'}
[0.028152] (fast_lio) JobProgress: {'identifier': 'fast_lio', 'progress': 'build'}
[0.029920] (fast_lio) Command: {'cmd': ['/usr/local/bin/cmake', '--build', '/home/seeed/ros2/ws/build/fast_lio', '--', '-j6', '-l6'], 'cwd': '/home/seeed/ros2/ws/build/fast_lio', 'env': OrderedDict([('LANGUAGE', 'zh_CN:en'), ('USER', 'seeed'), ('SSH_CLIENT', '192.168.1.101 58369 22'), ('LC_TIME', 'zh_CN.UTF-8'), ('ROS_PACKAGE_PATH', '/home/seeed/ros2/ws/install/vikit_common/share:/home/seeed/ros2/ws/install/ugv_sdk/share'), ('XDG_SESSION_TYPE', 'tty'), ('SHLVL', '0'), ('LD_LIBRARY_PATH', '/home/seeed/ros2/ws/install/livox_ros_driver2/lib:/home/seeed/ros2/ws/install/vikit_ros/lib:/home/seeed/ros2/ws/install/vikit_common/lib:/home/seeed/ros2/ws/install/ranger_msgs/lib:/home/seeed/ros2/ws/install/fast_lio/lib:/opt/ros/humble/opt/rviz_ogre_vendor/lib:/opt/ros/humble/lib/aarch64-linux-gnu:/opt/ros/humble/lib'), ('MOTD_SHOWN', 'pam'), ('HOME', '/home/seeed'), ('OLDPWD', '/home/seeed'), ('ROS_PYTHON_VERSION', '3'), ('LC_MONETARY', 'zh_CN.UTF-8'), ('ROS_IP', '192.168.1.104'), ('LC_CTYPE', 'C.UTF-8'), ('DBUS_SESSION_BUS_ADDRESS', 'unix:path=/run/user/1000/bus'), ('COLCON_PREFIX_PATH', '/home/seeed/ros2/ws/install'), ('ROS_DISTRO', 'humble'), ('LOGNAME', 'seeed'), ('ROS_VERSION', '2'), ('PKG_CONFIG_PATH', '/home/seeed/ros2/ws/install/vikit_common/lib/aarch64-linux-gnu/pkgconfig:/home/seeed/ros2/ws/install/vikit_common/lib/pkgconfig:/home/seeed/ros2/ws/install/ugv_sdk/lib/aarch64-linux-gnu/pkgconfig:/home/seeed/ros2/ws/install/ugv_sdk/lib/pkgconfig'), ('XDG_SESSION_CLASS', 'user'), ('XDG_SESSION_ID', '111'), ('ROS_LOCALHOST_ONLY', '0'), ('PATH', '/opt/ros/humble/bin:/usr/local/sbin:/usr/local/bin:/usr/sbin:/usr/bin:/sbin:/bin:/usr/games:/usr/local/games:/snap/bin'), ('FASTRTPS_DEFAULT_PROFILES_FILE', '/home/seeed/ros2/fastrtps_profile.xml'), ('PAPERSIZE', 'a4'), ('LC_ADDRESS', 'zh_CN.UTF-8'), ('XDG_RUNTIME_DIR', '/run/user/1000'), ('DISPLAY', 'localhost:12.0'), ('LANG', 'zh_CN.UTF-8'), ('LC_TELEPHONE', 'zh_CN.UTF-8'), ('RMW_IMPLEMENTATION', 'rmw_fastrtps_cpp'), ('ROS_DOMAIN_ID', '0'), ('AMENT_PREFIX_PATH', '/home/seeed/ros2/ws/install/vikit_ros:/home/seeed/ros2/ws/install/ranger_base:/home/seeed/ros2/ws/install/ranger_msgs:/home/seeed/ros2/ws/install/ranger_bringup:/home/seeed/ros2/ws/install/pcd_ndt_localization:/home/seeed/ros2/ws/install/nav_tf_bridge:/home/seeed/ros2/ws/install/fast_lio:/home/seeed/ros2/ws/install/livox_ros_driver2:/opt/ros/humble'), ('SHELL', '/bin/bash'), ('LC_NAME', 'zh_CN.UTF-8'), ('LC_MEASUREMENT', 'zh_CN.UTF-8'), ('LC_IDENTIFICATION', 'zh_CN.UTF-8'), ('PWD', '/home/seeed/ros2/ws/build/fast_lio'), ('LC_ALL', 'C.UTF-8'), ('SSH_CONNECTION', '192.168.1.101 58369 192.168.1.104 22'), ('PYTHONPATH', '/home/seeed/ros2/ws/install/ranger_msgs/local/lib/python3.10/dist-packages:/home/seeed/ros2/ws/install/fast_lio/local/lib/python3.10/dist-packages:/home/seeed/ros2/ws/install/livox_ros_driver2/local/lib/python3.10/dist-packages:/opt/ros/humble/lib/python3.10/site-packages:/opt/ros/humble/local/lib/python3.10/dist-packages'), ('LC_NUMERIC', 'zh_CN.UTF-8'), ('LC_PAPER', 'zh_CN.UTF-8'), ('COLCON', '1'), ('CMAKE_PREFIX_PATH', '/home/seeed/ros2/ws/install/livox_ros_driver2:/home/seeed/ros2/ws/install/vikit_ros:/opt/ros/humble:/home/seeed/ros2/ws/install/vikit_common:/home/seeed/ros2/ws/install/ranger_base:/home/seeed/ros2/ws/install/ugv_sdk:/home/seeed/ros2/ws/install/ranger_msgs:/home/seeed/ros2/ws/install/ranger_bringup:/home/seeed/ros2/ws/install/pcd_ndt_localization:/home/seeed/ros2/ws/install/nav_tf_bridge:/home/seeed/ros2/ws/install/fast_lio')]), 'shell': False}
[0.086358] (fast_lio) StderrLine: {'line': b'Current CPU archtecture: aarch64\n'}
[0.093701] (fast_lio) StderrLine: {'line': b'CMake Warning (dev) at CMakeLists.txt:47 (find_package):\n'}
[0.093932] (fast_lio) StderrLine: {'line': b'  Policy CMP0148 is not set: The FindPythonInterp and FindPythonLibs modules\n'}
[0.094082] (fast_lio) StderrLine: {'line': b'  are removed.  Run "cmake --help-policy CMP0148" for policy details.  Use\n'}
[0.094217] (fast_lio) StderrLine: {'line': b'  the cmake_policy command to set the policy and suppress this warning.\n'}
[0.094347] (fast_lio) StderrLine: {'line': b'\n'}
[0.094473] (fast_lio) StderrLine: {'line': b'This warning is for project developers.  Use -Wno-dev to suppress it.\n'}
[0.094596] (fast_lio) StderrLine: {'line': b'\n'}
[0.098679] (fast_lio) StdoutLine: {'line': b'-- Found PythonLibs: /usr/lib/aarch64-linux-gnu/libpython3.10.so (found version "3.10.12") \n'}
[0.099283] (-) TimerEvent: {}
[0.100879] (fast_lio) StdoutLine: {'line': b'-- Found ament_cmake: 1.3.14 (/opt/ros/humble/share/ament_cmake/cmake)\n'}
[0.199479] (-) TimerEvent: {}
[0.299905] (-) TimerEvent: {}
[0.400336] (-) TimerEvent: {}
[0.500768] (-) TimerEvent: {}
[0.552812] (fast_lio) StdoutLine: {'line': b'-- Override CMake install command with custom implementation using symlinks instead of copying resources\n'}
[0.585174] (fast_lio) StdoutLine: {'line': b'-- Found rclcpp: 16.0.19 (/opt/ros/humble/share/rclcpp/cmake)\n'}
[0.600839] (-) TimerEvent: {}
[0.677249] (fast_lio) StdoutLine: {'line': b'-- Found rosidl_generator_c: 3.1.8 (/opt/ros/humble/share/rosidl_generator_c/cmake)\n'}
[0.685038] (fast_lio) StdoutLine: {'line': b'-- Found rosidl_adapter: 3.1.8 (/opt/ros/humble/share/rosidl_adapter/cmake)\n'}
[0.700951] (-) TimerEvent: {}
[0.704389] (fast_lio) StdoutLine: {'line': b'-- Found rosidl_generator_cpp: 3.1.8 (/opt/ros/humble/share/rosidl_generator_cpp/cmake)\n'}
[0.735786] (fast_lio) StdoutLine: {'line': b'-- Using all available rosidl_typesupport_c: rosidl_typesupport_fastrtps_c;rosidl_typesupport_introspection_c\n'}
[0.775159] (fast_lio) StdoutLine: {'line': b'-- Using all available rosidl_typesupport_cpp: rosidl_typesupport_fastrtps_cpp;rosidl_typesupport_introspection_cpp\n'}
[0.801066] (-) TimerEvent: {}
[0.878387] (fast_lio) StdoutLine: {'line': b'-- Found rmw_implementation_cmake: 6.1.2 (/opt/ros/humble/share/rmw_implementation_cmake/cmake)\n'}
[0.883017] (fast_lio) StdoutLine: {'line': b'-- Found rmw_fastrtps_cpp: 6.2.10 (/opt/ros/humble/share/rmw_fastrtps_cpp/cmake)\n'}
[0.901177] (-) TimerEvent: {}
[1.001463] (-) TimerEvent: {}
[1.101811] (-) TimerEvent: {}
[1.140286] (fast_lio) StdoutLine: {'line': b"-- Using RMW implementation 'rmw_fastrtps_cpp' as default\n"}
[1.201942] (-) TimerEvent: {}
[1.292303] (fast_lio) StdoutLine: {'line': b'-- Found rclcpp_components: 16.0.19 (/opt/ros/humble/share/rclcpp_components/cmake)\n'}
[1.302042] (-) TimerEvent: {}
[1.349541] (fast_lio) StdoutLine: {'line': b'-- Found geometry_msgs: 4.9.1 (/opt/ros/humble/share/geometry_msgs/cmake)\n'}
[1.386872] (fast_lio) StdoutLine: {'line': b'-- Found nav_msgs: 4.9.1 (/opt/ros/humble/share/nav_msgs/cmake)\n'}
[1.402142] (-) TimerEvent: {}
[1.434451] (fast_lio) StdoutLine: {'line': b'-- Found sensor_msgs: 4.9.1 (/opt/ros/humble/share/sensor_msgs/cmake)\n'}
[1.483558] (fast_lio) StdoutLine: {'line': b'-- Found std_srvs: 4.9.1 (/opt/ros/humble/share/std_srvs/cmake)\n'}
[1.502256] (-) TimerEvent: {}
[1.512520] (fast_lio) StdoutLine: {'line': b'-- Found visualization_msgs: 4.9.1 (/opt/ros/humble/share/visualization_msgs/cmake)\n'}
[1.567978] (fast_lio) StdoutLine: {'line': b'-- Found pcl_ros: 2.4.5 (/opt/ros/humble/share/pcl_ros/cmake)\n'}
[1.602380] (-) TimerEvent: {}
[1.660769] (fast_lio) StderrLine: {'line': b'CMake Warning (dev) at /usr/lib/aarch64-linux-gnu/cmake/pcl/PCLConfig.cmake:146 (find_package):\n'}
[1.661216] (fast_lio) StderrLine: {'line': b'  Policy CMP0144 is not set: find_package uses upper-case <PACKAGENAME>_ROOT\n'}
[1.661378] (fast_lio) StderrLine: {'line': b'  variables.  Run "cmake --help-policy CMP0144" for policy details.  Use the\n'}
[1.661520] (fast_lio) StderrLine: {'line': b'  cmake_policy command to set the policy and suppress this warning.\n'}
[1.661655] (fast_lio) StderrLine: {'line': b'\n'}
[1.661785] (fast_lio) StderrLine: {'line': b'  CMake variable EIGEN_ROOT is set to:\n'}
[1.661957] (fast_lio) StderrLine: {'line': b'\n'}
[1.662118] (fast_lio) StderrLine: {'line': b'    /usr/include/eigen3\n'}
[1.662249] (fast_lio) StderrLine: {'line': b'\n'}
[1.662368] (fast_lio) StderrLine: {'line': b'  For compatibility, find_package is ignoring the variable, but code in a\n'}
[1.662488] (fast_lio) StderrLine: {'line': b'  .cmake module might still use it.\n'}
[1.662603] (fast_lio) StderrLine: {'line': b'Call Stack (most recent call first):\n'}
[1.662755] (fast_lio) StderrLine: {'line': b'  /usr/lib/aarch64-linux-gnu/cmake/pcl/PCLConfig.cmake:299 (find_eigen)\n'}
[1.662874] (fast_lio) StderrLine: {'line': b'  /usr/lib/aarch64-linux-gnu/cmake/pcl/PCLConfig.cmake:543 (find_external_library)\n'}
[1.663030] (fast_lio) StderrLine: {'line': b'  /opt/ros/humble/share/pcl_conversions/cmake/ament_cmake_export_dependencies-extras.cmake:21 (find_package)\n'}
[1.663164] (fast_lio) StderrLine: {'line': b'  /opt/ros/humble/share/pcl_conversions/cmake/pcl_conversionsConfig.cmake:41 (include)\n'}
[1.663315] (fast_lio) StderrLine: {'line': b'  /opt/ros/humble/share/pcl_ros/cmake/ament_cmake_export_dependencies-extras.cmake:21 (find_package)\n'}
[1.663440] (fast_lio) StderrLine: {'line': b'  /opt/ros/humble/share/pcl_ros/cmake/pcl_rosConfig.cmake:41 (include)\n'}
[1.663558] (fast_lio) StderrLine: {'line': b'  CMakeLists.txt:60 (find_package)\n'}
[1.663673] (fast_lio) StderrLine: {'line': b'This warning is for project developers.  Use -Wno-dev to suppress it.\n'}
[1.663791] (fast_lio) StderrLine: {'line': b'\n'}
[1.673592] (fast_lio) StdoutLine: {'line': b'-- Eigen found (include: /usr/include/eigen3, version: 3.4.0)\n'}
[1.702526] (-) TimerEvent: {}
[1.706283] (fast_lio) StderrLine: {'line': b'CMake Warning (dev) at /usr/lib/aarch64-linux-gnu/cmake/pcl/Modules/FindFLANN.cmake:44 (find_package):\n'}
[1.706601] (fast_lio) StderrLine: {'line': b'  Policy CMP0144 is not set: find_package uses upper-case <PACKAGENAME>_ROOT\n'}
[1.706749] (fast_lio) StderrLine: {'line': b'  variables.  Run "cmake --help-policy CMP0144" for policy details.  Use the\n'}
[1.706915] (fast_lio) StderrLine: {'line': b'  cmake_policy command to set the policy and suppress this warning.\n'}
[1.707043] (fast_lio) StderrLine: {'line': b'\n'}
[1.707164] (fast_lio) StderrLine: {'line': b'  CMake variable FLANN_ROOT is set to:\n'}
[1.707283] (fast_lio) StderrLine: {'line': b'\n'}
[1.707400] (fast_lio) StderrLine: {'line': b'    /usr\n'}
[1.707517] (fast_lio) StderrLine: {'line': b'\n'}
[1.707634] (fast_lio) StderrLine: {'line': b'  For compatibility, find_package is ignoring the variable, but code in a\n'}
[1.707751] (fast_lio) StderrLine: {'line': b'  .cmake module might still use it.\n'}
[1.707936] (fast_lio) StderrLine: {'line': b'Call Stack (most recent call first):\n'}
[1.708098] (fast_lio) StderrLine: {'line': b'  /usr/lib/aarch64-linux-gnu/cmake/pcl/PCLConfig.cmake:256 (find_package)\n'}
[1.708251] (fast_lio) StderrLine: {'line': b'  /usr/lib/aarch64-linux-gnu/cmake/pcl/PCLConfig.cmake:301 (find_flann)\n'}
[1.708382] (fast_lio) StderrLine: {'line': b'  /usr/lib/aarch64-linux-gnu/cmake/pcl/PCLConfig.cmake:543 (find_external_library)\n'}
[1.708502] (fast_lio) StderrLine: {'line': b'  /opt/ros/humble/share/pcl_conversions/cmake/ament_cmake_export_dependencies-extras.cmake:21 (find_package)\n'}
[1.708618] (fast_lio) StderrLine: {'line': b'  /opt/ros/humble/share/pcl_conversions/cmake/pcl_conversionsConfig.cmake:41 (include)\n'}
[1.708823] (fast_lio) StderrLine: {'line': b'  /opt/ros/humble/share/pcl_ros/cmake/ament_cmake_export_dependencies-extras.cmake:21 (find_package)\n'}
[1.708943] (fast_lio) StderrLine: {'line': b'  /opt/ros/humble/share/pcl_ros/cmake/pcl_rosConfig.cmake:41 (include)\n'}
[1.709060] (fast_lio) StderrLine: {'line': b'  CMakeLists.txt:60 (find_package)\n'}
[1.709174] (fast_lio) StderrLine: {'line': b'This warning is for project developers.  Use -Wno-dev to suppress it.\n'}
[1.709289] (fast_lio) StderrLine: {'line': b'\n'}
[1.754629] (fast_lio) StdoutLine: {'line': b'-- FLANN found (include: /usr/include, lib: /usr/lib/aarch64-linux-gnu/libflann_cpp.so)\n'}
[1.802700] (-) TimerEvent: {}
[1.903123] (-) TimerEvent: {}
[2.003499] (-) TimerEvent: {}
[2.104035] (-) TimerEvent: {}
[2.204613] (-) TimerEvent: {}
[2.305033] (-) TimerEvent: {}
[2.405432] (-) TimerEvent: {}
[2.505791] (-) TimerEvent: {}
[2.606256] (-) TimerEvent: {}
[2.706713] (-) TimerEvent: {}
[2.788797] (fast_lio) StdoutLine: {'line': b'-- OpenNI found (version: 1.5.4.0, include: /usr/include/ni, lib: /usr/lib/libOpenNI.so;libusb::libusb)\n'}
[2.802563] (fast_lio) StdoutLine: {'line': b'-- OpenNI2 found (version: 2.2.0.33, include: /usr/include/openni2, lib: /usr/lib/aarch64-linux-gnu/libOpenNI2.so;libusb::libusb)\n'}
[2.806780] (-) TimerEvent: {}
[2.907056] (-) TimerEvent: {}
[3.007444] (-) TimerEvent: {}
[3.107950] (-) TimerEvent: {}
[3.208395] (-) TimerEvent: {}
[3.308823] (-) TimerEvent: {}
[3.394818] (fast_lio) StdoutLine: {'line': b'-- Eigen found (include: /usr/include/eigen3, version: 3.4.0)\n'}
[3.408972] (-) TimerEvent: {}
[3.409592] (fast_lio) StdoutLine: {'line': b'-- OpenNI found (version: 1.5.4.0, include: /usr/include/ni, lib: /usr/lib/libOpenNI.so;libusb::libusb)\n'}
[3.423950] (fast_lio) StdoutLine: {'line': b'-- OpenNI2 found (version: 2.2.0.33, include: /usr/include/openni2, lib: /usr/lib/aarch64-linux-gnu/libOpenNI2.so;libusb::libusb)\n'}
[3.509136] (-) TimerEvent: {}
[3.609496] (-) TimerEvent: {}
[3.709860] (-) TimerEvent: {}
[3.810233] (-) TimerEvent: {}
[3.910611] (-) TimerEvent: {}
[4.011002] (-) TimerEvent: {}
[4.040487] (fast_lio) StdoutLine: {'line': b'-- Found Qhull version 8.0.2\n'}
[4.111151] (-) TimerEvent: {}
[4.211504] (-) TimerEvent: {}
[4.311886] (-) TimerEvent: {}
[4.412281] (-) TimerEvent: {}
[4.512766] (-) TimerEvent: {}
[4.613171] (-) TimerEvent: {}
[4.629572] (fast_lio) StdoutLine: {'line': b'-- OpenNI found (version: 1.5.4.0, include: /usr/include/ni, lib: /usr/lib/libOpenNI.so;libusb::libusb)\n'}
[4.713335] (-) TimerEvent: {}
[4.813723] (-) TimerEvent: {}
[4.914165] (-) TimerEvent: {}
[5.014593] (-) TimerEvent: {}
[5.115042] (-) TimerEvent: {}
[5.215445] (-) TimerEvent: {}
[5.277539] (fast_lio) StdoutLine: {'line': b'-- Found eigen3_cmake_module: 0.1.1 (/opt/ros/humble/share/eigen3_cmake_module/cmake)\n'}
[5.281818] (fast_lio) StdoutLine: {'line': b'-- Ensuring Eigen3 include directory is part of orocos-kdl CMake target\n'}
[5.315551] (-) TimerEvent: {}
[5.415837] (-) TimerEvent: {}
[5.465512] (fast_lio) StdoutLine: {'line': b'-- Found livox_ros_driver2: 1.0.0 (/home/seeed/ros2/ws/install/livox_ros_driver2/share/livox_ros_driver2/cmake)\n'}
[5.515956] (-) TimerEvent: {}
[5.523697] (fast_lio) StdoutLine: {'line': b'-- Found rosidl_default_generators: 1.2.1 (/opt/ros/humble/share/rosidl_default_generators/cmake)\n'}
[5.559388] (fast_lio) StderrLine: {'line': b'CMake Warning (dev) at CMakeLists.txt:81 (find_package):\n'}
[5.559694] (fast_lio) StderrLine: {'line': b'  Policy CMP0074 is not set: find_package uses <PackageName>_ROOT variables.\n'}
[5.559910] (fast_lio) StderrLine: {'line': b'  Run "cmake --help-policy CMP0074" for policy details.  Use the cmake_policy\n'}
[5.560095] (fast_lio) StderrLine: {'line': b'  command to set the policy and suppress this warning.\n'}
[5.560239] (fast_lio) StderrLine: {'line': b'\n'}
[5.560405] (fast_lio) StderrLine: {'line': b'  CMake variable PCL_ROOT is set to:\n'}
[5.560568] (fast_lio) StderrLine: {'line': b'\n'}
[5.560736] (fast_lio) StderrLine: {'line': b'    /usr\n'}
[5.560898] (fast_lio) StderrLine: {'line': b'\n'}
[5.561020] (fast_lio) StderrLine: {'line': b'  For compatibility, CMake is ignoring the variable.\n'}
[5.561141] (fast_lio) StderrLine: {'line': b'This warning is for project developers.  Use -Wno-dev to suppress it.\n'}
[5.561261] (fast_lio) StderrLine: {'line': b'\n'}
[5.574457] (fast_lio) StderrLine: {'line': b'Eigen:/usr/include/eigen3\n'}
[5.574702] (fast_lio) StdoutLine: {'line': b'-- PCL: /usr/include/pcl-1.12\n'}
[5.616104] (-) TimerEvent: {}
[5.716458] (-) TimerEvent: {}
[5.816819] (-) TimerEvent: {}
[5.917173] (-) TimerEvent: {}
[6.017519] (-) TimerEvent: {}
[6.117853] (-) TimerEvent: {}
[6.218263] (-) TimerEvent: {}
[6.318628] (-) TimerEvent: {}
[6.418965] (-) TimerEvent: {}
[6.519331] (-) TimerEvent: {}
[6.546354] (fast_lio) StdoutLine: {'line': b'-- Found ament_cmake_ros: 0.10.0 (/opt/ros/humble/share/ament_cmake_ros/cmake)\n'}
[6.619468] (-) TimerEvent: {}
[6.719857] (-) TimerEvent: {}
[6.820234] (-) TimerEvent: {}
[6.920617] (-) TimerEvent: {}
[7.020975] (-) TimerEvent: {}
[7.121319] (-) TimerEvent: {}
[7.221731] (-) TimerEvent: {}
[7.322114] (-) TimerEvent: {}
[7.422449] (-) TimerEvent: {}
[7.522788] (-) TimerEvent: {}
[7.623141] (-) TimerEvent: {}
[7.723513] (-) TimerEvent: {}
[7.823927] (-) TimerEvent: {}
[7.924273] (-) TimerEvent: {}
[8.024607] (-) TimerEvent: {}
[8.124988] (-) TimerEvent: {}
[8.201046] (fast_lio) StdoutLine: {'line': b'-- Using all available rosidl_typesupport_c: rosidl_typesupport_fastrtps_c;rosidl_typesupport_introspection_c\n'}
[8.225108] (-) TimerEvent: {}
[8.325424] (-) TimerEvent: {}
[8.425790] (-) TimerEvent: {}
[8.526169] (-) TimerEvent: {}
[8.626530] (-) TimerEvent: {}
[8.726858] (-) TimerEvent: {}
[8.827183] (-) TimerEvent: {}
[8.847018] (fast_lio) StdoutLine: {'line': b'-- Using all available rosidl_typesupport_cpp: rosidl_typesupport_fastrtps_cpp;rosidl_typesupport_introspection_cpp\n'}
[8.859271] (fast_lio) StderrLine: {'line': b'CMake Warning (dev) at /opt/ros/humble/share/rosidl_generator_py/cmake/rosidl_generator_py_generate_interfaces.cmake:20 (find_package):\n'}
[8.859694] (fast_lio) StderrLine: {'line': b'  Policy CMP0148 is not set: The FindPythonInterp and FindPythonLibs modules\n'}
[8.860008] (fast_lio) StderrLine: {'line': b'  are removed.  Run "cmake --help-policy CMP0148" for policy details.  Use\n'}
[8.860251] (fast_lio) StderrLine: {'line': b'  the cmake_policy command to set the policy and suppress this warning.\n'}
[8.860478] (fast_lio) StderrLine: {'line': b'\n'}
[8.860697] (fast_lio) StderrLine: {'line': b'Call Stack (most recent call first):\n'}
[8.860914] (fast_lio) StderrLine: {'line': b'  /opt/ros/humble/share/ament_cmake_core/cmake/core/ament_execute_extensions.cmake:48 (include)\n'}
[8.861122] (fast_lio) StderrLine: {'line': b'  /opt/ros/humble/share/rosidl_cmake/cmake/rosidl_generate_interfaces.cmake:286 (ament_execute_extensions)\n'}
[8.861329] (fast_lio) StderrLine: {'line': b'  CMakeLists.txt:90 (rosidl_generate_interfaces)\n'}
[8.861532] (fast_lio) StderrLine: {'line': b'This warning is for project developers.  Use -Wno-dev to suppress it.\n'}
[8.861735] (fast_lio) StderrLine: {'line': b'\n'}
[8.910620] (fast_lio) StdoutLine: {'line': b'-- Found python_cmake_module: 0.10.0 (/opt/ros/humble/share/python_cmake_module/cmake)\n'}
[8.912532] (fast_lio) StderrLine: {'line': b'CMake Warning (dev) at /opt/ros/humble/share/python_cmake_module/cmake/Modules/FindPythonExtra.cmake:52 (find_package):\n'}
[8.912835] (fast_lio) StderrLine: {'line': b'  Policy CMP0148 is not set: The FindPythonInterp and FindPythonLibs modules\n'}
[8.913272] (fast_lio) StderrLine: {'line': b'  are removed.  Run "cmake --help-policy CMP0148" for policy details.  Use\n'}
[8.913499] (fast_lio) StderrLine: {'line': b'  the cmake_policy command to set the policy and suppress this warning.\n'}
[8.913715] (fast_lio) StderrLine: {'line': b'\n'}
[8.913923] (fast_lio) StderrLine: {'line': b'Call Stack (most recent call first):\n'}
[8.914127] (fast_lio) StderrLine: {'line': b'  /opt/ros/humble/share/rosidl_generator_py/cmake/rosidl_generator_py_generate_interfaces.cmake:23 (find_package)\n'}
[8.914366] (fast_lio) StderrLine: {'line': b'  /opt/ros/humble/share/ament_cmake_core/cmake/core/ament_execute_extensions.cmake:48 (include)\n'}
[8.914572] (fast_lio) StderrLine: {'line': b'  /opt/ros/humble/share/rosidl_cmake/cmake/rosidl_generate_interfaces.cmake:286 (ament_execute_extensions)\n'}
[8.914760] (fast_lio) StderrLine: {'line': b'  CMakeLists.txt:90 (rosidl_generate_interfaces)\n'}
[8.914899] (fast_lio) StderrLine: {'line': b'This warning is for project developers.  Use -Wno-dev to suppress it.\n'}
[8.915038] (fast_lio) StderrLine: {'line': b'\n'}
[8.927261] (-) TimerEvent: {}
[8.963248] (fast_lio) StderrLine: {'line': b'CMake Warning (dev) at /opt/ros/humble/share/python_cmake_module/cmake/Modules/FindPythonExtra.cmake:140 (find_package):\n'}
[8.963775] (fast_lio) StderrLine: {'line': b'  Policy CMP0148 is not set: The FindPythonInterp and FindPythonLibs modules\n'}
[8.964119] (fast_lio) StderrLine: {'line': b'  are removed.  Run "cmake --help-policy CMP0148" for policy details.  Use\n'}
[8.964402] (fast_lio) StderrLine: {'line': b'  the cmake_policy command to set the policy and suppress this warning.\n'}
[8.964624] (fast_lio) StderrLine: {'line': b'\n'}
[8.964833] (fast_lio) StderrLine: {'line': b'Call Stack (most recent call first):\n'}
[8.965044] (fast_lio) StderrLine: {'line': b'  /opt/ros/humble/share/rosidl_generator_py/cmake/rosidl_generator_py_generate_interfaces.cmake:23 (find_package)\n'}
[8.965253] (fast_lio) StderrLine: {'line': b'  /opt/ros/humble/share/ament_cmake_core/cmake/core/ament_execute_extensions.cmake:48 (include)\n'}
[8.965460] (fast_lio) StderrLine: {'line': b'  /opt/ros/humble/share/rosidl_cmake/cmake/rosidl_generate_interfaces.cmake:286 (ament_execute_extensions)\n'}
[8.965664] (fast_lio) StderrLine: {'line': b'  CMakeLists.txt:90 (rosidl_generate_interfaces)\n'}
[8.965866] (fast_lio) StderrLine: {'line': b'This warning is for project developers.  Use -Wno-dev to suppress it.\n'}
[8.966067] (fast_lio) StderrLine: {'line': b'\n'}
[8.970883] (fast_lio) StdoutLine: {'line': b'-- Found PythonLibs: /usr/lib/aarch64-linux-gnu/libpython3.10.so (found suitable version "3.10.12", minimum required is "3.5") \n'}
[8.971379] (fast_lio) StdoutLine: {'line': b'-- Using PYTHON_EXECUTABLE: /usr/bin/python3\n'}
[8.971619] (fast_lio) StdoutLine: {'line': b'-- Using PYTHON_INCLUDE_DIRS: /usr/include/python3.10\n'}
[8.971871] (fast_lio) StdoutLine: {'line': b'-- Using PYTHON_LIBRARIES: /usr/lib/aarch64-linux-gnu/libpython3.10.so\n'}
[9.027451] (-) TimerEvent: {}
[9.127800] (-) TimerEvent: {}
[9.228186] (-) TimerEvent: {}
[9.328542] (-) TimerEvent: {}
[9.428921] (-) TimerEvent: {}
[9.483240] (fast_lio) StdoutLine: {'line': b'-- Configuring done (9.4s)\n'}
[9.529066] (-) TimerEvent: {}
[9.629415] (-) TimerEvent: {}
[9.696747] (fast_lio) StdoutLine: {'line': b'-- Generating done (0.2s)\n'}
[9.729526] (-) TimerEvent: {}
[9.736286] (fast_lio) StdoutLine: {'line': b'-- Build files have been written to: /home/seeed/ros2/ws/build/fast_lio\n'}
[9.823730] (fast_lio) StdoutLine: {'line': b'[  5%] Built target fast_lio__cpp\n'}
[9.824205] (fast_lio) StdoutLine: {'line': b'[  5%] Built target fast_lio__rs\n'}
[9.825017] (fast_lio) StdoutLine: {'line': b'[ 13%] Built target fast_lio__rosidl_generator_c\n'}
[9.827308] (fast_lio) StdoutLine: {'line': b'[ 13%] Built target ament_cmake_python_symlink_fast_lio\n'}
[9.829644] (-) TimerEvent: {}
[9.853505] (fast_lio) StdoutLine: {'line': b'[ 30%] Built target fast_lio__rosidl_typesupport_fastrtps_c\n'}
[9.853958] (fast_lio) StdoutLine: {'line': b'[ 30%] Built target fast_lio__rosidl_typesupport_introspection_cpp\n'}
[9.854132] (fast_lio) StdoutLine: {'line': b'[ 38%] Built target fast_lio__rosidl_typesupport_cpp\n'}
[9.854476] (fast_lio) StdoutLine: {'line': b'[ 47%] Built target fast_lio__rosidl_typesupport_fastrtps_cpp\n'}
[9.856311] (fast_lio) StdoutLine: {'line': b'[ 55%] Built target fast_lio__rosidl_typesupport_c\n'}
[9.860289] (fast_lio) StdoutLine: {'line': b'[ 63%] Built target fast_lio__rosidl_typesupport_introspection_c\n'}
[9.877559] (fast_lio) StdoutLine: {'line': b'[ 63%] Built target fast_lio\n'}
[9.895215] (fast_lio) StdoutLine: {'line': b'[ 66%] Built target fast_lio__py\n'}
[9.919902] (fast_lio) StdoutLine: {'line': b'[ 72%] Built target fast_lio__rosidl_generator_py\n'}
[9.929831] (-) TimerEvent: {}
[9.947051] (fast_lio) StdoutLine: {'line': b'[ 77%] Built target fast_lio__rosidl_typesupport_introspection_c__pyext\n'}
[9.947472] (fast_lio) StdoutLine: {'line': b'[ 83%] Built target fast_lio__rosidl_typesupport_fastrtps_c__pyext\n'}
[9.948423] (fast_lio) StdoutLine: {'line': b'[ 88%] Built target fast_lio__rosidl_typesupport_c__pyext\n'}
[9.993273] (fast_lio) StdoutLine: {'line': b'[ 91%] Building CXX object CMakeFiles/fastlio_mapping.dir/src/laserMapping.cpp.o\n'}
[9.994236] (fast_lio) StdoutLine: {'line': b'[ 94%] Building CXX object CMakeFiles/fastlio_mapping.dir/src/preprocess.cpp.o\n'}
[10.029993] (-) TimerEvent: {}
[10.130349] (-) TimerEvent: {}
[10.230859] (-) TimerEvent: {}
[10.331260] (-) TimerEvent: {}
[10.387864] (fast_lio) StdoutLine: {'line': b'running egg_info\n'}
[10.389625] (fast_lio) StdoutLine: {'line': b'writing fast_lio.egg-info/PKG-INFO\n'}
[10.390277] (fast_lio) StdoutLine: {'line': b'writing dependency_links to fast_lio.egg-info/dependency_links.txt\n'}
[10.390702] (fast_lio) StdoutLine: {'line': b'writing top-level names to fast_lio.egg-info/top_level.txt\n'}
[10.396264] (fast_lio) StdoutLine: {'line': b"reading manifest file 'fast_lio.egg-info/SOURCES.txt'\n"}
[10.397672] (fast_lio) StdoutLine: {'line': b"writing manifest file 'fast_lio.egg-info/SOURCES.txt'\n"}
[10.431440] (-) TimerEvent: {}
[10.459730] (fast_lio) StdoutLine: {'line': b'[ 94%] Built target ament_cmake_python_build_fast_lio_egg\n'}
[10.531613] (-) TimerEvent: {}
[10.632075] (-) TimerEvent: {}
[10.732469] (-) TimerEvent: {}
[10.832855] (-) TimerEvent: {}
[10.933264] (-) TimerEvent: {}
[11.033650] (-) TimerEvent: {}
[11.134031] (-) TimerEvent: {}
[11.234371] (-) TimerEvent: {}
[11.334697] (-) TimerEvent: {}
[11.435081] (-) TimerEvent: {}
[11.535452] (-) TimerEvent: {}
[11.635856] (-) TimerEvent: {}
[11.736241] (-) TimerEvent: {}
[11.836622] (-) TimerEvent: {}
[11.937007] (-) TimerEvent: {}
[12.037396] (-) TimerEvent: {}
[12.137780] (-) TimerEvent: {}
[12.238192] (-) TimerEvent: {}
[12.338596] (-) TimerEvent: {}
[12.438965] (-) TimerEvent: {}
[12.539351] (-) TimerEvent: {}
[12.639737] (-) TimerEvent: {}
[12.740141] (-) TimerEvent: {}
[12.840522] (-) TimerEvent: {}
[12.940880] (-) TimerEvent: {}
[13.041265] (-) TimerEvent: {}
[13.141647] (-) TimerEvent: {}
[13.242034] (-) TimerEvent: {}
[13.342408] (-) TimerEvent: {}
[13.442787] (-) TimerEvent: {}
[13.543153] (-) TimerEvent: {}
[13.643516] (-) TimerEvent: {}
[13.743904] (-) TimerEvent: {}
[13.844281] (-) TimerEvent: {}
[13.944661] (-) TimerEvent: {}
[14.045046] (-) TimerEvent: {}
[14.145429] (-) TimerEvent: {}
[14.245814] (-) TimerEvent: {}
[14.346188] (-) TimerEvent: {}
[14.446525] (-) TimerEvent: {}
[14.546880] (-) TimerEvent: {}
[14.647261] (-) TimerEvent: {}
[14.747654] (-) TimerEvent: {}
[14.848068] (-) TimerEvent: {}
[14.948460] (-) TimerEvent: {}
[15.048847] (-) TimerEvent: {}
[15.149236] (-) TimerEvent: {}
[15.249628] (-) TimerEvent: {}
[15.350005] (-) TimerEvent: {}
[15.450386] (-) TimerEvent: {}
[15.550784] (-) TimerEvent: {}
[15.651169] (-) TimerEvent: {}
[15.751558] (-) TimerEvent: {}
[15.851973] (-) TimerEvent: {}
[15.952379] (-) TimerEvent: {}
[16.052761] (-) TimerEvent: {}
[16.153145] (-) TimerEvent: {}
[16.253541] (-) TimerEvent: {}
[16.353948] (-) TimerEvent: {}
[16.454338] (-) TimerEvent: {}
[16.554730] (-) TimerEvent: {}
[16.655115] (-) TimerEvent: {}
[16.755504] (-) TimerEvent: {}
[16.855925] (-) TimerEvent: {}
[16.956310] (-) TimerEvent: {}
[17.056708] (-) TimerEvent: {}
[17.157097] (-) TimerEvent: {}
[17.257513] (-) TimerEvent: {}
[17.357916] (-) TimerEvent: {}
[17.458310] (-) TimerEvent: {}
[17.558709] (-) TimerEvent: {}
[17.659105] (-) TimerEvent: {}
[17.759508] (-) TimerEvent: {}
[17.859946] (-) TimerEvent: {}
[17.960394] (-) TimerEvent: {}
[18.060789] (-) TimerEvent: {}
[18.161486] (-) TimerEvent: {}
[18.261887] (-) TimerEvent: {}
[18.362256] (-) TimerEvent: {}
[18.462568] (-) TimerEvent: {}
[18.562852] (-) TimerEvent: {}
[18.663125] (-) TimerEvent: {}
[18.763393] (-) TimerEvent: {}
[18.863670] (-) TimerEvent: {}
[18.963900] (-) TimerEvent: {}
[19.064237] (-) TimerEvent: {}
[19.164591] (-) TimerEvent: {}
[19.264953] (-) TimerEvent: {}
[19.365341] (-) TimerEvent: {}
[19.465723] (-) TimerEvent: {}
[19.566072] (-) TimerEvent: {}
[19.666361] (-) TimerEvent: {}
[19.766700] (-) TimerEvent: {}
[19.867058] (-) TimerEvent: {}
[19.967356] (-) TimerEvent: {}
[20.067678] (-) TimerEvent: {}
[20.168063] (-) TimerEvent: {}
[20.268411] (-) TimerEvent: {}
[20.368791] (-) TimerEvent: {}
[20.469136] (-) TimerEvent: {}
[20.569422] (-) TimerEvent: {}
[20.669676] (-) TimerEvent: {}
[20.769925] (-) TimerEvent: {}
[20.870181] (-) TimerEvent: {}
[20.970492] (-) TimerEvent: {}
[21.070882] (-) TimerEvent: {}
[21.171272] (-) TimerEvent: {}
[21.271676] (-) TimerEvent: {}
[21.372109] (-) TimerEvent: {}
[21.472509] (-) TimerEvent: {}
[21.572900] (-) TimerEvent: {}
[21.673298] (-) TimerEvent: {}
[21.773691] (-) TimerEvent: {}
[21.874086] (-) TimerEvent: {}
[21.974485] (-) TimerEvent: {}
[22.074881] (-) TimerEvent: {}
[22.175286] (-) TimerEvent: {}
[22.275680] (-) TimerEvent: {}
[22.376124] (-) TimerEvent: {}
[22.476529] (-) TimerEvent: {}
[22.576921] (-) TimerEvent: {}
[22.677313] (-) TimerEvent: {}
[22.777715] (-) TimerEvent: {}
[22.878110] (-) TimerEvent: {}
[22.978501] (-) TimerEvent: {}
[23.078905] (-) TimerEvent: {}
[23.179317] (-) TimerEvent: {}
[23.279722] (-) TimerEvent: {}
[23.380177] (-) TimerEvent: {}
[23.480589] (-) TimerEvent: {}
[23.581005] (-) TimerEvent: {}
[23.681401] (-) TimerEvent: {}
[23.781788] (-) TimerEvent: {}
[23.882180] (-) TimerEvent: {}
[23.982568] (-) TimerEvent: {}
[24.082958] (-) TimerEvent: {}
[24.183335] (-) TimerEvent: {}
[24.283705] (-) TimerEvent: {}
[24.384377] (-) TimerEvent: {}
[24.484813] (-) TimerEvent: {}
[24.585226] (-) TimerEvent: {}
[24.685648] (-) TimerEvent: {}
[24.786083] (-) TimerEvent: {}
[24.886526] (-) TimerEvent: {}
[24.986959] (-) TimerEvent: {}
[25.087381] (-) TimerEvent: {}
[25.187777] (-) TimerEvent: {}
[25.288183] (-) TimerEvent: {}
[25.388561] (-) TimerEvent: {}
[25.488945] (-) TimerEvent: {}
[25.589332] (-) TimerEvent: {}
[25.653388] (fast_lio) StderrLine: {'line': b'In file included from /usr/include/boost/smart_ptr/detail/sp_thread_sleep.hpp:22,\n'}
[25.653832] (fast_lio) StderrLine: {'line': b'                 from /usr/include/boost/smart_ptr/detail/yield_k.hpp:23,\n'}
[25.653993] (fast_lio) StderrLine: {'line': b'                 from /usr/include/boost/smart_ptr/detail/spinlock_gcc_atomic.hpp:14,\n'}
[25.654134] (fast_lio) StderrLine: {'line': b'                 from /usr/include/boost/smart_ptr/detail/spinlock.hpp:42,\n'}
[25.654265] (fast_lio) StderrLine: {'line': b'                 from /usr/include/boost/smart_ptr/detail/spinlock_pool.hpp:25,\n'}
[25.654392] (fast_lio) StderrLine: {'line': b'                 from /usr/include/boost/smart_ptr/shared_ptr.hpp:29,\n'}
[25.654515] (fast_lio) StderrLine: {'line': b'                 from /usr/include/boost/shared_ptr.hpp:17,\n'}
[25.654637] (fast_lio) StderrLine: {'line': b'                 from /usr/include/boost/date_time/microsec_time_clock.hpp:18,\n'}
[25.654756] (fast_lio) StderrLine: {'line': b'                 from /usr/include/boost/interprocess/detail/posix_time_types_wrk.hpp:31,\n'}
[25.654874] (fast_lio) StderrLine: {'line': b'                 from /usr/include/boost/interprocess/detail/os_thread_functions.hpp:36,\n'}
[25.654995] (fast_lio) StderrLine: {'line': b'                 from /usr/include/boost/interprocess/sync/file_lock.hpp:26,\n'}
[25.655113] (fast_lio) StderrLine: {'line': b'                 from /usr/include/pcl-1.12/pcl/io/pcd_io.h:46,\n'}
[25.655229] (fast_lio) StderrLine: {'line': b'                 from /opt/ros/humble/include/pcl_conversions/pcl_conversions/pcl_conversions.h:73,\n'}
[25.655347] (fast_lio) StderrLine: {'line': b'                 from /home/seeed/ros2/ws/src/slam/fast_lio/src/IMU_Processing.hpp:18,\n'}
[25.655518] (fast_lio) StderrLine: {'line': b'                 from /home/seeed/ros2/ws/src/slam/fast_lio/src/laserMapping.cpp:47:\n'}
[25.655638] (fast_lio) StderrLine: {'line': b'/usr/include/boost/bind.hpp:36:1: note: \xe2\x80\x98#pragma message: The practice of declaring the Bind placeholders (_1, _2, ...) in the global namespace is deprecated. Please use <boost/bind/bind.hpp> + using namespace boost::placeholders, or define BOOST_BIND_GLOBAL_PLACEHOLDERS to retain the current behavior.\xe2\x80\x99\n'}
[25.655769] (fast_lio) StderrLine: {'line': b'   36 | BOOST_PRAGMA_MESSAGE(\n'}
[25.655928] (fast_lio) StderrLine: {'line': b'      | ^~~~~~~~~~~~~~~~~~~~\n'}
[25.689459] (-) TimerEvent: {}
[25.789808] (-) TimerEvent: {}
[25.890187] (-) TimerEvent: {}
[25.990570] (-) TimerEvent: {}
[26.090955] (-) TimerEvent: {}
[26.191353] (-) TimerEvent: {}
[26.291750] (-) TimerEvent: {}
[26.392187] (-) TimerEvent: {}
[26.492603] (-) TimerEvent: {}
[26.593011] (-) TimerEvent: {}
[26.693409] (-) TimerEvent: {}
[26.793812] (-) TimerEvent: {}
[26.894211] (-) TimerEvent: {}
[26.994611] (-) TimerEvent: {}
[27.095019] (-) TimerEvent: {}
[27.195423] (-) TimerEvent: {}
[27.295864] (-) TimerEvent: {}
[27.396246] (-) TimerEvent: {}
[27.496652] (-) TimerEvent: {}
[27.597060] (-) TimerEvent: {}
[27.697428] (-) TimerEvent: {}
[27.797738] (-) TimerEvent: {}
[27.898069] (-) TimerEvent: {}
[27.998463] (-) TimerEvent: {}
[28.098862] (-) TimerEvent: {}
[28.199254] (-) TimerEvent: {}
[28.299657] (-) TimerEvent: {}
[28.400078] (-) TimerEvent: {}
[28.500478] (-) TimerEvent: {}
[28.600887] (-) TimerEvent: {}
[28.701292] (-) TimerEvent: {}
[28.801709] (-) TimerEvent: {}
[28.902111] (-) TimerEvent: {}
[29.002508] (-) TimerEvent: {}
[29.102896] (-) TimerEvent: {}
[29.203286] (-) TimerEvent: {}
[29.303670] (-) TimerEvent: {}
[29.404087] (-) TimerEvent: {}
[29.504457] (-) TimerEvent: {}
[29.604851] (-) TimerEvent: {}
[29.705250] (-) TimerEvent: {}
[29.805648] (-) TimerEvent: {}
[29.906027] (-) TimerEvent: {}
[30.006358] (-) TimerEvent: {}
[30.106733] (-) TimerEvent: {}
[30.207121] (-) TimerEvent: {}
[30.307509] (-) TimerEvent: {}
[30.407933] (-) TimerEvent: {}
[30.508316] (-) TimerEvent: {}
[30.608719] (-) TimerEvent: {}
[30.709121] (-) TimerEvent: {}
[30.809522] (-) TimerEvent: {}
[30.909916] (-) TimerEvent: {}
[31.010299] (-) TimerEvent: {}
[31.110689] (-) TimerEvent: {}
[31.211077] (-) TimerEvent: {}
[31.311463] (-) TimerEvent: {}
[31.411882] (-) TimerEvent: {}
[31.512267] (-) TimerEvent: {}
[31.612676] (-) TimerEvent: {}
[31.713083] (-) TimerEvent: {}
[31.813486] (-) TimerEvent: {}
[31.913874] (-) TimerEvent: {}
[32.014268] (-) TimerEvent: {}
[32.114663] (-) TimerEvent: {}
[32.215053] (-) TimerEvent: {}
[32.315452] (-) TimerEvent: {}
[32.415871] (-) TimerEvent: {}
[32.516266] (-) TimerEvent: {}
[32.616674] (-) TimerEvent: {}
[32.717080] (-) TimerEvent: {}
[32.817482] (-) TimerEvent: {}
[32.917884] (-) TimerEvent: {}
[33.018267] (-) TimerEvent: {}
[33.118654] (-) TimerEvent: {}
[33.219047] (-) TimerEvent: {}
[33.319440] (-) TimerEvent: {}
[33.419864] (-) TimerEvent: {}
[33.520271] (-) TimerEvent: {}
[33.620677] (-) TimerEvent: {}
[33.721081] (-) TimerEvent: {}
[33.821476] (-) TimerEvent: {}
[33.921875] (-) TimerEvent: {}
[34.022273] (-) TimerEvent: {}
[34.122661] (-) TimerEvent: {}
[34.223054] (-) TimerEvent: {}
[34.323448] (-) TimerEvent: {}
[34.423861] (-) TimerEvent: {}
[34.524246] (-) TimerEvent: {}
[34.624649] (-) TimerEvent: {}
[34.725064] (-) TimerEvent: {}
[34.825462] (-) TimerEvent: {}
[34.925860] (-) TimerEvent: {}
[35.026267] (-) TimerEvent: {}
[35.126670] (-) TimerEvent: {}
[35.227069] (-) TimerEvent: {}
[35.327466] (-) TimerEvent: {}
[35.427887] (-) TimerEvent: {}
[35.528285] (-) TimerEvent: {}
[35.628864] (-) TimerEvent: {}
[35.729288] (-) TimerEvent: {}
[35.829977] (-) TimerEvent: {}
[35.930669] (-) TimerEvent: {}
[36.031102] (-) TimerEvent: {}
[36.131775] (-) TimerEvent: {}
[36.232220] (-) TimerEvent: {}
[36.332634] (-) TimerEvent: {}
[36.433023] (-) TimerEvent: {}
[36.533475] (-) TimerEvent: {}
[36.633874] (-) TimerEvent: {}
[36.734290] (-) TimerEvent: {}
[36.834706] (-) TimerEvent: {}
[36.935108] (-) TimerEvent: {}
[37.035508] (-) TimerEvent: {}
[37.135946] (-) TimerEvent: {}
[37.236361] (-) TimerEvent: {}
[37.336762] (-) TimerEvent: {}
[37.437114] (-) TimerEvent: {}
[37.537422] (-) TimerEvent: {}
[37.637744] (-) TimerEvent: {}
[37.738116] (-) TimerEvent: {}
[37.838466] (-) TimerEvent: {}
[37.938741] (-) TimerEvent: {}
[38.039057] (-) TimerEvent: {}
[38.139396] (-) TimerEvent: {}
[38.239668] (-) TimerEvent: {}
[38.339954] (-) TimerEvent: {}
[38.440283] (-) TimerEvent: {}
[38.540597] (-) TimerEvent: {}
[38.640860] (-) TimerEvent: {}
[38.741195] (-) TimerEvent: {}
[38.841567] (-) TimerEvent: {}
[38.941862] (-) TimerEvent: {}
[39.042124] (-) TimerEvent: {}
[39.142419] (-) TimerEvent: {}
[39.242722] (-) TimerEvent: {}
[39.343009] (-) TimerEvent: {}
[39.443279] (-) TimerEvent: {}
[39.490899] (fast_lio) StderrLine: {'line': b'In file included from /home/seeed/ros2/ws/src/slam/fast_lio/include/IKFoM_toolkit/esekfom/../mtk/types/SOn.hpp:83,\n'}
[39.491298] (fast_lio) StderrLine: {'line': b'                 from /home/seeed/ros2/ws/src/slam/fast_lio/include/IKFoM_toolkit/esekfom/esekfom.hpp:49,\n'}
[39.491511] (fast_lio) StderrLine: {'line': b'                 from /home/seeed/ros2/ws/src/slam/fast_lio/include/use-ikfom.hpp:4,\n'}
[39.491655] (fast_lio) StderrLine: {'line': b'                 from /home/seeed/ros2/ws/src/slam/fast_lio/src/IMU_Processing.hpp:22,\n'}
[39.491790] (fast_lio) StderrLine: {'line': b'                 from /home/seeed/ros2/ws/src/slam/fast_lio/src/laserMapping.cpp:47:\n'}
[39.491959] (fast_lio) StderrLine: {'line': b'/home/seeed/ros2/ws/src/slam/fast_lio/include/IKFoM_toolkit/esekfom/../mtk/types/../src/mtkmath.hpp: In instantiation of \xe2\x80\x98std::pair<_FIter, _FIter> MTK::cos_sinc_sqrt(const scalar&) [with scalar = double]\xe2\x80\x99:\n'}
[39.492101] (fast_lio) StderrLine: {'line': b'/home/seeed/ros2/ws/src/slam/fast_lio/include/IKFoM_toolkit/esekfom/../mtk/types/../src/mtkmath.hpp:252:52:   required from \xe2\x80\x98scalar MTK::exp(MTK::vectview<scalar, dim>, MTK::vectview<const scalar, dim>, const scalar&) [with scalar = double; int n = 3]\xe2\x80\x99\n'}
[39.492235] (fast_lio) StderrLine: {'line': b'/home/seeed/ros2/ws/src/slam/fast_lio/include/IKFoM_toolkit/esekfom/../mtk/types/S2.hpp:140:32:   required from \xe2\x80\x98void MTK::S2<_scalar, den, num, S2_typ>::boxplus(MTK::vectview<const _scalar, 2>, MTK::S2<_scalar, den, num, S2_typ>::scalar) [with _scalar = double; int den = 98090; int num = 10000; int S2_typ = 1; MTK::S2<_scalar, den, num, S2_typ>::scalar = double]\xe2\x80\x99\n'}
[39.492396] (fast_lio) StderrLine: {'line': b'/home/seeed/ros2/ws/src/slam/fast_lio/include/use-ikfom.hpp:12:1:   required from here\n'}
[39.492520] (fast_lio) StderrLine: {'line': b'/home/seeed/ros2/ws/src/slam/fast_lio/include/IKFoM_toolkit/esekfom/../mtk/types/../src/mtkmath.hpp:143:27: note: parameter passing for argument of type \xe2\x80\x98std::pair<double, double>\xe2\x80\x99 when C++17 is enabled changed to match C++14 in GCC 10.1\n'}
[39.492660] (fast_lio) StderrLine: {'line': b'  143 | std::pair<scalar, scalar> cos_sinc_sqrt(const scalar &x2){\n'}
[39.492783] (fast_lio) StderrLine: {'line': b'      |                           ^~~~~~~~~~~~~\n'}
[39.543414] (-) TimerEvent: {}
[39.643693] (-) TimerEvent: {}
[39.744046] (-) TimerEvent: {}
[39.844396] (-) TimerEvent: {}
[39.944672] (-) TimerEvent: {}
[40.044989] (-) TimerEvent: {}
[40.145319] (-) TimerEvent: {}
[40.245591] (-) TimerEvent: {}
[40.345848] (-) TimerEvent: {}
[40.446147] (-) TimerEvent: {}
[40.546435] (-) TimerEvent: {}
[40.646689] (-) TimerEvent: {}
[40.747001] (-) TimerEvent: {}
[40.847391] (-) TimerEvent: {}
[40.947777] (-) TimerEvent: {}
[41.048188] (-) TimerEvent: {}
[41.148561] (-) TimerEvent: {}
[41.248916] (-) TimerEvent: {}
[41.349283] (-) TimerEvent: {}
[41.449671] (-) TimerEvent: {}
[41.550052] (-) TimerEvent: {}
[41.650437] (-) TimerEvent: {}
[41.750832] (-) TimerEvent: {}
[41.851294] (-) TimerEvent: {}
[41.951692] (-) TimerEvent: {}
[42.052112] (-) TimerEvent: {}
[42.152503] (-) TimerEvent: {}
[42.252896] (-) TimerEvent: {}
[42.353283] (-) TimerEvent: {}
[42.453666] (-) TimerEvent: {}
[42.554055] (-) TimerEvent: {}
[42.654462] (-) TimerEvent: {}
[42.754854] (-) TimerEvent: {}
[42.855264] (-) TimerEvent: {}
[42.955675] (-) TimerEvent: {}
[43.056105] (-) TimerEvent: {}
[43.156487] (-) TimerEvent: {}
[43.256871] (-) TimerEvent: {}
[43.357264] (-) TimerEvent: {}
[43.457649] (-) TimerEvent: {}
[43.558085] (-) TimerEvent: {}
[43.658470] (-) TimerEvent: {}
[43.758867] (-) TimerEvent: {}
[43.859277] (-) TimerEvent: {}
[43.959673] (-) TimerEvent: {}
[44.060088] (-) TimerEvent: {}
[44.160474] (-) TimerEvent: {}
[44.260869] (-) TimerEvent: {}
[44.361262] (-) TimerEvent: {}
[44.461659] (-) TimerEvent: {}
[44.562053] (-) TimerEvent: {}
[44.662443] (-) TimerEvent: {}
[44.762831] (-) TimerEvent: {}
[44.863231] (-) TimerEvent: {}
[44.963618] (-) TimerEvent: {}
[45.064018] (-) TimerEvent: {}
[45.164381] (-) TimerEvent: {}
[45.264751] (-) TimerEvent: {}
[45.365109] (-) TimerEvent: {}
[45.465479] (-) TimerEvent: {}
[45.565852] (-) TimerEvent: {}
[45.666252] (-) TimerEvent: {}
[45.766650] (-) TimerEvent: {}
[45.867069] (-) TimerEvent: {}
[45.967475] (-) TimerEvent: {}
[46.067908] (-) TimerEvent: {}
[46.168306] (-) TimerEvent: {}
[46.268698] (-) TimerEvent: {}
[46.369085] (-) TimerEvent: {}
[46.469472] (-) TimerEvent: {}
[46.569863] (-) TimerEvent: {}
[46.670252] (-) TimerEvent: {}
[46.770644] (-) TimerEvent: {}
[46.871034] (-) TimerEvent: {}
[46.971434] (-) TimerEvent: {}
[47.071852] (-) TimerEvent: {}
[47.172203] (-) TimerEvent: {}
[47.272529] (-) TimerEvent: {}
[47.372889] (-) TimerEvent: {}
[47.473252] (-) TimerEvent: {}
[47.573623] (-) TimerEvent: {}
[47.674030] (-) TimerEvent: {}
[47.774711] (-) TimerEvent: {}
[47.875156] (-) TimerEvent: {}
[47.975579] (-) TimerEvent: {}
[48.076252] (-) TimerEvent: {}
[48.176687] (-) TimerEvent: {}
[48.277082] (-) TimerEvent: {}
[48.377431] (-) TimerEvent: {}
[48.477752] (-) TimerEvent: {}
[48.578442] (-) TimerEvent: {}
[48.678808] (-) TimerEvent: {}
[48.779175] (-) TimerEvent: {}
[48.879530] (-) TimerEvent: {}
[48.979928] (-) TimerEvent: {}
[49.080347] (-) TimerEvent: {}
[49.180779] (-) TimerEvent: {}
[49.281191] (-) TimerEvent: {}
[49.381571] (-) TimerEvent: {}
[49.481990] (-) TimerEvent: {}
[49.582394] (-) TimerEvent: {}
[49.682761] (-) TimerEvent: {}
[49.783134] (-) TimerEvent: {}
[49.883502] (-) TimerEvent: {}
[49.983909] (-) TimerEvent: {}
[50.084355] (-) TimerEvent: {}
[50.184797] (-) TimerEvent: {}
[50.285246] (-) TimerEvent: {}
[50.385699] (-) TimerEvent: {}
[50.486393] (-) TimerEvent: {}
[50.586836] (-) TimerEvent: {}
[50.687254] (-) TimerEvent: {}
[50.787637] (-) TimerEvent: {}
[50.888025] (-) TimerEvent: {}
[50.988405] (-) TimerEvent: {}
[51.088786] (-) TimerEvent: {}
[51.189125] (-) TimerEvent: {}
[51.289456] (-) TimerEvent: {}
[51.389815] (-) TimerEvent: {}
[51.490147] (-) TimerEvent: {}
[51.590468] (-) TimerEvent: {}
[51.690873] (-) TimerEvent: {}
[51.791564] (-) TimerEvent: {}
[51.891957] (-) TimerEvent: {}
[51.992608] (-) TimerEvent: {}
[52.093039] (-) TimerEvent: {}
[52.193403] (-) TimerEvent: {}
[52.293735] (-) TimerEvent: {}
[52.394094] (-) TimerEvent: {}
[52.494421] (-) TimerEvent: {}
[52.594739] (-) TimerEvent: {}
[52.695105] (-) TimerEvent: {}
[52.795765] (-) TimerEvent: {}
[52.896167] (-) TimerEvent: {}
[52.996551] (-) TimerEvent: {}
[53.096982] (-) TimerEvent: {}
[53.197667] (-) TimerEvent: {}
[53.298360] (-) TimerEvent: {}
[53.399056] (-) TimerEvent: {}
[53.499747] (-) TimerEvent: {}
[53.600489] (-) TimerEvent: {}
[53.700897] (-) TimerEvent: {}
[53.801559] (-) TimerEvent: {}
[53.901955] (-) TimerEvent: {}
[54.002369] (-) TimerEvent: {}
[54.102799] (-) TimerEvent: {}
[54.203227] (-) TimerEvent: {}
[54.303641] (-) TimerEvent: {}
[54.404060] (-) TimerEvent: {}
[54.504456] (-) TimerEvent: {}
[54.604874] (-) TimerEvent: {}
[54.705265] (-) TimerEvent: {}
[54.805656] (-) TimerEvent: {}
[54.906040] (-) TimerEvent: {}
[55.006417] (-) TimerEvent: {}
[55.106870] (-) TimerEvent: {}
[55.207246] (-) TimerEvent: {}
[55.307898] (-) TimerEvent: {}
[55.408323] (-) TimerEvent: {}
[55.508742] (-) TimerEvent: {}
[55.609146] (-) TimerEvent: {}
[55.709540] (-) TimerEvent: {}
[55.809938] (-) TimerEvent: {}
[55.910330] (-) TimerEvent: {}
[56.010727] (-) TimerEvent: {}
[56.111122] (-) TimerEvent: {}
[56.211523] (-) TimerEvent: {}
[56.311940] (-) TimerEvent: {}
[56.412337] (-) TimerEvent: {}
[56.512740] (-) TimerEvent: {}
[56.613133] (-) TimerEvent: {}
[56.713531] (-) TimerEvent: {}
[56.813933] (-) TimerEvent: {}
[56.914337] (-) TimerEvent: {}
[57.014756] (-) TimerEvent: {}
[57.115200] (-) TimerEvent: {}
[57.215634] (-) TimerEvent: {}
[57.316061] (-) TimerEvent: {}
[57.416467] (-) TimerEvent: {}
[57.516864] (-) TimerEvent: {}
[57.617280] (-) TimerEvent: {}
[57.717688] (-) TimerEvent: {}
[57.818075] (-) TimerEvent: {}
[57.918488] (-) TimerEvent: {}
[58.018886] (-) TimerEvent: {}
[58.119270] (-) TimerEvent: {}
[58.219667] (-) TimerEvent: {}
[58.320080] (-) TimerEvent: {}
[58.420447] (-) TimerEvent: {}
[58.520766] (-) TimerEvent: {}
[58.621160] (-) TimerEvent: {}
[58.721534] (-) TimerEvent: {}
[58.821918] (-) TimerEvent: {}
[58.922313] (-) TimerEvent: {}
[59.022698] (-) TimerEvent: {}
[59.123356] (-) TimerEvent: {}
[59.223787] (-) TimerEvent: {}
[59.324242] (-) TimerEvent: {}
[59.424647] (-) TimerEvent: {}
[59.525056] (-) TimerEvent: {}
[59.625721] (-) TimerEvent: {}
[59.726175] (-) TimerEvent: {}
[59.826605] (-) TimerEvent: {}
[59.927016] (-) TimerEvent: {}
[60.027415] (-) TimerEvent: {}
[60.127846] (-) TimerEvent: {}
[60.228262] (-) TimerEvent: {}
[60.328673] (-) TimerEvent: {}
[60.429071] (-) TimerEvent: {}
[60.529466] (-) TimerEvent: {}
[60.629857] (-) TimerEvent: {}
[60.730251] (-) TimerEvent: {}
[60.830641] (-) TimerEvent: {}
[60.931044] (-) TimerEvent: {}
[61.031441] (-) TimerEvent: {}
[61.131862] (-) TimerEvent: {}
[61.232259] (-) TimerEvent: {}
[61.332654] (-) TimerEvent: {}
[61.433046] (-) TimerEvent: {}
[61.533435] (-) TimerEvent: {}
[61.633822] (-) TimerEvent: {}
[61.734211] (-) TimerEvent: {}
[61.834596] (-) TimerEvent: {}
[61.934984] (-) TimerEvent: {}
[62.035385] (-) TimerEvent: {}
[62.135782] (-) TimerEvent: {}
[62.236211] (-) TimerEvent: {}
[62.336623] (-) TimerEvent: {}
[62.437031] (-) TimerEvent: {}
[62.537433] (-) TimerEvent: {}
[62.637826] (-) TimerEvent: {}
[62.738219] (-) TimerEvent: {}
[62.838607] (-) TimerEvent: {}
[62.939000] (-) TimerEvent: {}
[63.039392] (-) TimerEvent: {}
[63.139787] (-) TimerEvent: {}
[63.240209] (-) TimerEvent: {}
[63.340619] (-) TimerEvent: {}
[63.440987] (-) TimerEvent: {}
[63.541313] (-) TimerEvent: {}
[63.641662] (-) TimerEvent: {}
[63.742024] (-) TimerEvent: {}
[63.842429] (-) TimerEvent: {}
[63.942829] (-) TimerEvent: {}
[64.043243] (-) TimerEvent: {}
[64.143602] (-) TimerEvent: {}
[64.243896] (-) TimerEvent: {}
[64.344244] (-) TimerEvent: {}
[64.444641] (-) TimerEvent: {}
[64.545036] (-) TimerEvent: {}
[64.645410] (-) TimerEvent: {}
[64.745790] (-) TimerEvent: {}
[64.846190] (-) TimerEvent: {}
[64.946585] (-) TimerEvent: {}
[65.046978] (-) TimerEvent: {}
[65.147323] (-) TimerEvent: {}
[65.247655] (-) TimerEvent: {}
[65.348080] (-) TimerEvent: {}
[65.448465] (-) TimerEvent: {}
[65.548829] (-) TimerEvent: {}
[65.649188] (-) TimerEvent: {}
[65.749556] (-) TimerEvent: {}
[65.849929] (-) TimerEvent: {}
[65.950297] (-) TimerEvent: {}
[66.050683] (-) TimerEvent: {}
[66.151073] (-) TimerEvent: {}
[66.251448] (-) TimerEvent: {}
[66.351858] (-) TimerEvent: {}
[66.452242] (-) TimerEvent: {}
[66.552634] (-) TimerEvent: {}
[66.653030] (-) TimerEvent: {}
[66.753427] (-) TimerEvent: {}
[66.853817] (-) TimerEvent: {}
[66.954206] (-) TimerEvent: {}
[67.054595] (-) TimerEvent: {}
[67.154990] (-) TimerEvent: {}
[67.255376] (-) TimerEvent: {}
[67.355761] (-) TimerEvent: {}
[67.456189] (-) TimerEvent: {}
[67.556585] (-) TimerEvent: {}
[67.656977] (-) TimerEvent: {}
[67.757395] (-) TimerEvent: {}
[67.858074] (-) TimerEvent: {}
[67.958754] (-) TimerEvent: {}
[68.059170] (-) TimerEvent: {}
[68.159568] (-) TimerEvent: {}
[68.259955] (-) TimerEvent: {}
[68.360389] (-) TimerEvent: {}
[68.460788] (-) TimerEvent: {}
[68.561192] (-) TimerEvent: {}
[68.661590] (-) TimerEvent: {}
[68.761986] (-) TimerEvent: {}
[68.862371] (-) TimerEvent: {}
[68.962766] (-) TimerEvent: {}
[69.063158] (-) TimerEvent: {}
[69.163547] (-) TimerEvent: {}
[69.263951] (-) TimerEvent: {}
[69.364339] (-) TimerEvent: {}
[69.464743] (-) TimerEvent: {}
[69.565096] (-) TimerEvent: {}
[69.665713] (-) TimerEvent: {}
[69.766156] (-) TimerEvent: {}
[69.866832] (-) TimerEvent: {}
[69.967287] (-) TimerEvent: {}
[70.067710] (-) TimerEvent: {}
[70.168163] (-) TimerEvent: {}
[70.268594] (-) TimerEvent: {}
[70.369022] (-) TimerEvent: {}
[70.469437] (-) TimerEvent: {}
[70.570113] (-) TimerEvent: {}
[70.670545] (-) TimerEvent: {}
[70.770953] (-) TimerEvent: {}
[70.871363] (-) TimerEvent: {}
[70.971804] (-) TimerEvent: {}
[71.072261] (-) TimerEvent: {}
[71.172947] (-) TimerEvent: {}
[71.273395] (-) TimerEvent: {}
[71.373842] (-) TimerEvent: {}
[71.474266] (-) TimerEvent: {}
[71.574942] (-) TimerEvent: {}
[71.675630] (-) TimerEvent: {}
[71.776340] (-) TimerEvent: {}
[71.877026] (-) TimerEvent: {}
[71.977462] (-) TimerEvent: {}
[72.077885] (-) TimerEvent: {}
[72.178295] (-) TimerEvent: {}
[72.278693] (-) TimerEvent: {}
[72.379084] (-) TimerEvent: {}
[72.479476] (-) TimerEvent: {}
[72.579900] (-) TimerEvent: {}
[72.680304] (-) TimerEvent: {}
[72.780699] (-) TimerEvent: {}
[72.881085] (-) TimerEvent: {}
[72.981467] (-) TimerEvent: {}
[73.081856] (-) TimerEvent: {}
[73.182243] (-) TimerEvent: {}
[73.282620] (-) TimerEvent: {}
[73.383002] (-) TimerEvent: {}
[73.483379] (-) TimerEvent: {}
[73.583773] (-) TimerEvent: {}
[73.684180] (-) TimerEvent: {}
[73.784607] (-) TimerEvent: {}
[73.884993] (-) TimerEvent: {}
[73.985400] (-) TimerEvent: {}
[74.085812] (-) TimerEvent: {}
[74.186234] (-) TimerEvent: {}
[74.286642] (-) TimerEvent: {}
[74.387027] (-) TimerEvent: {}
[74.487399] (-) TimerEvent: {}
[74.587795] (-) TimerEvent: {}
[74.688204] (-) TimerEvent: {}
[74.788593] (-) TimerEvent: {}
[74.888976] (-) TimerEvent: {}
[74.989363] (-) TimerEvent: {}
[75.089764] (-) TimerEvent: {}
[75.190154] (-) TimerEvent: {}
[75.290537] (-) TimerEvent: {}
[75.390926] (-) TimerEvent: {}
[75.491309] (-) TimerEvent: {}
[75.591718] (-) TimerEvent: {}
[75.692154] (-) TimerEvent: {}
[75.792559] (-) TimerEvent: {}
[75.892941] (-) TimerEvent: {}
[75.993337] (-) TimerEvent: {}
[76.093740] (-) TimerEvent: {}
[76.194133] (-) TimerEvent: {}
[76.294525] (-) TimerEvent: {}
[76.394914] (-) TimerEvent: {}
[76.495288] (-) TimerEvent: {}
[76.595702] (-) TimerEvent: {}
[76.696111] (-) TimerEvent: {}
[76.796532] (-) TimerEvent: {}
[76.896972] (-) TimerEvent: {}
[76.997395] (-) TimerEvent: {}
[77.097820] (-) TimerEvent: {}
[77.198229] (-) TimerEvent: {}
[77.298621] (-) TimerEvent: {}
[77.399017] (-) TimerEvent: {}
[77.499409] (-) TimerEvent: {}
[77.599795] (-) TimerEvent: {}
[77.700216] (-) TimerEvent: {}
[77.800610] (-) TimerEvent: {}
[77.900989] (-) TimerEvent: {}
[78.001372] (-) TimerEvent: {}
[78.101760] (-) TimerEvent: {}
[78.202132] (-) TimerEvent: {}
[78.302515] (-) TimerEvent: {}
[78.402924] (-) TimerEvent: {}
[78.503331] (-) TimerEvent: {}
[78.603730] (-) TimerEvent: {}
[78.704151] (-) TimerEvent: {}
[78.804593] (-) TimerEvent: {}
[78.904992] (-) TimerEvent: {}
[79.005377] (-) TimerEvent: {}
[79.105765] (-) TimerEvent: {}
[79.206160] (-) TimerEvent: {}
[79.306560] (-) TimerEvent: {}
[79.406952] (-) TimerEvent: {}
[79.507345] (-) TimerEvent: {}
[79.607711] (-) TimerEvent: {}
[79.708123] (-) TimerEvent: {}
[79.808534] (-) TimerEvent: {}
[79.908937] (-) TimerEvent: {}
[80.009333] (-) TimerEvent: {}
[80.109732] (-) TimerEvent: {}
[80.210119] (-) TimerEvent: {}
[80.310504] (-) TimerEvent: {}
[80.410893] (-) TimerEvent: {}
[80.511274] (-) TimerEvent: {}
[80.611660] (-) TimerEvent: {}
[80.712070] (-) TimerEvent: {}
[80.812455] (-) TimerEvent: {}
[80.912840] (-) TimerEvent: {}
[81.013226] (-) TimerEvent: {}
[81.113615] (-) TimerEvent: {}
[81.214012] (-) TimerEvent: {}
[81.314399] (-) TimerEvent: {}
[81.414801] (-) TimerEvent: {}
[81.515218] (-) TimerEvent: {}
[81.615605] (-) TimerEvent: {}
[81.716060] (-) TimerEvent: {}
[81.816437] (-) TimerEvent: {}
[81.916817] (-) TimerEvent: {}
[82.017194] (-) TimerEvent: {}
[82.117571] (-) TimerEvent: {}
[82.217982] (-) TimerEvent: {}
[82.318383] (-) TimerEvent: {}
[82.418797] (-) TimerEvent: {}
[82.519208] (-) TimerEvent: {}
[82.619597] (-) TimerEvent: {}
[82.719978] (-) TimerEvent: {}
[82.820375] (-) TimerEvent: {}
[82.920802] (-) TimerEvent: {}
[83.021216] (-) TimerEvent: {}
[83.121659] (-) TimerEvent: {}
[83.222090] (-) TimerEvent: {}
[83.322748] (-) TimerEvent: {}
[83.423173] (-) TimerEvent: {}
[83.523578] (-) TimerEvent: {}
[83.623950] (-) TimerEvent: {}
[83.724313] (-) TimerEvent: {}
[83.824727] (-) TimerEvent: {}
[83.925122] (-) TimerEvent: {}
[84.025495] (-) TimerEvent: {}
[84.125882] (-) TimerEvent: {}
[84.226256] (-) TimerEvent: {}
[84.326640] (-) TimerEvent: {}
[84.427032] (-) TimerEvent: {}
[84.527433] (-) TimerEvent: {}
[84.627864] (-) TimerEvent: {}
[84.728252] (-) TimerEvent: {}
[84.828647] (-) TimerEvent: {}
[84.928990] (-) TimerEvent: {}
[85.029327] (-) TimerEvent: {}
[85.129655] (-) TimerEvent: {}
[85.229959] (-) TimerEvent: {}
[85.330259] (-) TimerEvent: {}
[85.430534] (-) TimerEvent: {}
[85.530796] (-) TimerEvent: {}
[85.631042] (-) TimerEvent: {}
[85.731273] (-) TimerEvent: {}
[85.831593] (-) TimerEvent: {}
[85.932253] (-) TimerEvent: {}
[86.032932] (-) TimerEvent: {}
[86.133362] (-) TimerEvent: {}
[86.233799] (-) TimerEvent: {}
[86.334483] (-) TimerEvent: {}
[86.434918] (-) TimerEvent: {}
[86.535274] (-) TimerEvent: {}
[86.635553] (-) TimerEvent: {}
[86.735862] (-) TimerEvent: {}
[86.836240] (-) TimerEvent: {}
[86.936666] (-) TimerEvent: {}
[87.037019] (-) TimerEvent: {}
[87.137394] (-) TimerEvent: {}
[87.237819] (-) TimerEvent: {}
[87.338226] (-) TimerEvent: {}
[87.438622] (-) TimerEvent: {}
[87.538953] (-) TimerEvent: {}
[87.639304] (-) TimerEvent: {}
[87.739731] (-) TimerEvent: {}
[87.840425] (-) TimerEvent: {}
[87.940851] (-) TimerEvent: {}
[88.041271] (-) TimerEvent: {}
[88.141671] (-) TimerEvent: {}
[88.242325] (-) TimerEvent: {}
[88.343005] (-) TimerEvent: {}
[88.443676] (-) TimerEvent: {}
[88.544112] (-) TimerEvent: {}
[88.644506] (-) TimerEvent: {}
[88.744891] (-) TimerEvent: {}
[88.845273] (-) TimerEvent: {}
[88.945693] (-) TimerEvent: {}
[89.046087] (-) TimerEvent: {}
[89.146499] (-) TimerEvent: {}
[89.246924] (-) TimerEvent: {}
[89.347340] (-) TimerEvent: {}
[89.447751] (-) TimerEvent: {}
[89.548166] (-) TimerEvent: {}
[89.648581] (-) TimerEvent: {}
[89.748984] (-) TimerEvent: {}
[89.849400] (-) TimerEvent: {}
[89.949816] (-) TimerEvent: {}
[90.050197] (-) TimerEvent: {}
[90.150587] (-) TimerEvent: {}
[90.250969] (-) TimerEvent: {}
[90.351343] (-) TimerEvent: {}
[90.451756] (-) TimerEvent: {}
[90.552178] (-) TimerEvent: {}
[90.652568] (-) TimerEvent: {}
[90.752955] (-) TimerEvent: {}
[90.853338] (-) TimerEvent: {}
[90.953723] (-) TimerEvent: {}
[91.054113] (-) TimerEvent: {}
[91.154499] (-) TimerEvent: {}
[91.254886] (-) TimerEvent: {}
[91.355264] (-) TimerEvent: {}
[91.455640] (-) TimerEvent: {}
[91.556035] (-) TimerEvent: {}
[91.656421] (-) TimerEvent: {}
[91.756812] (-) TimerEvent: {}
[91.857196] (-) TimerEvent: {}
[91.957584] (-) TimerEvent: {}
[92.057971] (-) TimerEvent: {}
[92.158350] (-) TimerEvent: {}
[92.258732] (-) TimerEvent: {}
[92.359098] (-) TimerEvent: {}
[92.459465] (-) TimerEvent: {}
[92.559865] (-) TimerEvent: {}
[92.660240] (-) TimerEvent: {}
[92.760625] (-) TimerEvent: {}
[92.860998] (-) TimerEvent: {}
[92.961400] (-) TimerEvent: {}
[93.061819] (-) TimerEvent: {}
[93.162217] (-) TimerEvent: {}
[93.262607] (-) TimerEvent: {}
[93.362988] (-) TimerEvent: {}
[93.463366] (-) TimerEvent: {}
[93.563770] (-) TimerEvent: {}
[93.664215] (-) TimerEvent: {}
[93.764613] (-) TimerEvent: {}
[93.865009] (-) TimerEvent: {}
[93.965428] (-) TimerEvent: {}
[94.065810] (-) TimerEvent: {}
[94.166203] (-) TimerEvent: {}
[94.266587] (-) TimerEvent: {}
[94.366972] (-) TimerEvent: {}
[94.467355] (-) TimerEvent: {}
[94.567749] (-) TimerEvent: {}
[94.668164] (-) TimerEvent: {}
[94.768544] (-) TimerEvent: {}
[94.868927] (-) TimerEvent: {}
[94.969364] (-) TimerEvent: {}
[95.069764] (-) TimerEvent: {}
[95.170154] (-) TimerEvent: {}
[95.270531] (-) TimerEvent: {}
[95.370876] (-) TimerEvent: {}
[95.471174] (-) TimerEvent: {}
[95.571520] (-) TimerEvent: {}
[95.671944] (-) TimerEvent: {}
[95.772343] (-) TimerEvent: {}
[95.872728] (-) TimerEvent: {}
[95.973117] (-) TimerEvent: {}
[96.073513] (-) TimerEvent: {}
[96.173910] (-) TimerEvent: {}
[96.274293] (-) TimerEvent: {}
[96.374693] (-) TimerEvent: {}
[96.475080] (-) TimerEvent: {}
[96.575450] (-) TimerEvent: {}
[96.675860] (-) TimerEvent: {}
[96.776244] (-) TimerEvent: {}
[96.876621] (-) TimerEvent: {}
[96.976992] (-) TimerEvent: {}
[97.077387] (-) TimerEvent: {}
[97.177778] (-) TimerEvent: {}
[97.278166] (-) TimerEvent: {}
[97.378550] (-) TimerEvent: {}
[97.479185] (-) TimerEvent: {}
[97.579607] (-) TimerEvent: {}
[97.680021] (-) TimerEvent: {}
[97.780424] (-) TimerEvent: {}
[97.880844] (-) TimerEvent: {}
[97.981339] (-) TimerEvent: {}
[98.081824] (-) TimerEvent: {}
[98.182300] (-) TimerEvent: {}
[98.282707] (-) TimerEvent: {}
[98.383154] (-) TimerEvent: {}
[98.483522] (-) TimerEvent: {}
[98.583943] (-) TimerEvent: {}
[98.684303] (-) TimerEvent: {}
[98.784724] (-) TimerEvent: {}
[98.885184] (-) TimerEvent: {}
[98.985721] (-) TimerEvent: {}
[99.086142] (-) TimerEvent: {}
[99.186548] (-) TimerEvent: {}
[99.286923] (-) TimerEvent: {}
[99.387393] (-) TimerEvent: {}
[99.487841] (-) TimerEvent: {}
[99.588235] (-) TimerEvent: {}
[99.688628] (-) TimerEvent: {}
[99.789064] (-) TimerEvent: {}
[99.889490] (-) TimerEvent: {}
[99.989935] (-) TimerEvent: {}
[100.090328] (-) TimerEvent: {}
[100.190772] (-) TimerEvent: {}
[100.291194] (-) TimerEvent: {}
[100.391583] (-) TimerEvent: {}
[100.492064] (-) TimerEvent: {}
[100.592453] (-) TimerEvent: {}
[100.692929] (-) TimerEvent: {}
[100.793383] (-) TimerEvent: {}
[100.893769] (-) TimerEvent: {}
[100.994157] (-) TimerEvent: {}
[101.094601] (-) TimerEvent: {}
[101.195062] (-) TimerEvent: {}
[101.295479] (-) TimerEvent: {}
[101.395928] (-) TimerEvent: {}
[101.496315] (-) TimerEvent: {}
[101.596702] (-) TimerEvent: {}
[101.697128] (-) TimerEvent: {}
[101.797536] (-) TimerEvent: {}
[101.898022] (-) TimerEvent: {}
[101.998413] (-) TimerEvent: {}
[102.098819] (-) TimerEvent: {}
[102.199216] (-) TimerEvent: {}
[102.299571] (-) TimerEvent: {}
[102.399977] (-) TimerEvent: {}
[102.500358] (-) TimerEvent: {}
[102.600740] (-) TimerEvent: {}
[102.701124] (-) TimerEvent: {}
[102.801549] (-) TimerEvent: {}
[102.901961] (-) TimerEvent: {}
[103.002310] (-) TimerEvent: {}
[103.102707] (-) TimerEvent: {}
[103.203173] (-) TimerEvent: {}
[103.303650] (-) TimerEvent: {}
[103.404055] (-) TimerEvent: {}
[103.504409] (-) TimerEvent: {}
[103.604760] (-) TimerEvent: {}
[103.705113] (-) TimerEvent: {}
[103.805451] (-) TimerEvent: {}
[103.905881] (-) TimerEvent: {}
[104.006264] (-) TimerEvent: {}
[104.106675] (-) TimerEvent: {}
[104.207145] (-) TimerEvent: {}
[104.307584] (-) TimerEvent: {}
[104.408048] (-) TimerEvent: {}
[104.508401] (-) TimerEvent: {}
[104.608833] (-) TimerEvent: {}
[104.709271] (-) TimerEvent: {}
[104.809703] (-) TimerEvent: {}
[104.910124] (-) TimerEvent: {}
[105.010493] (-) TimerEvent: {}
[105.110904] (-) TimerEvent: {}
[105.211384] (-) TimerEvent: {}
[105.311854] (-) TimerEvent: {}
[105.412251] (-) TimerEvent: {}
[105.512688] (-) TimerEvent: {}
[105.613090] (-) TimerEvent: {}
[105.713492] (-) TimerEvent: {}
[105.813949] (-) TimerEvent: {}
[105.914353] (-) TimerEvent: {}
[106.014772] (-) TimerEvent: {}
[106.115248] (-) TimerEvent: {}
[106.215643] (-) TimerEvent: {}
[106.316064] (-) TimerEvent: {}
[106.416435] (-) TimerEvent: {}
[106.516836] (-) TimerEvent: {}
[106.617235] (-) TimerEvent: {}
[106.717719] (-) TimerEvent: {}
[106.818129] (-) TimerEvent: {}
[106.918526] (-) TimerEvent: {}
[107.018993] (-) TimerEvent: {}
[107.119465] (-) TimerEvent: {}
[107.219883] (-) TimerEvent: {}
[107.320277] (-) TimerEvent: {}
[107.420672] (-) TimerEvent: {}
[107.521182] (-) TimerEvent: {}
[107.621541] (-) TimerEvent: {}
[107.721941] (-) TimerEvent: {}
[107.822323] (-) TimerEvent: {}
[107.922807] (-) TimerEvent: {}
[108.023285] (-) TimerEvent: {}
[108.123651] (-) TimerEvent: {}
[108.224025] (-) TimerEvent: {}
[108.324418] (-) TimerEvent: {}
[108.424863] (-) TimerEvent: {}
[108.525334] (-) TimerEvent: {}
[108.625720] (-) TimerEvent: {}
[108.726086] (-) TimerEvent: {}
[108.826494] (-) TimerEvent: {}
[108.926862] (-) TimerEvent: {}
[109.027308] (-) TimerEvent: {}
[109.127783] (-) TimerEvent: {}
[109.228155] (-) TimerEvent: {}
[109.328513] (-) TimerEvent: {}
[109.428869] (-) TimerEvent: {}
[109.529348] (-) TimerEvent: {}
[109.629730] (-) TimerEvent: {}
[109.730060] (-) TimerEvent: {}
[109.830429] (-) TimerEvent: {}
[109.930820] (-) TimerEvent: {}
[110.031253] (-) TimerEvent: {}
[110.131647] (-) TimerEvent: {}
[110.232083] (-) TimerEvent: {}
[110.332454] (-) TimerEvent: {}
[110.432855] (-) TimerEvent: {}
[110.533279] (-) TimerEvent: {}
[110.633665] (-) TimerEvent: {}
[110.734006] (-) TimerEvent: {}
[110.834393] (-) TimerEvent: {}
[110.934807] (-) TimerEvent: {}
[111.035202] (-) TimerEvent: {}
[111.135579] (-) TimerEvent: {}
[111.235947] (-) TimerEvent: {}
[111.336322] (-) TimerEvent: {}
[111.436700] (-) TimerEvent: {}
[111.537083] (-) TimerEvent: {}
[111.637466] (-) TimerEvent: {}
[111.737831] (-) TimerEvent: {}
[111.838198] (-) TimerEvent: {}
[111.938561] (-) TimerEvent: {}
[112.038938] (-) TimerEvent: {}
[112.139315] (-) TimerEvent: {}
[112.239678] (-) TimerEvent: {}
[112.340066] (-) TimerEvent: {}
[112.440444] (-) TimerEvent: {}
[112.540819] (-) TimerEvent: {}
[112.641185] (-) TimerEvent: {}
[112.741542] (-) TimerEvent: {}
[112.841909] (-) TimerEvent: {}
[112.942308] (-) TimerEvent: {}
[113.042710] (-) TimerEvent: {}
[113.143105] (-) TimerEvent: {}
[113.243487] (-) TimerEvent: {}
[113.343888] (-) TimerEvent: {}
[113.444284] (-) TimerEvent: {}
[113.544701] (-) TimerEvent: {}
[113.645102] (-) TimerEvent: {}
[113.745490] (-) TimerEvent: {}
[113.845869] (-) TimerEvent: {}
[113.946242] (-) TimerEvent: {}
[114.046624] (-) TimerEvent: {}
[114.147058] (-) TimerEvent: {}
[114.247446] (-) TimerEvent: {}
[114.347851] (-) TimerEvent: {}
[114.448234] (-) TimerEvent: {}
[114.548618] (-) TimerEvent: {}
[114.649018] (-) TimerEvent: {}
[114.749406] (-) TimerEvent: {}
[114.849795] (-) TimerEvent: {}
[114.950175] (-) TimerEvent: {}
[115.050548] (-) TimerEvent: {}
[115.150945] (-) TimerEvent: {}
[115.251328] (-) TimerEvent: {}
[115.351710] (-) TimerEvent: {}
[115.452112] (-) TimerEvent: {}
[115.552513] (-) TimerEvent: {}
[115.652901] (-) TimerEvent: {}
[115.753282] (-) TimerEvent: {}
[115.853663] (-) TimerEvent: {}
[115.954049] (-) TimerEvent: {}
[116.054436] (-) TimerEvent: {}
[116.154824] (-) TimerEvent: {}
[116.255207] (-) TimerEvent: {}
[116.355587] (-) TimerEvent: {}
[116.455967] (-) TimerEvent: {}
[116.556357] (-) TimerEvent: {}
[116.656746] (-) TimerEvent: {}
[116.757137] (-) TimerEvent: {}
[116.857523] (-) TimerEvent: {}
[116.957907] (-) TimerEvent: {}
[117.058289] (-) TimerEvent: {}
[117.158678] (-) TimerEvent: {}
[117.259072] (-) TimerEvent: {}
[117.359446] (-) TimerEvent: {}
[117.459905] (-) TimerEvent: {}
[117.560317] (-) TimerEvent: {}
[117.660762] (-) TimerEvent: {}
[117.761236] (-) TimerEvent: {}
[117.861704] (-) TimerEvent: {}
[117.962097] (-) TimerEvent: {}
[118.062487] (-) TimerEvent: {}
[118.162930] (-) TimerEvent: {}
[118.263398] (-) TimerEvent: {}
[118.363845] (-) TimerEvent: {}
[118.464234] (-) TimerEvent: {}
[118.564615] (-) TimerEvent: {}
[118.665089] (-) TimerEvent: {}
[118.765552] (-) TimerEvent: {}
[118.865966] (-) TimerEvent: {}
[118.966327] (-) TimerEvent: {}
[119.066683] (-) TimerEvent: {}
[119.167130] (-) TimerEvent: {}
[119.267591] (-) TimerEvent: {}
[119.367964] (-) TimerEvent: {}
[119.468336] (-) TimerEvent: {}
[119.568721] (-) TimerEvent: {}
[119.669195] (-) TimerEvent: {}
[119.769629] (-) TimerEvent: {}
[119.870046] (-) TimerEvent: {}
[119.970401] (-) TimerEvent: {}
[120.070799] (-) TimerEvent: {}
[120.171228] (-) TimerEvent: {}
[120.271553] (-) TimerEvent: {}
[120.371959] (-) TimerEvent: {}
[120.472319] (-) TimerEvent: {}
[120.572641] (-) TimerEvent: {}
[120.673079] (-) TimerEvent: {}
[120.773518] (-) TimerEvent: {}
[120.873880] (-) TimerEvent: {}
[120.974206] (-) TimerEvent: {}
[121.074563] (-) TimerEvent: {}
[121.174928] (-) TimerEvent: {}
[121.275291] (-) TimerEvent: {}
[121.375716] (-) TimerEvent: {}
[121.476123] (-) TimerEvent: {}
[121.576509] (-) TimerEvent: {}
[121.676907] (-) TimerEvent: {}
[121.777392] (-) TimerEvent: {}
[121.877793] (-) TimerEvent: {}
[121.978195] (-) TimerEvent: {}
[122.078592] (-) TimerEvent: {}
[122.179013] (-) TimerEvent: {}
[122.279400] (-) TimerEvent: {}
[122.379794] (-) TimerEvent: {}
[122.480207] (-) TimerEvent: {}
[122.580525] (-) TimerEvent: {}
[122.680913] (-) TimerEvent: {}
[122.781379] (-) TimerEvent: {}
[122.881837] (-) TimerEvent: {}
[122.982201] (-) TimerEvent: {}
[123.082515] (-) TimerEvent: {}
[123.182832] (-) TimerEvent: {}
[123.283190] (-) TimerEvent: {}
[123.383547] (-) TimerEvent: {}
[123.483908] (-) TimerEvent: {}
[123.584282] (-) TimerEvent: {}
[123.684690] (-) TimerEvent: {}
[123.785177] (-) TimerEvent: {}
[123.885600] (-) TimerEvent: {}
[123.986044] (-) TimerEvent: {}
[124.086439] (-) TimerEvent: {}
[124.186846] (-) TimerEvent: {}
[124.287342] (-) TimerEvent: {}
[124.388053] (-) TimerEvent: {}
[124.488473] (-) TimerEvent: {}
[124.588871] (-) TimerEvent: {}
[124.689208] (-) TimerEvent: {}
[124.789549] (-) TimerEvent: {}
[124.889946] (-) TimerEvent: {}
[124.990329] (-) TimerEvent: {}
[125.090715] (-) TimerEvent: {}
[125.191098] (-) TimerEvent: {}
[125.291481] (-) TimerEvent: {}
[125.391884] (-) TimerEvent: {}
[125.492260] (-) TimerEvent: {}
[125.592910] (-) TimerEvent: {}
[125.693353] (-) TimerEvent: {}
[125.793793] (-) TimerEvent: {}
[125.894211] (-) TimerEvent: {}
[125.994632] (-) TimerEvent: {}
[126.095031] (-) TimerEvent: {}
[126.195465] (-) TimerEvent: {}
[126.295915] (-) TimerEvent: {}
[126.396338] (-) TimerEvent: {}
[126.496748] (-) TimerEvent: {}
[126.597132] (-) TimerEvent: {}
[126.697526] (-) TimerEvent: {}
[126.797929] (-) TimerEvent: {}
[126.898328] (-) TimerEvent: {}
[126.998713] (-) TimerEvent: {}
[127.099098] (-) TimerEvent: {}
[127.199480] (-) TimerEvent: {}
[127.299896] (-) TimerEvent: {}
[127.400286] (-) TimerEvent: {}
[127.500666] (-) TimerEvent: {}
[127.601055] (-) TimerEvent: {}
[127.701460] (-) TimerEvent: {}
[127.801882] (-) TimerEvent: {}
[127.902304] (-) TimerEvent: {}
[128.002722] (-) TimerEvent: {}
[128.103082] (-) TimerEvent: {}
[128.203456] (-) TimerEvent: {}
[128.303911] (-) TimerEvent: {}
[128.404303] (-) TimerEvent: {}
[128.504672] (-) TimerEvent: {}
[128.605073] (-) TimerEvent: {}
[128.705493] (-) TimerEvent: {}
[128.805881] (-) TimerEvent: {}
[128.906525] (-) TimerEvent: {}
[129.007208] (-) TimerEvent: {}
[129.107644] (-) TimerEvent: {}
[129.208100] (-) TimerEvent: {}
[129.308567] (-) TimerEvent: {}
[129.408919] (-) TimerEvent: {}
[129.509252] (-) TimerEvent: {}
[129.609627] (-) TimerEvent: {}
[129.710009] (-) TimerEvent: {}
[129.810408] (-) TimerEvent: {}
[129.910828] (-) TimerEvent: {}
[130.011255] (-) TimerEvent: {}
[130.111679] (-) TimerEvent: {}
[130.212250] (-) TimerEvent: {}
[130.312744] (-) TimerEvent: {}
[130.413197] (-) TimerEvent: {}
[130.513616] (-) TimerEvent: {}
[130.614017] (-) TimerEvent: {}
[130.714430] (-) TimerEvent: {}
[130.814851] (-) TimerEvent: {}
[130.915290] (-) TimerEvent: {}
[131.015729] (-) TimerEvent: {}
[131.116187] (-) TimerEvent: {}
[131.216621] (-) TimerEvent: {}
[131.317081] (-) TimerEvent: {}
[131.417563] (-) TimerEvent: {}
[131.518040] (-) TimerEvent: {}
[131.618516] (-) TimerEvent: {}
[131.718979] (-) TimerEvent: {}
[131.819433] (-) TimerEvent: {}
[131.919897] (-) TimerEvent: {}
[132.020324] (-) TimerEvent: {}
[132.120750] (-) TimerEvent: {}
[132.221178] (-) TimerEvent: {}
[132.321602] (-) TimerEvent: {}
[132.422024] (-) TimerEvent: {}
[132.522444] (-) TimerEvent: {}
[132.622862] (-) TimerEvent: {}
[132.723568] (-) TimerEvent: {}
[132.824019] (-) TimerEvent: {}
[132.924480] (-) TimerEvent: {}
[133.024953] (-) TimerEvent: {}
[133.125413] (-) TimerEvent: {}
[133.225853] (-) TimerEvent: {}
[133.326294] (-) TimerEvent: {}
[133.426729] (-) TimerEvent: {}
[133.527171] (-) TimerEvent: {}
[133.627663] (-) TimerEvent: {}
[133.728108] (-) TimerEvent: {}
[133.828506] (-) TimerEvent: {}
[133.928931] (-) TimerEvent: {}
[134.029384] (-) TimerEvent: {}
[134.129827] (-) TimerEvent: {}
[134.230273] (-) TimerEvent: {}
[134.333388] (-) TimerEvent: {}
[134.433819] (-) TimerEvent: {}
[134.534261] (-) TimerEvent: {}
[134.634702] (-) TimerEvent: {}
[134.735133] (-) TimerEvent: {}
[134.835566] (-) TimerEvent: {}
[134.936010] (-) TimerEvent: {}
[135.036436] (-) TimerEvent: {}
[135.136850] (-) TimerEvent: {}
[135.237279] (-) TimerEvent: {}
[135.337696] (-) TimerEvent: {}
[135.438136] (-) TimerEvent: {}
[135.538577] (-) TimerEvent: {}
[135.639006] (-) TimerEvent: {}
[135.739438] (-) TimerEvent: {}
[135.839877] (-) TimerEvent: {}
[135.940260] (-) TimerEvent: {}
[136.040642] (-) TimerEvent: {}
[136.141026] (-) TimerEvent: {}
[136.241411] (-) TimerEvent: {}
[136.341792] (-) TimerEvent: {}
[136.442203] (-) TimerEvent: {}
[136.542610] (-) TimerEvent: {}
[136.643039] (-) TimerEvent: {}
[136.743466] (-) TimerEvent: {}
[136.843927] (-) TimerEvent: {}
[136.944348] (-) TimerEvent: {}
[137.044766] (-) TimerEvent: {}
[137.145179] (-) TimerEvent: {}
[137.245606] (-) TimerEvent: {}
[137.346011] (-) TimerEvent: {}
[137.446418] (-) TimerEvent: {}
[137.546837] (-) TimerEvent: {}
[137.647238] (-) TimerEvent: {}
[137.747665] (-) TimerEvent: {}
[137.848100] (-) TimerEvent: {}
[137.948484] (-) TimerEvent: {}
[138.048906] (-) TimerEvent: {}
[138.149301] (-) TimerEvent: {}
[138.249706] (-) TimerEvent: {}
[138.350078] (-) TimerEvent: {}
[138.450457] (-) TimerEvent: {}
[138.550846] (-) TimerEvent: {}
[138.651248] (-) TimerEvent: {}
[138.751639] (-) TimerEvent: {}
[138.852071] (-) TimerEvent: {}
[138.952455] (-) TimerEvent: {}
[139.052852] (-) TimerEvent: {}
[139.153277] (-) TimerEvent: {}
[139.253727] (-) TimerEvent: {}
[139.354211] (-) TimerEvent: {}
[139.454656] (-) TimerEvent: {}
[139.555059] (-) TimerEvent: {}
[139.655428] (-) TimerEvent: {}
[139.755869] (-) TimerEvent: {}
[139.856265] (-) TimerEvent: {}
[139.956657] (-) TimerEvent: {}
[140.057038] (-) TimerEvent: {}
[140.157427] (-) TimerEvent: {}
[140.257862] (-) TimerEvent: {}
[140.358314] (-) TimerEvent: {}
[140.458759] (-) TimerEvent: {}
[140.559179] (-) TimerEvent: {}
[140.659594] (-) TimerEvent: {}
[140.760048] (-) TimerEvent: {}
[140.860476] (-) TimerEvent: {}
[140.960939] (-) TimerEvent: {}
[141.061391] (-) TimerEvent: {}
[141.161829] (-) TimerEvent: {}
[141.262255] (-) TimerEvent: {}
[141.362656] (-) TimerEvent: {}
[141.463061] (-) TimerEvent: {}
[141.563478] (-) TimerEvent: {}
[141.663891] (-) TimerEvent: {}
[141.764295] (-) TimerEvent: {}
[141.864715] (-) TimerEvent: {}
[141.965120] (-) TimerEvent: {}
[142.065534] (-) TimerEvent: {}
[142.165925] (-) TimerEvent: {}
[142.266308] (-) TimerEvent: {}
[142.366689] (-) TimerEvent: {}
[142.467095] (-) TimerEvent: {}
[142.567499] (-) TimerEvent: {}
[142.667897] (-) TimerEvent: {}
[142.768283] (-) TimerEvent: {}
[142.868701] (-) TimerEvent: {}
[142.969126] (-) TimerEvent: {}
[143.069537] (-) TimerEvent: {}
[143.169994] (-) TimerEvent: {}
[143.270456] (-) TimerEvent: {}
[143.370921] (-) TimerEvent: {}
[143.471353] (-) TimerEvent: {}
[143.571787] (-) TimerEvent: {}
[143.672257] (-) TimerEvent: {}
[143.772677] (-) TimerEvent: {}
[143.873105] (-) TimerEvent: {}
[143.973520] (-) TimerEvent: {}
[144.073946] (-) TimerEvent: {}
[144.174372] (-) TimerEvent: {}
[144.274798] (-) TimerEvent: {}
[144.375229] (-) TimerEvent: {}
[144.475647] (-) TimerEvent: {}
[144.576110] (-) TimerEvent: {}
[144.676551] (-) TimerEvent: {}
[144.777007] (-) TimerEvent: {}
[144.877457] (-) TimerEvent: {}
[144.977887] (-) TimerEvent: {}
[145.078308] (-) TimerEvent: {}
[145.178726] (-) TimerEvent: {}
[145.279159] (-) TimerEvent: {}
[145.379603] (-) TimerEvent: {}
[145.480073] (-) TimerEvent: {}
[145.580485] (-) TimerEvent: {}
[145.680901] (-) TimerEvent: {}
[145.781324] (-) TimerEvent: {}
[145.881749] (-) TimerEvent: {}
[145.982189] (-) TimerEvent: {}
[146.082611] (-) TimerEvent: {}
[146.183066] (-) TimerEvent: {}
[146.283533] (-) TimerEvent: {}
[146.384000] (-) TimerEvent: {}
[146.484494] (-) TimerEvent: {}
[146.584924] (-) TimerEvent: {}
[146.685350] (-) TimerEvent: {}
[146.785794] (-) TimerEvent: {}
[146.886234] (-) TimerEvent: {}
[146.986943] (-) TimerEvent: {}
[147.087421] (-) TimerEvent: {}
[147.187879] (-) TimerEvent: {}
[147.288305] (-) TimerEvent: {}
[147.388721] (-) TimerEvent: {}
[147.489151] (-) TimerEvent: {}
[147.589573] (-) TimerEvent: {}
[147.689994] (-) TimerEvent: {}
[147.790410] (-) TimerEvent: {}
[147.891132] (-) TimerEvent: {}
[147.991598] (-) TimerEvent: {}
[148.092305] (-) TimerEvent: {}
[148.192761] (-) TimerEvent: {}
[148.293204] (-) TimerEvent: {}
[148.393636] (-) TimerEvent: {}
[148.494059] (-) TimerEvent: {}
[148.594448] (-) TimerEvent: {}
[148.694832] (-) TimerEvent: {}
[148.795224] (-) TimerEvent: {}
[148.895641] (-) TimerEvent: {}
[148.996093] (-) TimerEvent: {}
[149.096533] (-) TimerEvent: {}
[149.196954] (-) TimerEvent: {}
[149.297384] (-) TimerEvent: {}
[149.397823] (-) TimerEvent: {}
[149.498296] (-) TimerEvent: {}
[149.598733] (-) TimerEvent: {}
[149.699155] (-) TimerEvent: {}
[149.799543] (-) TimerEvent: {}
[149.899981] (-) TimerEvent: {}
[150.000410] (-) TimerEvent: {}
[150.100813] (-) TimerEvent: {}
[150.201225] (-) TimerEvent: {}
[150.301659] (-) TimerEvent: {}
[150.402060] (-) TimerEvent: {}
[150.502493] (-) TimerEvent: {}
[150.602930] (-) TimerEvent: {}
[150.703356] (-) TimerEvent: {}
[150.803790] (-) TimerEvent: {}
[150.904242] (-) TimerEvent: {}
[151.004654] (-) TimerEvent: {}
[151.105038] (-) TimerEvent: {}
[151.205688] (-) TimerEvent: {}
[151.306092] (-) TimerEvent: {}
[151.406502] (-) TimerEvent: {}
[151.506926] (-) TimerEvent: {}
[151.607368] (-) TimerEvent: {}
[151.707799] (-) TimerEvent: {}
[151.808245] (-) TimerEvent: {}
[151.908680] (-) TimerEvent: {}
[152.009115] (-) TimerEvent: {}
[152.109541] (-) TimerEvent: {}
[152.209976] (-) TimerEvent: {}
[152.310432] (-) TimerEvent: {}
[152.410878] (-) TimerEvent: {}
[152.511308] (-) TimerEvent: {}
[152.611738] (-) TimerEvent: {}
[152.712186] (-) TimerEvent: {}
[152.812604] (-) TimerEvent: {}
[152.913019] (-) TimerEvent: {}
[153.013727] (-) TimerEvent: {}
[153.114171] (-) TimerEvent: {}
[153.214623] (-) TimerEvent: {}
[153.315092] (-) TimerEvent: {}
[153.415528] (-) TimerEvent: {}
[153.516003] (-) TimerEvent: {}
[153.616463] (-) TimerEvent: {}
[153.716891] (-) TimerEvent: {}
[153.817314] (-) TimerEvent: {}
[153.917734] (-) TimerEvent: {}
[154.018171] (-) TimerEvent: {}
[154.118601] (-) TimerEvent: {}
[154.219028] (-) TimerEvent: {}
[154.319457] (-) TimerEvent: {}
[154.419969] (-) TimerEvent: {}
[154.520370] (-) TimerEvent: {}
[154.621040] (-) TimerEvent: {}
[154.721488] (-) TimerEvent: {}
[154.821907] (-) TimerEvent: {}
[154.922346] (-) TimerEvent: {}
[155.022803] (-) TimerEvent: {}
[155.123279] (-) TimerEvent: {}
[155.223732] (-) TimerEvent: {}
[155.324196] (-) TimerEvent: {}
[155.424657] (-) TimerEvent: {}
[155.525110] (-) TimerEvent: {}
[155.625576] (-) TimerEvent: {}
[155.726030] (-) TimerEvent: {}
[155.826484] (-) TimerEvent: {}
[155.926963] (-) TimerEvent: {}
[156.027444] (-) TimerEvent: {}
[156.127898] (-) TimerEvent: {}
[156.228333] (-) TimerEvent: {}
[156.328759] (-) TimerEvent: {}
[156.429188] (-) TimerEvent: {}
[156.529623] (-) TimerEvent: {}
[156.630085] (-) TimerEvent: {}
[156.730558] (-) TimerEvent: {}
[156.831012] (-) TimerEvent: {}
[156.931445] (-) TimerEvent: {}
[157.031880] (-) TimerEvent: {}
[157.132296] (-) TimerEvent: {}
[157.232725] (-) TimerEvent: {}
[157.333155] (-) TimerEvent: {}
[157.433576] (-) TimerEvent: {}
[157.533997] (-) TimerEvent: {}
[157.634399] (-) TimerEvent: {}
[157.734798] (-) TimerEvent: {}
[157.835215] (-) TimerEvent: {}
[157.935613] (-) TimerEvent: {}
[158.036022] (-) TimerEvent: {}
[158.136403] (-) TimerEvent: {}
[158.236772] (-) TimerEvent: {}
[158.337127] (-) TimerEvent: {}
[158.437497] (-) TimerEvent: {}
[158.537851] (-) TimerEvent: {}
[158.638278] (-) TimerEvent: {}
[158.738675] (-) TimerEvent: {}
[158.839045] (-) TimerEvent: {}
[158.939414] (-) TimerEvent: {}
[159.039780] (-) TimerEvent: {}
[159.140157] (-) TimerEvent: {}
[159.240556] (-) TimerEvent: {}
[159.340969] (-) TimerEvent: {}
[159.441315] (-) TimerEvent: {}
[159.541657] (-) TimerEvent: {}
[159.642007] (-) TimerEvent: {}
[159.742356] (-) TimerEvent: {}
[159.842700] (-) TimerEvent: {}
[159.943017] (-) TimerEvent: {}
[160.043352] (-) TimerEvent: {}
[160.143705] (-) TimerEvent: {}
[160.244087] (-) TimerEvent: {}
[160.344472] (-) TimerEvent: {}
[160.444859] (-) TimerEvent: {}
[160.545214] (-) TimerEvent: {}
[160.645583] (-) TimerEvent: {}
[160.745996] (-) TimerEvent: {}
[160.846407] (-) TimerEvent: {}
[160.946797] (-) TimerEvent: {}
[161.047161] (-) TimerEvent: {}
[161.147532] (-) TimerEvent: {}
[161.247919] (-) TimerEvent: {}
[161.348307] (-) TimerEvent: {}
[161.448724] (-) TimerEvent: {}
[161.549150] (-) TimerEvent: {}
[161.649533] (-) TimerEvent: {}
[161.749926] (-) TimerEvent: {}
[161.850307] (-) TimerEvent: {}
[161.950732] (-) TimerEvent: {}
[162.051170] (-) TimerEvent: {}
[162.151590] (-) TimerEvent: {}
[162.252026] (-) TimerEvent: {}
[162.352471] (-) TimerEvent: {}
[162.452918] (-) TimerEvent: {}
[162.553362] (-) TimerEvent: {}
[162.653772] (-) TimerEvent: {}
[162.754159] (-) TimerEvent: {}
[162.854556] (-) TimerEvent: {}
[162.954999] (-) TimerEvent: {}
[163.055403] (-) TimerEvent: {}
[163.155834] (-) TimerEvent: {}
[163.256274] (-) TimerEvent: {}
[163.356703] (-) TimerEvent: {}
[163.457132] (-) TimerEvent: {}
[163.557535] (-) TimerEvent: {}
[163.657948] (-) TimerEvent: {}
[163.758356] (-) TimerEvent: {}
[163.858743] (-) TimerEvent: {}
[163.959129] (-) TimerEvent: {}
[164.059501] (-) TimerEvent: {}
[164.159897] (-) TimerEvent: {}
[164.260278] (-) TimerEvent: {}
[164.360699] (-) TimerEvent: {}
[164.461107] (-) TimerEvent: {}
[164.561525] (-) TimerEvent: {}
[164.661921] (-) TimerEvent: {}
[164.762307] (-) TimerEvent: {}
[164.862707] (-) TimerEvent: {}
[164.963073] (-) TimerEvent: {}
[165.063459] (-) TimerEvent: {}
[165.163888] (-) TimerEvent: {}
[165.264300] (-) TimerEvent: {}
[165.364713] (-) TimerEvent: {}
[165.465127] (-) TimerEvent: {}
[165.565536] (-) TimerEvent: {}
[165.665954] (-) TimerEvent: {}
[165.766362] (-) TimerEvent: {}
[165.866797] (-) TimerEvent: {}
[165.967234] (-) TimerEvent: {}
[166.067650] (-) TimerEvent: {}
[166.168118] (-) TimerEvent: {}
[166.268559] (-) TimerEvent: {}
[166.368983] (-) TimerEvent: {}
[166.469397] (-) TimerEvent: {}
[166.569827] (-) TimerEvent: {}
[166.670239] (-) TimerEvent: {}
[166.770676] (-) TimerEvent: {}
[166.871137] (-) TimerEvent: {}
[166.971589] (-) TimerEvent: {}
[167.072050] (-) TimerEvent: {}
[167.172506] (-) TimerEvent: {}
[167.272978] (-) TimerEvent: {}
[167.373455] (-) TimerEvent: {}
[167.473936] (-) TimerEvent: {}
[167.574414] (-) TimerEvent: {}
[167.674873] (-) TimerEvent: {}
[167.775319] (-) TimerEvent: {}
[167.875762] (-) TimerEvent: {}
[167.976210] (-) TimerEvent: {}
[168.076629] (-) TimerEvent: {}
[168.177076] (-) TimerEvent: {}
[168.277554] (-) TimerEvent: {}
[168.378009] (-) TimerEvent: {}
[168.478459] (-) TimerEvent: {}
[168.578910] (-) TimerEvent: {}
[168.679317] (-) TimerEvent: {}
[168.779734] (-) TimerEvent: {}
[168.880127] (-) TimerEvent: {}
[168.980401] (-) TimerEvent: {}
[169.080646] (-) TimerEvent: {}
[169.180948] (-) TimerEvent: {}
[169.281287] (-) TimerEvent: {}
[169.381597] (-) TimerEvent: {}
[169.481972] (-) TimerEvent: {}
[169.582362] (-) TimerEvent: {}
[169.682747] (-) TimerEvent: {}
[169.783170] (-) TimerEvent: {}
[169.883575] (-) TimerEvent: {}
[169.984007] (-) TimerEvent: {}
[170.084428] (-) TimerEvent: {}
[170.184857] (-) TimerEvent: {}
[170.285292] (-) TimerEvent: {}
[170.385707] (-) TimerEvent: {}
[170.486134] (-) TimerEvent: {}
[170.586558] (-) TimerEvent: {}
[170.686974] (-) TimerEvent: {}
[170.787399] (-) TimerEvent: {}
[170.887859] (-) TimerEvent: {}
[170.988321] (-) TimerEvent: {}
[171.088814] (-) TimerEvent: {}
[171.189283] (-) TimerEvent: {}
[171.289736] (-) TimerEvent: {}
[171.390195] (-) TimerEvent: {}
[171.490625] (-) TimerEvent: {}
[171.591076] (-) TimerEvent: {}
[171.691565] (-) TimerEvent: {}
[171.792007] (-) TimerEvent: {}
[171.892437] (-) TimerEvent: {}
[171.992886] (-) TimerEvent: {}
[172.093335] (-) TimerEvent: {}
[172.193807] (-) TimerEvent: {}
[172.294196] (-) TimerEvent: {}
[172.394561] (-) TimerEvent: {}
[172.494981] (-) TimerEvent: {}
[172.595434] (-) TimerEvent: {}
[172.695887] (-) TimerEvent: {}
[172.796292] (-) TimerEvent: {}
[172.896688] (-) TimerEvent: {}
[172.997373] (-) TimerEvent: {}
[173.098072] (-) TimerEvent: {}
[173.198500] (-) TimerEvent: {}
[173.298899] (-) TimerEvent: {}
[173.399304] (-) TimerEvent: {}
[173.499722] (-) TimerEvent: {}
[173.600164] (-) TimerEvent: {}
[173.700550] (-) TimerEvent: {}
[173.800930] (-) TimerEvent: {}
[173.901325] (-) TimerEvent: {}
[174.001739] (-) TimerEvent: {}
[174.102162] (-) TimerEvent: {}
[174.202580] (-) TimerEvent: {}
[174.302967] (-) TimerEvent: {}
[174.403345] (-) TimerEvent: {}
[174.503707] (-) TimerEvent: {}
[174.604126] (-) TimerEvent: {}
[174.704543] (-) TimerEvent: {}
[174.804975] (-) TimerEvent: {}
[174.905393] (-) TimerEvent: {}
[175.005837] (-) TimerEvent: {}
[175.106268] (-) TimerEvent: {}
[175.206655] (-) TimerEvent: {}
[175.307062] (-) TimerEvent: {}
[175.407517] (-) TimerEvent: {}
[175.507968] (-) TimerEvent: {}
[175.608378] (-) TimerEvent: {}
[175.708789] (-) TimerEvent: {}
[175.809180] (-) TimerEvent: {}
[175.909563] (-) TimerEvent: {}
[176.009966] (-) TimerEvent: {}
[176.110388] (-) TimerEvent: {}
[176.210821] (-) TimerEvent: {}
[176.311259] (-) TimerEvent: {}
[176.411704] (-) TimerEvent: {}
[176.512170] (-) TimerEvent: {}
[176.612596] (-) TimerEvent: {}
[176.713033] (-) TimerEvent: {}
[176.813468] (-) TimerEvent: {}
[176.913899] (-) TimerEvent: {}
[177.014326] (-) TimerEvent: {}
[177.114749] (-) TimerEvent: {}
[177.215162] (-) TimerEvent: {}
[177.315576] (-) TimerEvent: {}
[177.415975] (-) TimerEvent: {}
[177.516387] (-) TimerEvent: {}
[177.616776] (-) TimerEvent: {}
[177.717176] (-) TimerEvent: {}
[177.817565] (-) TimerEvent: {}
[177.917926] (-) TimerEvent: {}
[178.018290] (-) TimerEvent: {}
[178.118657] (-) TimerEvent: {}
[178.219042] (-) TimerEvent: {}
[178.319476] (-) TimerEvent: {}
[178.419933] (-) TimerEvent: {}
[178.458077] (fast_lio) StdoutLine: {'line': b'[ 97%] Linking CXX executable fastlio_mapping\n'}
[178.520032] (-) TimerEvent: {}
[178.620369] (-) TimerEvent: {}
[178.720800] (-) TimerEvent: {}
[178.821230] (-) TimerEvent: {}
[178.921650] (-) TimerEvent: {}
[179.022081] (-) TimerEvent: {}
[179.122511] (-) TimerEvent: {}
[179.222943] (-) TimerEvent: {}
[179.323364] (-) TimerEvent: {}
[179.423793] (-) TimerEvent: {}
[179.524243] (-) TimerEvent: {}
[179.624689] (-) TimerEvent: {}
[179.725119] (-) TimerEvent: {}
[179.825555] (-) TimerEvent: {}
[179.925988] (-) TimerEvent: {}
[180.026423] (-) TimerEvent: {}
[180.126870] (-) TimerEvent: {}
[180.227307] (-) TimerEvent: {}
[180.327755] (-) TimerEvent: {}
[180.428221] (-) TimerEvent: {}
[180.528669] (-) TimerEvent: {}
[180.629080] (-) TimerEvent: {}
[180.729496] (-) TimerEvent: {}
[180.829903] (-) TimerEvent: {}
[180.930316] (-) TimerEvent: {}
[181.030739] (-) TimerEvent: {}
[181.131169] (-) TimerEvent: {}
[181.231935] (-) TimerEvent: {}
[181.332400] (-) TimerEvent: {}
[181.432843] (-) TimerEvent: {}
[181.533254] (-) TimerEvent: {}
[181.558790] (fast_lio) StdoutLine: {'line': b'[100%] Built target fastlio_mapping\n'}
[181.569749] (fast_lio) CommandEnded: {'returncode': 0}
[181.572594] (fast_lio) JobProgress: {'identifier': 'fast_lio', 'progress': 'install'}
[181.580486] (fast_lio) Command: {'cmd': ['/usr/local/bin/cmake', '--install', '/home/seeed/ros2/ws/build/fast_lio'], 'cwd': '/home/seeed/ros2/ws/build/fast_lio', 'env': OrderedDict([('LANGUAGE', 'zh_CN:en'), ('USER', 'seeed'), ('SSH_CLIENT', '192.168.1.101 58369 22'), ('LC_TIME', 'zh_CN.UTF-8'), ('ROS_PACKAGE_PATH', '/home/seeed/ros2/ws/install/vikit_common/share:/home/seeed/ros2/ws/install/ugv_sdk/share'), ('XDG_SESSION_TYPE', 'tty'), ('SHLVL', '0'), ('LD_LIBRARY_PATH', '/home/seeed/ros2/ws/install/livox_ros_driver2/lib:/home/seeed/ros2/ws/install/vikit_ros/lib:/home/seeed/ros2/ws/install/vikit_common/lib:/home/seeed/ros2/ws/install/ranger_msgs/lib:/home/seeed/ros2/ws/install/fast_lio/lib:/opt/ros/humble/opt/rviz_ogre_vendor/lib:/opt/ros/humble/lib/aarch64-linux-gnu:/opt/ros/humble/lib'), ('MOTD_SHOWN', 'pam'), ('HOME', '/home/seeed'), ('OLDPWD', '/home/seeed'), ('ROS_PYTHON_VERSION', '3'), ('LC_MONETARY', 'zh_CN.UTF-8'), ('ROS_IP', '192.168.1.104'), ('LC_CTYPE', 'C.UTF-8'), ('DBUS_SESSION_BUS_ADDRESS', 'unix:path=/run/user/1000/bus'), ('COLCON_PREFIX_PATH', '/home/seeed/ros2/ws/install'), ('ROS_DISTRO', 'humble'), ('LOGNAME', 'seeed'), ('ROS_VERSION', '2'), ('PKG_CONFIG_PATH', '/home/seeed/ros2/ws/install/vikit_common/lib/aarch64-linux-gnu/pkgconfig:/home/seeed/ros2/ws/install/vikit_common/lib/pkgconfig:/home/seeed/ros2/ws/install/ugv_sdk/lib/aarch64-linux-gnu/pkgconfig:/home/seeed/ros2/ws/install/ugv_sdk/lib/pkgconfig'), ('XDG_SESSION_CLASS', 'user'), ('XDG_SESSION_ID', '111'), ('ROS_LOCALHOST_ONLY', '0'), ('PATH', '/opt/ros/humble/bin:/usr/local/sbin:/usr/local/bin:/usr/sbin:/usr/bin:/sbin:/bin:/usr/games:/usr/local/games:/snap/bin'), ('FASTRTPS_DEFAULT_PROFILES_FILE', '/home/seeed/ros2/fastrtps_profile.xml'), ('PAPERSIZE', 'a4'), ('LC_ADDRESS', 'zh_CN.UTF-8'), ('XDG_RUNTIME_DIR', '/run/user/1000'), ('DISPLAY', 'localhost:12.0'), ('LANG', 'zh_CN.UTF-8'), ('LC_TELEPHONE', 'zh_CN.UTF-8'), ('RMW_IMPLEMENTATION', 'rmw_fastrtps_cpp'), ('ROS_DOMAIN_ID', '0'), ('AMENT_PREFIX_PATH', '/home/seeed/ros2/ws/install/vikit_ros:/home/seeed/ros2/ws/install/ranger_base:/home/seeed/ros2/ws/install/ranger_msgs:/home/seeed/ros2/ws/install/ranger_bringup:/home/seeed/ros2/ws/install/pcd_ndt_localization:/home/seeed/ros2/ws/install/nav_tf_bridge:/home/seeed/ros2/ws/install/fast_lio:/home/seeed/ros2/ws/install/livox_ros_driver2:/opt/ros/humble'), ('SHELL', '/bin/bash'), ('LC_NAME', 'zh_CN.UTF-8'), ('LC_MEASUREMENT', 'zh_CN.UTF-8'), ('LC_IDENTIFICATION', 'zh_CN.UTF-8'), ('PWD', '/home/seeed/ros2/ws/build/fast_lio'), ('LC_ALL', 'C.UTF-8'), ('SSH_CONNECTION', '192.168.1.101 58369 192.168.1.104 22'), ('PYTHONPATH', '/home/seeed/ros2/ws/install/ranger_msgs/local/lib/python3.10/dist-packages:/home/seeed/ros2/ws/install/fast_lio/local/lib/python3.10/dist-packages:/home/seeed/ros2/ws/install/livox_ros_driver2/local/lib/python3.10/dist-packages:/opt/ros/humble/lib/python3.10/site-packages:/opt/ros/humble/local/lib/python3.10/dist-packages'), ('LC_NUMERIC', 'zh_CN.UTF-8'), ('LC_PAPER', 'zh_CN.UTF-8'), ('COLCON', '1'), ('CMAKE_PREFIX_PATH', '/home/seeed/ros2/ws/install/livox_ros_driver2:/home/seeed/ros2/ws/install/vikit_ros:/opt/ros/humble:/home/seeed/ros2/ws/install/vikit_common:/home/seeed/ros2/ws/install/ranger_base:/home/seeed/ros2/ws/install/ugv_sdk:/home/seeed/ros2/ws/install/ranger_msgs:/home/seeed/ros2/ws/install/ranger_bringup:/home/seeed/ros2/ws/install/pcd_ndt_localization:/home/seeed/ros2/ws/install/nav_tf_bridge:/home/seeed/ros2/ws/install/fast_lio')]), 'shell': False}
[181.588543] (fast_lio) StdoutLine: {'line': b'-- Install configuration: "Release"\n'}
[181.589941] (fast_lio) StdoutLine: {'line': b'-- Execute custom install script\n'}
[181.590945] (fast_lio) StdoutLine: {'line': b'-- Up-to-date symlink: /home/seeed/ros2/ws/install/fast_lio/share/ament_index/resource_index/rosidl_interfaces/fast_lio\n'}
[181.594275] (fast_lio) StdoutLine: {'line': b'-- Up-to-date symlink: /home/seeed/ros2/ws/install/fast_lio/include/fast_lio/fast_lio/msg/detail/pose6_d__functions.h\n'}
[181.594690] (fast_lio) StdoutLine: {'line': b'-- Up-to-date symlink: /home/seeed/ros2/ws/install/fast_lio/include/fast_lio/fast_lio/msg/detail/pose6_d__struct.h\n'}
[181.595064] (fast_lio) StdoutLine: {'line': b'-- Up-to-date symlink: /home/seeed/ros2/ws/install/fast_lio/include/fast_lio/fast_lio/msg/detail/pose6_d__type_support.h\n'}
[181.595491] (fast_lio) StdoutLine: {'line': b'-- Up-to-date symlink: /home/seeed/ros2/ws/install/fast_lio/include/fast_lio/fast_lio/msg/pose6_d.h\n'}
[181.595895] (fast_lio) StdoutLine: {'line': b'-- Up-to-date symlink: /home/seeed/ros2/ws/install/fast_lio/include/fast_lio/fast_lio/msg/rosidl_generator_c__visibility_control.h\n'}
[181.596376] (fast_lio) StdoutLine: {'line': b'-- Up-to-date symlink: /home/seeed/ros2/ws/install/fast_lio/share/fast_lio/environment/library_path.sh\n'}
[181.596865] (fast_lio) StdoutLine: {'line': b'-- Up-to-date symlink: /home/seeed/ros2/ws/install/fast_lio/share/fast_lio/environment/library_path.dsv\n'}
[181.598152] (fast_lio) StdoutLine: {'line': b'-- Up-to-date symlink: /home/seeed/ros2/ws/install/fast_lio/include/fast_lio/fast_lio/msg/detail/pose6_d__rosidl_typesupport_fastrtps_c.h\n'}
[181.598511] (fast_lio) StdoutLine: {'line': b'-- Up-to-date symlink: /home/seeed/ros2/ws/install/fast_lio/include/fast_lio/fast_lio/msg/rosidl_typesupport_fastrtps_c__visibility_control.h\n'}
[181.599558] (fast_lio) StdoutLine: {'line': b'-- Up-to-date symlink: /home/seeed/ros2/ws/install/fast_lio/include/fast_lio/fast_lio/msg/detail/pose6_d__builder.hpp\n'}
[181.600543] (fast_lio) StdoutLine: {'line': b'-- Up-to-date symlink: /home/seeed/ros2/ws/install/fast_lio/include/fast_lio/fast_lio/msg/detail/pose6_d__struct.hpp\n'}
[181.601037] (fast_lio) StdoutLine: {'line': b'-- Up-to-date symlink: /home/seeed/ros2/ws/install/fast_lio/include/fast_lio/fast_lio/msg/detail/pose6_d__traits.hpp\n'}
[181.601635] (fast_lio) StdoutLine: {'line': b'-- Up-to-date symlink: /home/seeed/ros2/ws/install/fast_lio/include/fast_lio/fast_lio/msg/detail/pose6_d__type_support.hpp\n'}
[181.601896] (fast_lio) StdoutLine: {'line': b'-- Up-to-date symlink: /home/seeed/ros2/ws/install/fast_lio/include/fast_lio/fast_lio/msg/pose6_d.hpp\n'}
[181.602168] (fast_lio) StdoutLine: {'line': b'-- Up-to-date symlink: /home/seeed/ros2/ws/install/fast_lio/include/fast_lio/fast_lio/msg/rosidl_generator_cpp__visibility_control.hpp\n'}
[181.602835] (fast_lio) StdoutLine: {'line': b'-- Up-to-date symlink: /home/seeed/ros2/ws/install/fast_lio/include/fast_lio/fast_lio/msg/detail/pose6_d__rosidl_typesupport_fastrtps_cpp.hpp\n'}
[181.603207] (fast_lio) StdoutLine: {'line': b'-- Up-to-date symlink: /home/seeed/ros2/ws/install/fast_lio/include/fast_lio/fast_lio/msg/rosidl_typesupport_fastrtps_cpp__visibility_control.h\n'}
[181.604194] (fast_lio) StdoutLine: {'line': b'-- Up-to-date symlink: /home/seeed/ros2/ws/install/fast_lio/include/fast_lio/fast_lio/msg/detail/pose6_d__rosidl_typesupport_introspection_c.h\n'}
[181.604562] (fast_lio) StdoutLine: {'line': b'-- Up-to-date symlink: /home/seeed/ros2/ws/install/fast_lio/include/fast_lio/fast_lio/msg/rosidl_typesupport_introspection_c__visibility_control.h\n'}
[181.605455] (fast_lio) StdoutLine: {'line': b'-- Up-to-date symlink: /home/seeed/ros2/ws/install/fast_lio/include/fast_lio/fast_lio/msg/detail/pose6_d__rosidl_typesupport_introspection_cpp.hpp\n'}
[181.605938] (fast_lio) StdoutLine: {'line': b'-- Up-to-date symlink: /home/seeed/ros2/ws/install/fast_lio/share/fast_lio/environment/pythonpath.sh\n'}
[181.606387] (fast_lio) StdoutLine: {'line': b'-- Up-to-date symlink: /home/seeed/ros2/ws/install/fast_lio/share/fast_lio/environment/pythonpath.dsv\n'}
[181.607421] (fast_lio) StdoutLine: {'line': b'-- Up-to-date symlink: /home/seeed/ros2/ws/install/fast_lio/local/lib/python3.10/dist-packages/fast_lio-0.0.0-py3.10.egg-info/PKG-INFO\n'}
[181.607842] (fast_lio) StdoutLine: {'line': b'-- Up-to-date symlink: /home/seeed/ros2/ws/install/fast_lio/local/lib/python3.10/dist-packages/fast_lio-0.0.0-py3.10.egg-info/SOURCES.txt\n'}
[181.608230] (fast_lio) StdoutLine: {'line': b'-- Up-to-date symlink: /home/seeed/ros2/ws/install/fast_lio/local/lib/python3.10/dist-packages/fast_lio-0.0.0-py3.10.egg-info/dependency_links.txt\n'}
[181.608608] (fast_lio) StdoutLine: {'line': b'-- Up-to-date symlink: /home/seeed/ros2/ws/install/fast_lio/local/lib/python3.10/dist-packages/fast_lio-0.0.0-py3.10.egg-info/top_level.txt\n'}
[181.609798] (fast_lio) StdoutLine: {'line': b'-- Up-to-date symlink: /home/seeed/ros2/ws/install/fast_lio/local/lib/python3.10/dist-packages/fast_lio/__init__.py\n'}
[181.610158] (fast_lio) StdoutLine: {'line': b'-- Up-to-date symlink: /home/seeed/ros2/ws/install/fast_lio/local/lib/python3.10/dist-packages/fast_lio/_fast_lio_s.ep.rosidl_typesupport_c.c\n'}
[181.610512] (fast_lio) StdoutLine: {'line': b'-- Up-to-date symlink: /home/seeed/ros2/ws/install/fast_lio/local/lib/python3.10/dist-packages/fast_lio/_fast_lio_s.ep.rosidl_typesupport_fastrtps_c.c\n'}
[181.610888] (fast_lio) StdoutLine: {'line': b'-- Up-to-date symlink: /home/seeed/ros2/ws/install/fast_lio/local/lib/python3.10/dist-packages/fast_lio/_fast_lio_s.ep.rosidl_typesupport_introspection_c.c\n'}
[181.611233] (fast_lio) StdoutLine: {'line': b'-- Up-to-date symlink: /home/seeed/ros2/ws/install/fast_lio/local/lib/python3.10/dist-packages/fast_lio/fast_lio_s__rosidl_typesupport_c.cpython-310-aarch64-linux-gnu.so\n'}
[181.611646] (fast_lio) StdoutLine: {'line': b'-- Up-to-date symlink: /home/seeed/ros2/ws/install/fast_lio/local/lib/python3.10/dist-packages/fast_lio/fast_lio_s__rosidl_typesupport_fastrtps_c.cpython-310-aarch64-linux-gnu.so\n'}
[181.612070] (fast_lio) StdoutLine: {'line': b'-- Up-to-date symlink: /home/seeed/ros2/ws/install/fast_lio/local/lib/python3.10/dist-packages/fast_lio/fast_lio_s__rosidl_typesupport_introspection_c.cpython-310-aarch64-linux-gnu.so\n'}
[181.612407] (fast_lio) StdoutLine: {'line': b'-- Up-to-date symlink: /home/seeed/ros2/ws/install/fast_lio/local/lib/python3.10/dist-packages/fast_lio/libfast_lio__rosidl_generator_py.so\n'}
[181.612795] (fast_lio) StdoutLine: {'line': b'-- Up-to-date symlink: /home/seeed/ros2/ws/install/fast_lio/local/lib/python3.10/dist-packages/fast_lio/msg/__init__.py\n'}
[181.613144] (fast_lio) StdoutLine: {'line': b'-- Up-to-date symlink: /home/seeed/ros2/ws/install/fast_lio/local/lib/python3.10/dist-packages/fast_lio/msg/_pose6_d.py\n'}
[181.613483] (fast_lio) StdoutLine: {'line': b'-- Up-to-date symlink: /home/seeed/ros2/ws/install/fast_lio/local/lib/python3.10/dist-packages/fast_lio/msg/_pose6_d_s.c\n'}
[181.613956] (fast_lio) StdoutLine: {'line': b'-- Up-to-date symlink: /home/seeed/ros2/ws/install/fast_lio/local/lib/python3.10/dist-packages/fast_lio/fast_lio_s__rosidl_typesupport_fastrtps_c.cpython-310-aarch64-linux-gnu.so\n'}
[181.614592] (fast_lio) StdoutLine: {'line': b'-- Up-to-date symlink: /home/seeed/ros2/ws/install/fast_lio/local/lib/python3.10/dist-packages/fast_lio/fast_lio_s__rosidl_typesupport_introspection_c.cpython-310-aarch64-linux-gnu.so\n'}
[181.615136] (fast_lio) StdoutLine: {'line': b'-- Up-to-date symlink: /home/seeed/ros2/ws/install/fast_lio/local/lib/python3.10/dist-packages/fast_lio/fast_lio_s__rosidl_typesupport_c.cpython-310-aarch64-linux-gnu.so\n'}
[181.615784] (fast_lio) StdoutLine: {'line': b'-- Up-to-date symlink: /home/seeed/ros2/ws/install/fast_lio/share/ament_index/resource_index/rust_packages/fast_lio\n'}
[181.616757] (fast_lio) StdoutLine: {'line': b'-- Up-to-date symlink: /home/seeed/ros2/ws/install/fast_lio/share/fast_lio/rust/Cargo.toml\n'}
[181.617111] (fast_lio) StdoutLine: {'line': b'-- Up-to-date symlink: /home/seeed/ros2/ws/install/fast_lio/share/fast_lio/rust/build.rs\n'}
[181.617459] (fast_lio) StdoutLine: {'line': b'-- Up-to-date symlink: /home/seeed/ros2/ws/install/fast_lio/share/fast_lio/rust/src/lib.rs\n'}
[181.617791] (fast_lio) StdoutLine: {'line': b'-- Up-to-date symlink: /home/seeed/ros2/ws/install/fast_lio/share/fast_lio/rust/src/msg.rs\n'}
[181.618141] (fast_lio) StdoutLine: {'line': b'-- Up-to-date symlink: /home/seeed/ros2/ws/install/fast_lio/share/fast_lio/rust/src/msg/rmw.rs\n'}
[181.618549] (fast_lio) StdoutLine: {'line': b'-- Up-to-date symlink: /home/seeed/ros2/ws/install/fast_lio/share/fast_lio/msg/Pose6D.idl\n'}
[181.618928] (fast_lio) StdoutLine: {'line': b'-- Up-to-date symlink: /home/seeed/ros2/ws/install/fast_lio/share/fast_lio/msg/Pose6D.msg\n'}
[181.619473] (fast_lio) StdoutLine: {'line': b'-- Up-to-date symlink: /home/seeed/ros2/ws/install/fast_lio/lib/fast_lio/fastlio_mapping\n'}
[181.620434] (fast_lio) StdoutLine: {'line': b'-- Up-to-date symlink: /home/seeed/ros2/ws/install/fast_lio/share/fast_lio/config/avia.yaml\n'}
[181.620812] (fast_lio) StdoutLine: {'line': b'-- Up-to-date symlink: /home/seeed/ros2/ws/install/fast_lio/share/fast_lio/config/horizon.yaml\n'}
[181.621222] (fast_lio) StdoutLine: {'line': b'-- Up-to-date symlink: /home/seeed/ros2/ws/install/fast_lio/share/fast_lio/config/mid360.yaml\n'}
[181.621522] (fast_lio) StdoutLine: {'line': b'-- Up-to-date symlink: /home/seeed/ros2/ws/install/fast_lio/share/fast_lio/config/mid360.yaml.bak.20260625_211559\n'}
[181.621851] (fast_lio) StdoutLine: {'line': b'-- Up-to-date symlink: /home/seeed/ros2/ws/install/fast_lio/share/fast_lio/config/mid360.yaml.bak.20260626_093929\n'}
[181.622295] (fast_lio) StdoutLine: {'line': b'-- Up-to-date symlink: /home/seeed/ros2/ws/install/fast_lio/share/fast_lio/config/mid360.yaml.bak.disable_timesync_20260626_100616\n'}
[181.622811] (fast_lio) StdoutLine: {'line': b'-- Up-to-date symlink: /home/seeed/ros2/ws/install/fast_lio/share/fast_lio/config/mid360.yaml.bak.fix_drift_20260626_095649\n'}
[181.623034] (fast_lio) StdoutLine: {'line': b'-- Up-to-date symlink: /home/seeed/ros2/ws/install/fast_lio/share/fast_lio/config/ouster64.yaml\n'}
[181.623238] (fast_lio) StdoutLine: {'line': b'-- Up-to-date symlink: /home/seeed/ros2/ws/install/fast_lio/share/fast_lio/config/velodyne.yaml\n'}
[181.623749] (fast_lio) StdoutLine: {'line': b'-- Up-to-date symlink: /home/seeed/ros2/ws/install/fast_lio/share/fast_lio/launch/gdb_debug_example.launch\n'}
[181.624027] (fast_lio) StdoutLine: {'line': b'-- Up-to-date symlink: /home/seeed/ros2/ws/install/fast_lio/share/fast_lio/launch/mapping.launch.py\n'}
[181.624381] (fast_lio) StdoutLine: {'line': b'-- Up-to-date symlink: /home/seeed/ros2/ws/install/fast_lio/share/fast_lio/rviz/fastlio.rviz\n'}
[181.624746] (fast_lio) StdoutLine: {'line': b'-- Up-to-date symlink: /home/seeed/ros2/ws/install/fast_lio/share/ament_index/resource_index/package_run_dependencies/fast_lio\n'}
[181.625287] (fast_lio) StdoutLine: {'line': b'-- Up-to-date symlink: /home/seeed/ros2/ws/install/fast_lio/share/ament_index/resource_index/parent_prefix_path/fast_lio\n'}
[181.625740] (fast_lio) StdoutLine: {'line': b'-- Up-to-date symlink: /home/seeed/ros2/ws/install/fast_lio/share/fast_lio/environment/ament_prefix_path.sh\n'}
[181.626170] (fast_lio) StdoutLine: {'line': b'-- Up-to-date symlink: /home/seeed/ros2/ws/install/fast_lio/share/fast_lio/environment/ament_prefix_path.dsv\n'}
[181.626599] (fast_lio) StdoutLine: {'line': b'-- Up-to-date symlink: /home/seeed/ros2/ws/install/fast_lio/share/fast_lio/environment/path.sh\n'}
[181.627028] (fast_lio) StdoutLine: {'line': b'-- Up-to-date symlink: /home/seeed/ros2/ws/install/fast_lio/share/fast_lio/environment/path.dsv\n'}
[181.627455] (fast_lio) StdoutLine: {'line': b'-- Up-to-date symlink: /home/seeed/ros2/ws/install/fast_lio/share/fast_lio/local_setup.bash\n'}
[181.627884] (fast_lio) StdoutLine: {'line': b'-- Up-to-date symlink: /home/seeed/ros2/ws/install/fast_lio/share/fast_lio/local_setup.sh\n'}
[181.628406] (fast_lio) StdoutLine: {'line': b'-- Up-to-date symlink: /home/seeed/ros2/ws/install/fast_lio/share/fast_lio/local_setup.zsh\n'}
[181.628777] (fast_lio) StdoutLine: {'line': b'-- Up-to-date symlink: /home/seeed/ros2/ws/install/fast_lio/share/fast_lio/local_setup.dsv\n'}
[181.629117] (fast_lio) StdoutLine: {'line': b'-- Symlinking: /home/seeed/ros2/ws/install/fast_lio/share/fast_lio/package.dsv\n'}
[181.633335] (-) TimerEvent: {}
[181.634797] (fast_lio) StdoutLine: {'line': b'-- Up-to-date symlink: /home/seeed/ros2/ws/install/fast_lio/share/ament_index/resource_index/packages/fast_lio\n'}
[181.635240] (fast_lio) StdoutLine: {'line': b'-- Up-to-date symlink: /home/seeed/ros2/ws/install/fast_lio/share/fast_lio/cmake/rosidl_cmake-extras.cmake\n'}
[181.635748] (fast_lio) StdoutLine: {'line': b'-- Up-to-date symlink: /home/seeed/ros2/ws/install/fast_lio/share/fast_lio/cmake/ament_cmake_export_include_directories-extras.cmake\n'}
[181.636164] (fast_lio) StdoutLine: {'line': b'-- Up-to-date symlink: /home/seeed/ros2/ws/install/fast_lio/share/fast_lio/cmake/ament_cmake_export_libraries-extras.cmake\n'}
[181.636570] (fast_lio) StdoutLine: {'line': b'-- Up-to-date symlink: /home/seeed/ros2/ws/install/fast_lio/share/fast_lio/cmake/ament_cmake_export_targets-extras.cmake\n'}
[181.636982] (fast_lio) StdoutLine: {'line': b'-- Up-to-date symlink: /home/seeed/ros2/ws/install/fast_lio/share/fast_lio/cmake/rosidl_cmake_export_typesupport_targets-extras.cmake\n'}
[181.637389] (fast_lio) StdoutLine: {'line': b'-- Up-to-date symlink: /home/seeed/ros2/ws/install/fast_lio/share/fast_lio/cmake/ament_cmake_export_dependencies-extras.cmake\n'}
[181.637821] (fast_lio) StdoutLine: {'line': b'-- Up-to-date symlink: /home/seeed/ros2/ws/install/fast_lio/share/fast_lio/cmake/rosidl_cmake_export_typesupport_libraries-extras.cmake\n'}
[181.638329] (fast_lio) StdoutLine: {'line': b'-- Up-to-date symlink: /home/seeed/ros2/ws/install/fast_lio/share/fast_lio/cmake/fast_lioConfig.cmake\n'}
[181.638725] (fast_lio) StdoutLine: {'line': b'-- Up-to-date symlink: /home/seeed/ros2/ws/install/fast_lio/share/fast_lio/cmake/fast_lioConfig-version.cmake\n'}
[181.639078] (fast_lio) StdoutLine: {'line': b'-- Up-to-date symlink: /home/seeed/ros2/ws/install/fast_lio/share/fast_lio/package.xml\n'}
[181.640348] (fast_lio) StdoutLine: {'line': b'-- Up-to-date: /home/seeed/ros2/ws/install/fast_lio/lib/libfast_lio__rosidl_generator_c.so\n'}
[181.641127] (fast_lio) StdoutLine: {'line': b'-- Up-to-date: /home/seeed/ros2/ws/install/fast_lio/lib/libfast_lio__rosidl_typesupport_fastrtps_c.so\n'}
[181.641775] (fast_lio) StdoutLine: {'line': b'-- Up-to-date: /home/seeed/ros2/ws/install/fast_lio/lib/libfast_lio__rosidl_typesupport_fastrtps_cpp.so\n'}
[181.642524] (fast_lio) StdoutLine: {'line': b'-- Up-to-date: /home/seeed/ros2/ws/install/fast_lio/lib/libfast_lio__rosidl_typesupport_introspection_c.so\n'}
[181.643196] (fast_lio) StdoutLine: {'line': b'-- Up-to-date: /home/seeed/ros2/ws/install/fast_lio/lib/libfast_lio__rosidl_typesupport_c.so\n'}
[181.643988] (fast_lio) StdoutLine: {'line': b'-- Up-to-date: /home/seeed/ros2/ws/install/fast_lio/lib/libfast_lio__rosidl_typesupport_introspection_cpp.so\n'}
[181.644609] (fast_lio) StdoutLine: {'line': b'-- Up-to-date: /home/seeed/ros2/ws/install/fast_lio/lib/libfast_lio__rosidl_typesupport_cpp.so\n'}
[181.721020] (fast_lio) StdoutLine: {'line': b"Listing '/home/seeed/ros2/ws/install/fast_lio/local/lib/python3.10/dist-packages/fast_lio'...\n"}
[181.721278] (fast_lio) StdoutLine: {'line': b"Compiling '/home/seeed/ros2/ws/install/fast_lio/local/lib/python3.10/dist-packages/fast_lio/__init__.py'...\n"}
[181.721493] (fast_lio) StdoutLine: {'line': b"Listing '/home/seeed/ros2/ws/install/fast_lio/local/lib/python3.10/dist-packages/fast_lio/msg'...\n"}
[181.733435] (-) TimerEvent: {}
[181.734577] (fast_lio) StdoutLine: {'line': b'-- Up-to-date: /home/seeed/ros2/ws/install/fast_lio/lib/libfast_lio__rosidl_generator_py.so\n'}
[181.736009] (fast_lio) StdoutLine: {'line': b'-- Up-to-date: /home/seeed/ros2/ws/install/fast_lio/share/fast_lio/cmake/export_fast_lio__rosidl_generator_cExport.cmake\n'}
[181.736433] (fast_lio) StdoutLine: {'line': b'-- Up-to-date: /home/seeed/ros2/ws/install/fast_lio/share/fast_lio/cmake/export_fast_lio__rosidl_generator_cExport-release.cmake\n'}
[181.737089] (fast_lio) StdoutLine: {'line': b'-- Up-to-date: /home/seeed/ros2/ws/install/fast_lio/share/fast_lio/cmake/export_fast_lio__rosidl_typesupport_fastrtps_cExport.cmake\n'}
[181.737529] (fast_lio) StdoutLine: {'line': b'-- Up-to-date: /home/seeed/ros2/ws/install/fast_lio/share/fast_lio/cmake/export_fast_lio__rosidl_typesupport_fastrtps_cExport-release.cmake\n'}
[181.738078] (fast_lio) StdoutLine: {'line': b'-- Up-to-date: /home/seeed/ros2/ws/install/fast_lio/share/fast_lio/cmake/export_fast_lio__rosidl_generator_cppExport.cmake\n'}
[181.738309] (fast_lio) StdoutLine: {'line': b'-- Up-to-date: /home/seeed/ros2/ws/install/fast_lio/share/fast_lio/cmake/export_fast_lio__rosidl_typesupport_fastrtps_cppExport.cmake\n'}
[181.738872] (fast_lio) StdoutLine: {'line': b'-- Up-to-date: /home/seeed/ros2/ws/install/fast_lio/share/fast_lio/cmake/export_fast_lio__rosidl_typesupport_fastrtps_cppExport-release.cmake\n'}
[181.739486] (fast_lio) StdoutLine: {'line': b'-- Up-to-date: /home/seeed/ros2/ws/install/fast_lio/share/fast_lio/cmake/fast_lio__rosidl_typesupport_introspection_cExport.cmake\n'}
[181.739707] (fast_lio) StdoutLine: {'line': b'-- Up-to-date: /home/seeed/ros2/ws/install/fast_lio/share/fast_lio/cmake/fast_lio__rosidl_typesupport_introspection_cExport-release.cmake\n'}
[181.740347] (fast_lio) StdoutLine: {'line': b'-- Up-to-date: /home/seeed/ros2/ws/install/fast_lio/share/fast_lio/cmake/fast_lio__rosidl_typesupport_cExport.cmake\n'}
[181.740572] (fast_lio) StdoutLine: {'line': b'-- Up-to-date: /home/seeed/ros2/ws/install/fast_lio/share/fast_lio/cmake/fast_lio__rosidl_typesupport_cExport-release.cmake\n'}
[181.741100] (fast_lio) StdoutLine: {'line': b'-- Up-to-date: /home/seeed/ros2/ws/install/fast_lio/share/fast_lio/cmake/fast_lio__rosidl_typesupport_introspection_cppExport.cmake\n'}
[181.741331] (fast_lio) StdoutLine: {'line': b'-- Up-to-date: /home/seeed/ros2/ws/install/fast_lio/share/fast_lio/cmake/fast_lio__rosidl_typesupport_introspection_cppExport-release.cmake\n'}
[181.741938] (fast_lio) StdoutLine: {'line': b'-- Up-to-date: /home/seeed/ros2/ws/install/fast_lio/share/fast_lio/cmake/fast_lio__rosidl_typesupport_cppExport.cmake\n'}
[181.742153] (fast_lio) StdoutLine: {'line': b'-- Up-to-date: /home/seeed/ros2/ws/install/fast_lio/share/fast_lio/cmake/fast_lio__rosidl_typesupport_cppExport-release.cmake\n'}
[181.742384] (fast_lio) StdoutLine: {'line': b'-- Up-to-date: /home/seeed/ros2/ws/install/fast_lio/share/fast_lio/cmake/export_fast_lio__rosidl_generator_pyExport.cmake\n'}
[181.742595] (fast_lio) StdoutLine: {'line': b'-- Up-to-date: /home/seeed/ros2/ws/install/fast_lio/share/fast_lio/cmake/export_fast_lio__rosidl_generator_pyExport-release.cmake\n'}
[181.746571] (fast_lio) CommandEnded: {'returncode': 0}
[181.829842] (fast_lio) JobEnded: {'identifier': 'fast_lio', 'rc': 0}
[181.832010] (-) EventReactorShutdown: {}
