[0.000000] (-) TimerEvent: {}
[0.000153] (-) JobUnselected: {'identifier': 'livox_ros_driver2'}
[0.000317] (-) JobUnselected: {'identifier': 'nav_tf_bridge'}
[0.000601] (-) JobUnselected: {'identifier': 'pcd_ndt_localization'}
[0.001116] (-) JobUnselected: {'identifier': 'ranger_base'}
[0.001160] (-) JobUnselected: {'identifier': 'ranger_bringup'}
[0.001450] (-) JobUnselected: {'identifier': 'ranger_msgs'}
[0.001488] (-) JobUnselected: {'identifier': 'ugv_sdk'}
[0.001724] (-) JobUnselected: {'identifier': 'vikit_common'}
[0.001815] (-) JobUnselected: {'identifier': 'vikit_ros'}
[0.001894] (fast_lio) JobQueued: {'identifier': 'fast_lio', 'dependencies': OrderedDict([('livox_ros_driver2', '/home/seeed/ros2/ws/install/livox_ros_driver2')])}
[0.001978] (fast_lio) JobStarted: {'identifier': 'fast_lio'}
[0.024130] (fast_lio) JobProgress: {'identifier': 'fast_lio', 'progress': 'cmake'}
[0.027266] (fast_lio) Command: {'cmd': ['/usr/local/bin/cmake', '/home/seeed/ros2/ws/src/slam/fast_lio', '-DCMAKE_BUILD_TYPE=Release', '-DAMENT_CMAKE_SYMLINK_INSTALL=1', '-DCMAKE_INSTALL_PREFIX=/home/seeed/ros2/ws/install/fast_lio'], 'cwd': '/home/seeed/ros2/ws/build/fast_lio', 'env': OrderedDict([('LANGUAGE', 'zh_CN:en'), ('USER', 'seeed'), ('SSH_CLIENT', '10.200.24.83 44623 22'), ('LC_TIME', 'zh_CN.UTF-8'), ('ROS_PACKAGE_PATH', '/home/seeed/ros2/ws/install/vikit_common/share:/home/seeed/ros2/ws/install/ugv_sdk/share'), ('XDG_SESSION_TYPE', 'tty'), ('SHLVL', '1'), ('LD_LIBRARY_PATH', '/home/seeed/ros2/ws/install/livox_ros_driver2/lib:/home/seeed/ros2/ws/install/vikit_ros/lib:/home/seeed/ros2/ws/install/vikit_common/lib:/home/seeed/ros2/ws/install/ranger_msgs/lib:/home/seeed/ros2/ws/install/fast_lio/lib:/opt/ros/humble/opt/rviz_ogre_vendor/lib:/opt/ros/humble/lib/aarch64-linux-gnu:/opt/ros/humble/lib'), ('MOTD_SHOWN', 'pam'), ('HOME', '/home/seeed'), ('OLDPWD', '/home/seeed'), ('ROS_PYTHON_VERSION', '3'), ('LC_MONETARY', 'zh_CN.UTF-8'), ('LC_CTYPE', 'C.UTF-8'), ('DBUS_SESSION_BUS_ADDRESS', 'unix:path=/run/user/1000/bus'), ('COLCON_PREFIX_PATH', '/home/seeed/ros2/ws/install'), ('ROS_DISTRO', 'humble'), ('LOGNAME', 'seeed'), ('_', '/usr/bin/colcon'), ('ROS_VERSION', '2'), ('PKG_CONFIG_PATH', '/home/seeed/ros2/ws/install/vikit_common/lib/aarch64-linux-gnu/pkgconfig:/home/seeed/ros2/ws/install/vikit_common/lib/pkgconfig:/home/seeed/ros2/ws/install/ugv_sdk/lib/aarch64-linux-gnu/pkgconfig:/home/seeed/ros2/ws/install/ugv_sdk/lib/pkgconfig'), ('XDG_SESSION_CLASS', 'user'), ('XDG_SESSION_ID', '56'), ('ROS_LOCALHOST_ONLY', '0'), ('PATH', '/opt/ros/humble/bin:/usr/local/sbin:/usr/local/bin:/usr/sbin:/usr/bin:/sbin:/bin:/usr/games:/usr/local/games:/snap/bin'), ('PAPERSIZE', 'a4'), ('LC_ADDRESS', 'zh_CN.UTF-8'), ('XDG_RUNTIME_DIR', '/run/user/1000'), ('DISPLAY', 'localhost:11.0'), ('LANG', 'zh_CN.UTF-8'), ('LC_TELEPHONE', 'zh_CN.UTF-8'), ('AMENT_PREFIX_PATH', '/home/seeed/ros2/ws/install/vikit_ros:/home/seeed/ros2/ws/install/ranger_base:/home/seeed/ros2/ws/install/ranger_msgs:/home/seeed/ros2/ws/install/ranger_bringup:/home/seeed/ros2/ws/install/pcd_ndt_localization:/home/seeed/ros2/ws/install/nav_tf_bridge:/home/seeed/ros2/ws/install/fast_lio:/home/seeed/ros2/ws/install/livox_ros_driver2:/opt/ros/humble'), ('SHELL', '/bin/bash'), ('LC_NAME', 'zh_CN.UTF-8'), ('LC_MEASUREMENT', 'zh_CN.UTF-8'), ('LC_IDENTIFICATION', 'zh_CN.UTF-8'), ('PWD', '/home/seeed/ros2/ws/build/fast_lio'), ('LC_ALL', 'en_US.UTF-8'), ('SSH_CONNECTION', '10.200.24.83 44623 10.200.54.207 22'), ('PYTHONPATH', '/home/seeed/ros2/ws/install/ranger_msgs/local/lib/python3.10/dist-packages:/home/seeed/ros2/ws/install/fast_lio/local/lib/python3.10/dist-packages:/home/seeed/ros2/ws/install/livox_ros_driver2/local/lib/python3.10/dist-packages:/opt/ros/humble/lib/python3.10/site-packages:/opt/ros/humble/local/lib/python3.10/dist-packages'), ('LC_NUMERIC', 'zh_CN.UTF-8'), ('LC_PAPER', 'zh_CN.UTF-8'), ('COLCON', '1'), ('CMAKE_PREFIX_PATH', '/home/seeed/ros2/ws/install/livox_ros_driver2:/home/seeed/ros2/ws/install/vikit_ros:/opt/ros/humble:/home/seeed/ros2/ws/install/vikit_common:/home/seeed/ros2/ws/install/ranger_base:/home/seeed/ros2/ws/install/ugv_sdk:/home/seeed/ros2/ws/install/ranger_msgs:/home/seeed/ros2/ws/install/ranger_bringup:/home/seeed/ros2/ws/install/pcd_ndt_localization:/home/seeed/ros2/ws/install/nav_tf_bridge:/home/seeed/ros2/ws/install/fast_lio')]), 'shell': False}
[0.066027] (fast_lio) StderrLine: {'line': b'Current CPU archtecture: aarch64\n'}
[0.075366] (fast_lio) StderrLine: {'line': b'CMake Warning (dev) at CMakeLists.txt:47 (find_package):\n'}
[0.075593] (fast_lio) StderrLine: {'line': b'  Policy CMP0148 is not set: The FindPythonInterp and FindPythonLibs modules\n'}
[0.075748] (fast_lio) StderrLine: {'line': b'  are removed.  Run "cmake --help-policy CMP0148" for policy details.  Use\n'}
[0.075886] (fast_lio) StderrLine: {'line': b'  the cmake_policy command to set the policy and suppress this warning.\n'}
[0.076014] (fast_lio) StderrLine: {'line': b'\n'}
[0.076137] (fast_lio) StderrLine: {'line': b'This warning is for project developers.  Use -Wno-dev to suppress it.\n'}
[0.076260] (fast_lio) StderrLine: {'line': b'\n'}
[0.080427] (fast_lio) StdoutLine: {'line': b'-- Found PythonLibs: /usr/lib/aarch64-linux-gnu/libpython3.10.so (found version "3.10.12") \n'}
[0.083672] (fast_lio) StdoutLine: {'line': b'-- Found ament_cmake: 1.3.14 (/opt/ros/humble/share/ament_cmake/cmake)\n'}
[0.099296] (-) TimerEvent: {}
[0.199538] (-) TimerEvent: {}
[0.299819] (-) TimerEvent: {}
[0.400064] (-) TimerEvent: {}
[0.500340] (-) TimerEvent: {}
[0.535589] (fast_lio) StdoutLine: {'line': b'-- Override CMake install command with custom implementation using symlinks instead of copying resources\n'}
[0.567077] (fast_lio) StdoutLine: {'line': b'-- Found rclcpp: 16.0.19 (/opt/ros/humble/share/rclcpp/cmake)\n'}
[0.600439] (-) TimerEvent: {}
[0.664822] (fast_lio) StdoutLine: {'line': b'-- Found rosidl_generator_c: 3.1.8 (/opt/ros/humble/share/rosidl_generator_c/cmake)\n'}
[0.673405] (fast_lio) StdoutLine: {'line': b'-- Found rosidl_adapter: 3.1.8 (/opt/ros/humble/share/rosidl_adapter/cmake)\n'}
[0.694514] (fast_lio) StdoutLine: {'line': b'-- Found rosidl_generator_cpp: 3.1.8 (/opt/ros/humble/share/rosidl_generator_cpp/cmake)\n'}
[0.700537] (-) TimerEvent: {}
[0.728413] (fast_lio) StdoutLine: {'line': b'-- Using all available rosidl_typesupport_c: rosidl_typesupport_fastrtps_c;rosidl_typesupport_introspection_c\n'}
[0.770973] (fast_lio) StdoutLine: {'line': b'-- Using all available rosidl_typesupport_cpp: rosidl_typesupport_fastrtps_cpp;rosidl_typesupport_introspection_cpp\n'}
[0.800640] (-) TimerEvent: {}
[0.881831] (fast_lio) StdoutLine: {'line': b'-- Found rmw_implementation_cmake: 6.1.2 (/opt/ros/humble/share/rmw_implementation_cmake/cmake)\n'}
[0.887167] (fast_lio) StdoutLine: {'line': b'-- Found rmw_fastrtps_cpp: 6.2.10 (/opt/ros/humble/share/rmw_fastrtps_cpp/cmake)\n'}
[0.900716] (-) TimerEvent: {}
[1.000890] (-) TimerEvent: {}
[1.101161] (-) TimerEvent: {}
[1.161819] (fast_lio) StdoutLine: {'line': b"-- Using RMW implementation 'rmw_fastrtps_cpp' as default\n"}
[1.201250] (-) TimerEvent: {}
[1.301457] (-) TimerEvent: {}
[1.328405] (fast_lio) StdoutLine: {'line': b'-- Found rclcpp_components: 16.0.19 (/opt/ros/humble/share/rclcpp_components/cmake)\n'}
[1.389410] (fast_lio) StdoutLine: {'line': b'-- Found geometry_msgs: 4.9.1 (/opt/ros/humble/share/geometry_msgs/cmake)\n'}
[1.401539] (-) TimerEvent: {}
[1.429520] (fast_lio) StdoutLine: {'line': b'-- Found nav_msgs: 4.9.1 (/opt/ros/humble/share/nav_msgs/cmake)\n'}
[1.480199] (fast_lio) StdoutLine: {'line': b'-- Found sensor_msgs: 4.9.1 (/opt/ros/humble/share/sensor_msgs/cmake)\n'}
[1.501625] (-) TimerEvent: {}
[1.532986] (fast_lio) StdoutLine: {'line': b'-- Found std_srvs: 4.9.1 (/opt/ros/humble/share/std_srvs/cmake)\n'}
[1.564332] (fast_lio) StdoutLine: {'line': b'-- Found visualization_msgs: 4.9.1 (/opt/ros/humble/share/visualization_msgs/cmake)\n'}
[1.601720] (-) TimerEvent: {}
[1.622458] (fast_lio) StdoutLine: {'line': b'-- Found pcl_ros: 2.4.5 (/opt/ros/humble/share/pcl_ros/cmake)\n'}
[1.701846] (-) TimerEvent: {}
[1.721013] (fast_lio) StderrLine: {'line': b'CMake Warning (dev) at /usr/lib/aarch64-linux-gnu/cmake/pcl/PCLConfig.cmake:146 (find_package):\n'}
[1.721372] (fast_lio) StderrLine: {'line': b'  Policy CMP0144 is not set: find_package uses upper-case <PACKAGENAME>_ROOT\n'}
[1.721529] (fast_lio) StderrLine: {'line': b'  variables.  Run "cmake --help-policy CMP0144" for policy details.  Use the\n'}
[1.721663] (fast_lio) StderrLine: {'line': b'  cmake_policy command to set the policy and suppress this warning.\n'}
[1.721792] (fast_lio) StderrLine: {'line': b'\n'}
[1.721914] (fast_lio) StderrLine: {'line': b'  CMake variable EIGEN_ROOT is set to:\n'}
[1.722033] (fast_lio) StderrLine: {'line': b'\n'}
[1.722150] (fast_lio) StderrLine: {'line': b'    /usr/include/eigen3\n'}
[1.722267] (fast_lio) StderrLine: {'line': b'\n'}
[1.722383] (fast_lio) StderrLine: {'line': b'  For compatibility, find_package is ignoring the variable, but code in a\n'}
[1.722501] (fast_lio) StderrLine: {'line': b'  .cmake module might still use it.\n'}
[1.722618] (fast_lio) StderrLine: {'line': b'Call Stack (most recent call first):\n'}
[1.722732] (fast_lio) StderrLine: {'line': b'  /usr/lib/aarch64-linux-gnu/cmake/pcl/PCLConfig.cmake:299 (find_eigen)\n'}
[1.722890] (fast_lio) StderrLine: {'line': b'  /usr/lib/aarch64-linux-gnu/cmake/pcl/PCLConfig.cmake:543 (find_external_library)\n'}
[1.723016] (fast_lio) StderrLine: {'line': b'  /opt/ros/humble/share/pcl_conversions/cmake/ament_cmake_export_dependencies-extras.cmake:21 (find_package)\n'}
[1.723161] (fast_lio) StderrLine: {'line': b'  /opt/ros/humble/share/pcl_conversions/cmake/pcl_conversionsConfig.cmake:41 (include)\n'}
[1.723290] (fast_lio) StderrLine: {'line': b'  /opt/ros/humble/share/pcl_ros/cmake/ament_cmake_export_dependencies-extras.cmake:21 (find_package)\n'}
[1.723413] (fast_lio) StderrLine: {'line': b'  /opt/ros/humble/share/pcl_ros/cmake/pcl_rosConfig.cmake:41 (include)\n'}
[1.723532] (fast_lio) StderrLine: {'line': b'  CMakeLists.txt:60 (find_package)\n'}
[1.723648] (fast_lio) StderrLine: {'line': b'This warning is for project developers.  Use -Wno-dev to suppress it.\n'}
[1.723762] (fast_lio) StderrLine: {'line': b'\n'}
[1.733499] (fast_lio) StdoutLine: {'line': b'-- Eigen found (include: /usr/include/eigen3, version: 3.4.0)\n'}
[1.767470] (fast_lio) StderrLine: {'line': b'CMake Warning (dev) at /usr/lib/aarch64-linux-gnu/cmake/pcl/Modules/FindFLANN.cmake:44 (find_package):\n'}
[1.767728] (fast_lio) StderrLine: {'line': b'  Policy CMP0144 is not set: find_package uses upper-case <PACKAGENAME>_ROOT\n'}
[1.767878] (fast_lio) StderrLine: {'line': b'  variables.  Run "cmake --help-policy CMP0144" for policy details.  Use the\n'}
[1.768013] (fast_lio) StderrLine: {'line': b'  cmake_policy command to set the policy and suppress this warning.\n'}
[1.768143] (fast_lio) StderrLine: {'line': b'\n'}
[1.768265] (fast_lio) StderrLine: {'line': b'  CMake variable FLANN_ROOT is set to:\n'}
[1.768386] (fast_lio) StderrLine: {'line': b'\n'}
[1.768504] (fast_lio) StderrLine: {'line': b'    /usr\n'}
[1.768621] (fast_lio) StderrLine: {'line': b'\n'}
[1.768736] (fast_lio) StderrLine: {'line': b'  For compatibility, find_package is ignoring the variable, but code in a\n'}
[1.768852] (fast_lio) StderrLine: {'line': b'  .cmake module might still use it.\n'}
[1.768968] (fast_lio) StderrLine: {'line': b'Call Stack (most recent call first):\n'}
[1.769085] (fast_lio) StderrLine: {'line': b'  /usr/lib/aarch64-linux-gnu/cmake/pcl/PCLConfig.cmake:256 (find_package)\n'}
[1.769200] (fast_lio) StderrLine: {'line': b'  /usr/lib/aarch64-linux-gnu/cmake/pcl/PCLConfig.cmake:301 (find_flann)\n'}
[1.769316] (fast_lio) StderrLine: {'line': b'  /usr/lib/aarch64-linux-gnu/cmake/pcl/PCLConfig.cmake:543 (find_external_library)\n'}
[1.769434] (fast_lio) StderrLine: {'line': b'  /opt/ros/humble/share/pcl_conversions/cmake/ament_cmake_export_dependencies-extras.cmake:21 (find_package)\n'}
[1.769550] (fast_lio) StderrLine: {'line': b'  /opt/ros/humble/share/pcl_conversions/cmake/pcl_conversionsConfig.cmake:41 (include)\n'}
[1.769701] (fast_lio) StderrLine: {'line': b'  /opt/ros/humble/share/pcl_ros/cmake/ament_cmake_export_dependencies-extras.cmake:21 (find_package)\n'}
[1.769841] (fast_lio) StderrLine: {'line': b'  /opt/ros/humble/share/pcl_ros/cmake/pcl_rosConfig.cmake:41 (include)\n'}
[1.769961] (fast_lio) StderrLine: {'line': b'  CMakeLists.txt:60 (find_package)\n'}
[1.770077] (fast_lio) StderrLine: {'line': b'This warning is for project developers.  Use -Wno-dev to suppress it.\n'}
[1.770194] (fast_lio) StderrLine: {'line': b'\n'}
[1.801950] (-) TimerEvent: {}
[1.818358] (fast_lio) StdoutLine: {'line': b'-- FLANN found (include: /usr/include, lib: /usr/lib/aarch64-linux-gnu/libflann_cpp.so)\n'}
[1.902067] (-) TimerEvent: {}
[2.002388] (-) TimerEvent: {}
[2.102804] (-) TimerEvent: {}
[2.203238] (-) TimerEvent: {}
[2.303603] (-) TimerEvent: {}
[2.403866] (-) TimerEvent: {}
[2.504188] (-) TimerEvent: {}
[2.604511] (-) TimerEvent: {}
[2.704816] (-) TimerEvent: {}
[2.805149] (-) TimerEvent: {}
[2.882601] (fast_lio) StdoutLine: {'line': b'-- OpenNI found (version: 1.5.4.0, include: /usr/include/ni, lib: /usr/lib/libOpenNI.so;libusb::libusb)\n'}
[2.896185] (fast_lio) StdoutLine: {'line': b'-- OpenNI2 found (version: 2.2.0.33, include: /usr/include/openni2, lib: /usr/lib/aarch64-linux-gnu/libOpenNI2.so;libusb::libusb)\n'}
[2.905204] (-) TimerEvent: {}
[3.005388] (-) TimerEvent: {}
[3.105653] (-) TimerEvent: {}
[3.206011] (-) TimerEvent: {}
[3.306367] (-) TimerEvent: {}
[3.406699] (-) TimerEvent: {}
[3.474042] (fast_lio) StdoutLine: {'line': b'-- Eigen found (include: /usr/include/eigen3, version: 3.4.0)\n'}
[3.488228] (fast_lio) StdoutLine: {'line': b'-- OpenNI found (version: 1.5.4.0, include: /usr/include/ni, lib: /usr/lib/libOpenNI.so;libusb::libusb)\n'}
[3.502114] (fast_lio) StdoutLine: {'line': b'-- OpenNI2 found (version: 2.2.0.33, include: /usr/include/openni2, lib: /usr/lib/aarch64-linux-gnu/libOpenNI2.so;libusb::libusb)\n'}
[3.506756] (-) TimerEvent: {}
[3.606982] (-) TimerEvent: {}
[3.707332] (-) TimerEvent: {}
[3.807686] (-) TimerEvent: {}
[3.907971] (-) TimerEvent: {}
[4.008302] (-) TimerEvent: {}
[4.061654] (fast_lio) StdoutLine: {'line': b'-- Found Qhull version 8.0.2\n'}
[4.108383] (-) TimerEvent: {}
[4.208683] (-) TimerEvent: {}
[4.309078] (-) TimerEvent: {}
[4.409430] (-) TimerEvent: {}
[4.509803] (-) TimerEvent: {}
[4.610169] (-) TimerEvent: {}
[4.631465] (fast_lio) StdoutLine: {'line': b'-- OpenNI found (version: 1.5.4.0, include: /usr/include/ni, lib: /usr/lib/libOpenNI.so;libusb::libusb)\n'}
[4.710284] (-) TimerEvent: {}
[4.810617] (-) TimerEvent: {}
[4.910973] (-) TimerEvent: {}
[5.011340] (-) TimerEvent: {}
[5.111710] (-) TimerEvent: {}
[5.212030] (-) TimerEvent: {}
[5.261979] (fast_lio) StdoutLine: {'line': b'-- Found eigen3_cmake_module: 0.1.1 (/opt/ros/humble/share/eigen3_cmake_module/cmake)\n'}
[5.265624] (fast_lio) StdoutLine: {'line': b'-- Ensuring Eigen3 include directory is part of orocos-kdl CMake target\n'}
[5.312130] (-) TimerEvent: {}
[5.412372] (-) TimerEvent: {}
[5.447738] (fast_lio) StdoutLine: {'line': b'-- Found livox_ros_driver2: 1.0.0 (/home/seeed/ros2/ws/install/livox_ros_driver2/share/livox_ros_driver2/cmake)\n'}
[5.504894] (fast_lio) StdoutLine: {'line': b'-- Found rosidl_default_generators: 1.2.1 (/opt/ros/humble/share/rosidl_default_generators/cmake)\n'}
[5.512443] (-) TimerEvent: {}
[5.540661] (fast_lio) StderrLine: {'line': b'CMake Warning (dev) at CMakeLists.txt:81 (find_package):\n'}
[5.541013] (fast_lio) StderrLine: {'line': b'  Policy CMP0074 is not set: find_package uses <PackageName>_ROOT variables.\n'}
[5.541179] (fast_lio) StderrLine: {'line': b'  Run "cmake --help-policy CMP0074" for policy details.  Use the cmake_policy\n'}
[5.541321] (fast_lio) StderrLine: {'line': b'  command to set the policy and suppress this warning.\n'}
[5.541452] (fast_lio) StderrLine: {'line': b'\n'}
[5.541576] (fast_lio) StderrLine: {'line': b'  CMake variable PCL_ROOT is set to:\n'}
[5.541697] (fast_lio) StderrLine: {'line': b'\n'}
[5.541815] (fast_lio) StderrLine: {'line': b'    /usr\n'}
[5.541934] (fast_lio) StderrLine: {'line': b'\n'}
[5.542052] (fast_lio) StderrLine: {'line': b'  For compatibility, CMake is ignoring the variable.\n'}
[5.542204] (fast_lio) StderrLine: {'line': b'This warning is for project developers.  Use -Wno-dev to suppress it.\n'}
[5.542327] (fast_lio) StderrLine: {'line': b'\n'}
[5.555762] (fast_lio) StderrLine: {'line': b'Eigen:/usr/include/eigen3\n'}
[5.556033] (fast_lio) StdoutLine: {'line': b'-- PCL: /usr/include/pcl-1.12\n'}
[5.612571] (-) TimerEvent: {}
[5.712826] (-) TimerEvent: {}
[5.813146] (-) TimerEvent: {}
[5.913529] (-) TimerEvent: {}
[6.013817] (-) TimerEvent: {}
[6.114122] (-) TimerEvent: {}
[6.214493] (-) TimerEvent: {}
[6.314829] (-) TimerEvent: {}
[6.415390] (-) TimerEvent: {}
[6.512180] (fast_lio) StdoutLine: {'line': b'-- Found ament_cmake_ros: 0.10.0 (/opt/ros/humble/share/ament_cmake_ros/cmake)\n'}
[6.515458] (-) TimerEvent: {}
[6.615710] (-) TimerEvent: {}
[6.716061] (-) TimerEvent: {}
[6.816415] (-) TimerEvent: {}
[6.916769] (-) TimerEvent: {}
[7.017141] (-) TimerEvent: {}
[7.117495] (-) TimerEvent: {}
[7.217845] (-) TimerEvent: {}
[7.318197] (-) TimerEvent: {}
[7.418532] (-) TimerEvent: {}
[7.518962] (-) TimerEvent: {}
[7.619371] (-) TimerEvent: {}
[7.719723] (-) TimerEvent: {}
[7.820146] (-) TimerEvent: {}
[7.920528] (-) TimerEvent: {}
[8.020941] (-) TimerEvent: {}
[8.121293] (-) TimerEvent: {}
[8.142600] (fast_lio) StdoutLine: {'line': b'-- Using all available rosidl_typesupport_c: rosidl_typesupport_fastrtps_c;rosidl_typesupport_introspection_c\n'}
[8.221429] (-) TimerEvent: {}
[8.321786] (-) TimerEvent: {}
[8.422167] (-) TimerEvent: {}
[8.522541] (-) TimerEvent: {}
[8.622905] (-) TimerEvent: {}
[8.723245] (-) TimerEvent: {}
[8.793798] (fast_lio) StdoutLine: {'line': b'-- Using all available rosidl_typesupport_cpp: rosidl_typesupport_fastrtps_cpp;rosidl_typesupport_introspection_cpp\n'}
[8.806135] (fast_lio) StderrLine: {'line': b'CMake Warning (dev) at /opt/ros/humble/share/rosidl_generator_py/cmake/rosidl_generator_py_generate_interfaces.cmake:20 (find_package):\n'}
[8.806493] (fast_lio) StderrLine: {'line': b'  Policy CMP0148 is not set: The FindPythonInterp and FindPythonLibs modules\n'}
[8.806757] (fast_lio) StderrLine: {'line': b'  are removed.  Run "cmake --help-policy CMP0148" for policy details.  Use\n'}
[8.807059] (fast_lio) StderrLine: {'line': b'  the cmake_policy command to set the policy and suppress this warning.\n'}
[8.807295] (fast_lio) StderrLine: {'line': b'\n'}
[8.807515] (fast_lio) StderrLine: {'line': b'Call Stack (most recent call first):\n'}
[8.807729] (fast_lio) StderrLine: {'line': b'  /opt/ros/humble/share/ament_cmake_core/cmake/core/ament_execute_extensions.cmake:48 (include)\n'}
[8.807937] (fast_lio) StderrLine: {'line': b'  /opt/ros/humble/share/rosidl_cmake/cmake/rosidl_generate_interfaces.cmake:286 (ament_execute_extensions)\n'}
[8.808146] (fast_lio) StderrLine: {'line': b'  CMakeLists.txt:90 (rosidl_generate_interfaces)\n'}
[8.808352] (fast_lio) StderrLine: {'line': b'This warning is for project developers.  Use -Wno-dev to suppress it.\n'}
[8.808559] (fast_lio) StderrLine: {'line': b'\n'}
[8.823324] (-) TimerEvent: {}
[8.858905] (fast_lio) StdoutLine: {'line': b'-- Found python_cmake_module: 0.10.0 (/opt/ros/humble/share/python_cmake_module/cmake)\n'}
[8.860920] (fast_lio) StderrLine: {'line': b'CMake Warning (dev) at /opt/ros/humble/share/python_cmake_module/cmake/Modules/FindPythonExtra.cmake:52 (find_package):\n'}
[8.861191] (fast_lio) StderrLine: {'line': b'  Policy CMP0148 is not set: The FindPythonInterp and FindPythonLibs modules\n'}
[8.861466] (fast_lio) StderrLine: {'line': b'  are removed.  Run "cmake --help-policy CMP0148" for policy details.  Use\n'}
[8.861691] (fast_lio) StderrLine: {'line': b'  the cmake_policy command to set the policy and suppress this warning.\n'}
[8.861906] (fast_lio) StderrLine: {'line': b'\n'}
[8.862112] (fast_lio) StderrLine: {'line': b'Call Stack (most recent call first):\n'}
[8.862316] (fast_lio) StderrLine: {'line': b'  /opt/ros/humble/share/rosidl_generator_py/cmake/rosidl_generator_py_generate_interfaces.cmake:23 (find_package)\n'}
[8.862522] (fast_lio) StderrLine: {'line': b'  /opt/ros/humble/share/ament_cmake_core/cmake/core/ament_execute_extensions.cmake:48 (include)\n'}
[8.862757] (fast_lio) StderrLine: {'line': b'  /opt/ros/humble/share/rosidl_cmake/cmake/rosidl_generate_interfaces.cmake:286 (ament_execute_extensions)\n'}
[8.863020] (fast_lio) StderrLine: {'line': b'  CMakeLists.txt:90 (rosidl_generate_interfaces)\n'}
[8.863218] (fast_lio) StderrLine: {'line': b'This warning is for project developers.  Use -Wno-dev to suppress it.\n'}
[8.863362] (fast_lio) StderrLine: {'line': b'\n'}
[8.912348] (fast_lio) StderrLine: {'line': b'CMake Warning (dev) at /opt/ros/humble/share/python_cmake_module/cmake/Modules/FindPythonExtra.cmake:140 (find_package):\n'}
[8.912826] (fast_lio) StderrLine: {'line': b'  Policy CMP0148 is not set: The FindPythonInterp and FindPythonLibs modules\n'}
[8.913066] (fast_lio) StderrLine: {'line': b'  are removed.  Run "cmake --help-policy CMP0148" for policy details.  Use\n'}
[8.913335] (fast_lio) StderrLine: {'line': b'  the cmake_policy command to set the policy and suppress this warning.\n'}
[8.913553] (fast_lio) StderrLine: {'line': b'\n'}
[8.913765] (fast_lio) StderrLine: {'line': b'Call Stack (most recent call first):\n'}
[8.913976] (fast_lio) StderrLine: {'line': b'  /opt/ros/humble/share/rosidl_generator_py/cmake/rosidl_generator_py_generate_interfaces.cmake:23 (find_package)\n'}
[8.914187] (fast_lio) StderrLine: {'line': b'  /opt/ros/humble/share/ament_cmake_core/cmake/core/ament_execute_extensions.cmake:48 (include)\n'}
[8.914396] (fast_lio) StderrLine: {'line': b'  /opt/ros/humble/share/rosidl_cmake/cmake/rosidl_generate_interfaces.cmake:286 (ament_execute_extensions)\n'}
[8.914604] (fast_lio) StderrLine: {'line': b'  CMakeLists.txt:90 (rosidl_generate_interfaces)\n'}
[8.914846] (fast_lio) StderrLine: {'line': b'This warning is for project developers.  Use -Wno-dev to suppress it.\n'}
[8.915070] (fast_lio) StderrLine: {'line': b'\n'}
[8.919984] (fast_lio) StdoutLine: {'line': b'-- Found PythonLibs: /usr/lib/aarch64-linux-gnu/libpython3.10.so (found suitable version "3.10.12", minimum required is "3.5") \n'}
[8.920544] (fast_lio) StdoutLine: {'line': b'-- Using PYTHON_EXECUTABLE: /usr/bin/python3\n'}
[8.920785] (fast_lio) StdoutLine: {'line': b'-- Using PYTHON_INCLUDE_DIRS: /usr/include/python3.10\n'}
[8.921002] (fast_lio) StdoutLine: {'line': b'-- Using PYTHON_LIBRARIES: /usr/lib/aarch64-linux-gnu/libpython3.10.so\n'}
[8.923418] (-) TimerEvent: {}
[9.023738] (-) TimerEvent: {}
[9.124082] (-) TimerEvent: {}
[9.224434] (-) TimerEvent: {}
[9.324807] (-) TimerEvent: {}
[9.408956] (fast_lio) StdoutLine: {'line': b'-- Configuring done (9.4s)\n'}
[9.424888] (-) TimerEvent: {}
[9.525108] (-) TimerEvent: {}
[9.620977] (fast_lio) StdoutLine: {'line': b'-- Generating done (0.2s)\n'}
[9.625178] (-) TimerEvent: {}
[9.659765] (fast_lio) StdoutLine: {'line': b'-- Build files have been written to: /home/seeed/ros2/ws/build/fast_lio\n'}
[9.719744] (fast_lio) CommandEnded: {'returncode': 0}
[9.721937] (fast_lio) JobProgress: {'identifier': 'fast_lio', 'progress': 'build'}
[9.725263] (fast_lio) Command: {'cmd': ['/usr/local/bin/cmake', '--build', '/home/seeed/ros2/ws/build/fast_lio', '--', '-j6', '-l6'], 'cwd': '/home/seeed/ros2/ws/build/fast_lio', 'env': OrderedDict([('LANGUAGE', 'zh_CN:en'), ('USER', 'seeed'), ('SSH_CLIENT', '10.200.24.83 44623 22'), ('LC_TIME', 'zh_CN.UTF-8'), ('ROS_PACKAGE_PATH', '/home/seeed/ros2/ws/install/vikit_common/share:/home/seeed/ros2/ws/install/ugv_sdk/share'), ('XDG_SESSION_TYPE', 'tty'), ('SHLVL', '1'), ('LD_LIBRARY_PATH', '/home/seeed/ros2/ws/install/livox_ros_driver2/lib:/home/seeed/ros2/ws/install/vikit_ros/lib:/home/seeed/ros2/ws/install/vikit_common/lib:/home/seeed/ros2/ws/install/ranger_msgs/lib:/home/seeed/ros2/ws/install/fast_lio/lib:/opt/ros/humble/opt/rviz_ogre_vendor/lib:/opt/ros/humble/lib/aarch64-linux-gnu:/opt/ros/humble/lib'), ('MOTD_SHOWN', 'pam'), ('HOME', '/home/seeed'), ('OLDPWD', '/home/seeed'), ('ROS_PYTHON_VERSION', '3'), ('LC_MONETARY', 'zh_CN.UTF-8'), ('LC_CTYPE', 'C.UTF-8'), ('DBUS_SESSION_BUS_ADDRESS', 'unix:path=/run/user/1000/bus'), ('COLCON_PREFIX_PATH', '/home/seeed/ros2/ws/install'), ('ROS_DISTRO', 'humble'), ('LOGNAME', 'seeed'), ('_', '/usr/bin/colcon'), ('ROS_VERSION', '2'), ('PKG_CONFIG_PATH', '/home/seeed/ros2/ws/install/vikit_common/lib/aarch64-linux-gnu/pkgconfig:/home/seeed/ros2/ws/install/vikit_common/lib/pkgconfig:/home/seeed/ros2/ws/install/ugv_sdk/lib/aarch64-linux-gnu/pkgconfig:/home/seeed/ros2/ws/install/ugv_sdk/lib/pkgconfig'), ('XDG_SESSION_CLASS', 'user'), ('XDG_SESSION_ID', '56'), ('ROS_LOCALHOST_ONLY', '0'), ('PATH', '/opt/ros/humble/bin:/usr/local/sbin:/usr/local/bin:/usr/sbin:/usr/bin:/sbin:/bin:/usr/games:/usr/local/games:/snap/bin'), ('PAPERSIZE', 'a4'), ('LC_ADDRESS', 'zh_CN.UTF-8'), ('XDG_RUNTIME_DIR', '/run/user/1000'), ('DISPLAY', 'localhost:11.0'), ('LANG', 'zh_CN.UTF-8'), ('LC_TELEPHONE', 'zh_CN.UTF-8'), ('AMENT_PREFIX_PATH', '/home/seeed/ros2/ws/install/vikit_ros:/home/seeed/ros2/ws/install/ranger_base:/home/seeed/ros2/ws/install/ranger_msgs:/home/seeed/ros2/ws/install/ranger_bringup:/home/seeed/ros2/ws/install/pcd_ndt_localization:/home/seeed/ros2/ws/install/nav_tf_bridge:/home/seeed/ros2/ws/install/fast_lio:/home/seeed/ros2/ws/install/livox_ros_driver2:/opt/ros/humble'), ('SHELL', '/bin/bash'), ('LC_NAME', 'zh_CN.UTF-8'), ('LC_MEASUREMENT', 'zh_CN.UTF-8'), ('LC_IDENTIFICATION', 'zh_CN.UTF-8'), ('PWD', '/home/seeed/ros2/ws/build/fast_lio'), ('LC_ALL', 'en_US.UTF-8'), ('SSH_CONNECTION', '10.200.24.83 44623 10.200.54.207 22'), ('PYTHONPATH', '/home/seeed/ros2/ws/install/ranger_msgs/local/lib/python3.10/dist-packages:/home/seeed/ros2/ws/install/fast_lio/local/lib/python3.10/dist-packages:/home/seeed/ros2/ws/install/livox_ros_driver2/local/lib/python3.10/dist-packages:/opt/ros/humble/lib/python3.10/site-packages:/opt/ros/humble/local/lib/python3.10/dist-packages'), ('LC_NUMERIC', 'zh_CN.UTF-8'), ('LC_PAPER', 'zh_CN.UTF-8'), ('COLCON', '1'), ('CMAKE_PREFIX_PATH', '/home/seeed/ros2/ws/install/livox_ros_driver2:/home/seeed/ros2/ws/install/vikit_ros:/opt/ros/humble:/home/seeed/ros2/ws/install/vikit_common:/home/seeed/ros2/ws/install/ranger_base:/home/seeed/ros2/ws/install/ugv_sdk:/home/seeed/ros2/ws/install/ranger_msgs:/home/seeed/ros2/ws/install/ranger_bringup:/home/seeed/ros2/ws/install/pcd_ndt_localization:/home/seeed/ros2/ws/install/nav_tf_bridge:/home/seeed/ros2/ws/install/fast_lio')]), 'shell': False}
[9.727494] (-) TimerEvent: {}
[9.782003] (fast_lio) StdoutLine: {'line': b'[  5%] Built target fast_lio__cpp\n'}
[9.782546] (fast_lio) StdoutLine: {'line': b'[  5%] Built target fast_lio__rs\n'}
[9.789477] (fast_lio) StdoutLine: {'line': b'[  8%] Built target ament_cmake_python_symlink_fast_lio\n'}
[9.789965] (fast_lio) StdoutLine: {'line': b'[ 13%] Built target fast_lio__rosidl_generator_c\n'}
[9.806579] (fast_lio) StdoutLine: {'line': b'[ 30%] Built target fast_lio__rosidl_typesupport_cpp\n'}
[9.807736] (fast_lio) StdoutLine: {'line': b'[ 30%] Built target fast_lio__rosidl_typesupport_introspection_cpp\n'}
[9.808459] (fast_lio) StdoutLine: {'line': b'[ 38%] Built target fast_lio__rosidl_typesupport_fastrtps_cpp\n'}
[9.812188] (fast_lio) StdoutLine: {'line': b'[ 47%] Built target fast_lio__rosidl_typesupport_introspection_c\n'}
[9.816377] (fast_lio) StdoutLine: {'line': b'[ 55%] Built target fast_lio__rosidl_typesupport_fastrtps_c\n'}
[9.827219] (fast_lio) StdoutLine: {'line': b'[ 63%] Built target fast_lio__rosidl_typesupport_c\n'}
[9.827701] (-) TimerEvent: {}
[9.842153] (fast_lio) StdoutLine: {'line': b'[ 63%] Built target fast_lio\n'}
[9.857252] (fast_lio) StdoutLine: {'line': b'[ 66%] Built target fast_lio__py\n'}
[9.879342] (fast_lio) StdoutLine: {'line': b'[ 72%] Built target fast_lio__rosidl_generator_py\n'}
[9.903386] (fast_lio) StdoutLine: {'line': b'[ 77%] Building CXX object CMakeFiles/fastlio_mapping.dir/src/laserMapping.cpp.o\n'}
[9.903836] (fast_lio) StdoutLine: {'line': b'[ 80%] Built target fast_lio__rosidl_typesupport_c__pyext\n'}
[9.904275] (fast_lio) StdoutLine: {'line': b'[ 86%] Built target fast_lio__rosidl_typesupport_fastrtps_c__pyext\n'}
[9.904641] (fast_lio) StdoutLine: {'line': b'[ 91%] Built target fast_lio__rosidl_typesupport_introspection_c__pyext\n'}
[9.906327] (fast_lio) StdoutLine: {'line': b'[ 94%] Building CXX object CMakeFiles/fastlio_mapping.dir/src/preprocess.cpp.o\n'}
[9.927894] (-) TimerEvent: {}
[10.028204] (-) TimerEvent: {}
[10.128518] (-) TimerEvent: {}
[10.228827] (-) TimerEvent: {}
[10.329107] (-) TimerEvent: {}
[10.334214] (fast_lio) StdoutLine: {'line': b'running egg_info\n'}
[10.336013] (fast_lio) StdoutLine: {'line': b'writing fast_lio.egg-info/PKG-INFO\n'}
[10.336678] (fast_lio) StdoutLine: {'line': b'writing dependency_links to fast_lio.egg-info/dependency_links.txt\n'}
[10.337126] (fast_lio) StdoutLine: {'line': b'writing top-level names to fast_lio.egg-info/top_level.txt\n'}
[10.342064] (fast_lio) StdoutLine: {'line': b"reading manifest file 'fast_lio.egg-info/SOURCES.txt'\n"}
[10.343330] (fast_lio) StdoutLine: {'line': b"writing manifest file 'fast_lio.egg-info/SOURCES.txt'\n"}
[10.405682] (fast_lio) StdoutLine: {'line': b'[ 94%] Built target ament_cmake_python_build_fast_lio_egg\n'}
[10.429237] (-) TimerEvent: {}
[10.529505] (-) TimerEvent: {}
[10.629787] (-) TimerEvent: {}
[10.730048] (-) TimerEvent: {}
[10.830307] (-) TimerEvent: {}
[10.930640] (-) TimerEvent: {}
[11.031092] (-) TimerEvent: {}
[11.131536] (-) TimerEvent: {}
[11.231970] (-) TimerEvent: {}
[11.332401] (-) TimerEvent: {}
[11.432830] (-) TimerEvent: {}
[11.533260] (-) TimerEvent: {}
[11.633691] (-) TimerEvent: {}
[11.734057] (-) TimerEvent: {}
[11.834369] (-) TimerEvent: {}
[11.934751] (-) TimerEvent: {}
[12.035200] (-) TimerEvent: {}
[12.135569] (-) TimerEvent: {}
[12.235863] (-) TimerEvent: {}
[12.336224] (-) TimerEvent: {}
[12.436664] (-) TimerEvent: {}
[12.537330] (-) TimerEvent: {}
[12.638033] (-) TimerEvent: {}
[12.738482] (-) TimerEvent: {}
[12.838917] (-) TimerEvent: {}
[12.939347] (-) TimerEvent: {}
[13.039841] (-) TimerEvent: {}
[13.140267] (-) TimerEvent: {}
[13.240699] (-) TimerEvent: {}
[13.341129] (-) TimerEvent: {}
[13.441556] (-) TimerEvent: {}
[13.542219] (-) TimerEvent: {}
[13.642914] (-) TimerEvent: {}
[13.743359] (-) TimerEvent: {}
[13.843795] (-) TimerEvent: {}
[13.944221] (-) TimerEvent: {}
[14.044635] (-) TimerEvent: {}
[14.144999] (-) TimerEvent: {}
[14.245298] (-) TimerEvent: {}
[14.345675] (-) TimerEvent: {}
[14.446344] (-) TimerEvent: {}
[14.546804] (-) TimerEvent: {}
[14.647238] (-) TimerEvent: {}
[14.747689] (-) TimerEvent: {}
[14.848128] (-) TimerEvent: {}
[14.948814] (-) TimerEvent: {}
[15.049248] (-) TimerEvent: {}
[15.149695] (-) TimerEvent: {}
[15.250134] (-) TimerEvent: {}
[15.350577] (-) TimerEvent: {}
[15.451198] (-) TimerEvent: {}
[15.551635] (-) TimerEvent: {}
[15.652078] (-) TimerEvent: {}
[15.752522] (-) TimerEvent: {}
[15.852964] (-) TimerEvent: {}
[15.953401] (-) TimerEvent: {}
[16.053825] (-) TimerEvent: {}
[16.154190] (-) TimerEvent: {}
[16.254570] (-) TimerEvent: {}
[16.355216] (-) TimerEvent: {}
[16.455644] (-) TimerEvent: {}
[16.556084] (-) TimerEvent: {}
[16.656524] (-) TimerEvent: {}
[16.756967] (-) TimerEvent: {}
[16.857636] (-) TimerEvent: {}
[16.958329] (-) TimerEvent: {}
[17.058797] (-) TimerEvent: {}
[17.159205] (-) TimerEvent: {}
[17.259642] (-) TimerEvent: {}
[17.360096] (-) TimerEvent: {}
[17.460543] (-) TimerEvent: {}
[17.560981] (-) TimerEvent: {}
[17.661434] (-) TimerEvent: {}
[17.761879] (-) TimerEvent: {}
[17.862243] (-) TimerEvent: {}
[17.962553] (-) TimerEvent: {}
[18.062860] (-) TimerEvent: {}
[18.163198] (-) TimerEvent: {}
[18.263569] (-) TimerEvent: {}
[18.364177] (-) TimerEvent: {}
[18.464848] (-) TimerEvent: {}
[18.565291] (-) TimerEvent: {}
[18.665729] (-) TimerEvent: {}
[18.766172] (-) TimerEvent: {}
[18.866882] (-) TimerEvent: {}
[18.967571] (-) TimerEvent: {}
[19.068021] (-) TimerEvent: {}
[19.168459] (-) TimerEvent: {}
[19.268898] (-) TimerEvent: {}
[19.369351] (-) TimerEvent: {}
[19.469798] (-) TimerEvent: {}
[19.570234] (-) TimerEvent: {}
[19.670678] (-) TimerEvent: {}
[19.771134] (-) TimerEvent: {}
[19.871574] (-) TimerEvent: {}
[19.972015] (-) TimerEvent: {}
[20.072381] (-) TimerEvent: {}
[20.172758] (-) TimerEvent: {}
[20.273162] (-) TimerEvent: {}
[20.373768] (-) TimerEvent: {}
[20.474216] (-) TimerEvent: {}
[20.574659] (-) TimerEvent: {}
[20.675123] (-) TimerEvent: {}
[20.775567] (-) TimerEvent: {}
[20.876012] (-) TimerEvent: {}
[20.976454] (-) TimerEvent: {}
[21.076899] (-) TimerEvent: {}
[21.177323] (-) TimerEvent: {}
[21.277765] (-) TimerEvent: {}
[21.378132] (-) TimerEvent: {}
[21.478522] (-) TimerEvent: {}
[21.578909] (-) TimerEvent: {}
[21.679320] (-) TimerEvent: {}
[21.779963] (-) TimerEvent: {}
[21.880410] (-) TimerEvent: {}
[21.980855] (-) TimerEvent: {}
[22.081299] (-) TimerEvent: {}
[22.181724] (-) TimerEvent: {}
[22.282371] (-) TimerEvent: {}
[22.382826] (-) TimerEvent: {}
[22.483264] (-) TimerEvent: {}
[22.583650] (-) TimerEvent: {}
[22.684295] (-) TimerEvent: {}
[22.784742] (-) TimerEvent: {}
[22.885186] (-) TimerEvent: {}
[22.985629] (-) TimerEvent: {}
[23.086073] (-) TimerEvent: {}
[23.186720] (-) TimerEvent: {}
[23.287173] (-) TimerEvent: {}
[23.387623] (-) TimerEvent: {}
[23.488066] (-) TimerEvent: {}
[23.588460] (-) TimerEvent: {}
[23.688886] (-) TimerEvent: {}
[23.789330] (-) TimerEvent: {}
[23.889772] (-) TimerEvent: {}
[23.990213] (-) TimerEvent: {}
[24.090672] (-) TimerEvent: {}
[24.191162] (-) TimerEvent: {}
[24.291591] (-) TimerEvent: {}
[24.392035] (-) TimerEvent: {}
[24.492401] (-) TimerEvent: {}
[24.592728] (-) TimerEvent: {}
[24.693368] (-) TimerEvent: {}
[24.793811] (-) TimerEvent: {}
[24.894241] (-) TimerEvent: {}
[24.994689] (-) TimerEvent: {}
[25.095160] (-) TimerEvent: {}
[25.195600] (-) TimerEvent: {}
[25.275401] (fast_lio) StderrLine: {'line': b'In file included from /usr/include/boost/smart_ptr/detail/sp_thread_sleep.hpp:22,\n'}
[25.275886] (fast_lio) StderrLine: {'line': b'                 from /usr/include/boost/smart_ptr/detail/yield_k.hpp:23,\n'}
[25.276054] (fast_lio) StderrLine: {'line': b'                 from /usr/include/boost/smart_ptr/detail/spinlock_gcc_atomic.hpp:14,\n'}
[25.276202] (fast_lio) StderrLine: {'line': b'                 from /usr/include/boost/smart_ptr/detail/spinlock.hpp:42,\n'}
[25.276339] (fast_lio) StderrLine: {'line': b'                 from /usr/include/boost/smart_ptr/detail/spinlock_pool.hpp:25,\n'}
[25.276472] (fast_lio) StderrLine: {'line': b'                 from /usr/include/boost/smart_ptr/shared_ptr.hpp:29,\n'}
[25.276600] (fast_lio) StderrLine: {'line': b'                 from /usr/include/boost/shared_ptr.hpp:17,\n'}
[25.276725] (fast_lio) StderrLine: {'line': b'                 from /usr/include/boost/date_time/microsec_time_clock.hpp:18,\n'}
[25.276850] (fast_lio) StderrLine: {'line': b'                 from /usr/include/boost/interprocess/detail/posix_time_types_wrk.hpp:31,\n'}
[25.276973] (fast_lio) StderrLine: {'line': b'                 from /usr/include/boost/interprocess/detail/os_thread_functions.hpp:36,\n'}
[25.277098] (fast_lio) StderrLine: {'line': b'                 from /usr/include/boost/interprocess/sync/file_lock.hpp:26,\n'}
[25.277221] (fast_lio) StderrLine: {'line': b'                 from /usr/include/pcl-1.12/pcl/io/pcd_io.h:46,\n'}
[25.277341] (fast_lio) StderrLine: {'line': b'                 from /opt/ros/humble/include/pcl_conversions/pcl_conversions/pcl_conversions.h:73,\n'}
[25.277462] (fast_lio) StderrLine: {'line': b'                 from /home/seeed/ros2/ws/src/slam/fast_lio/src/IMU_Processing.hpp:18,\n'}
[25.277582] (fast_lio) StderrLine: {'line': b'                 from /home/seeed/ros2/ws/src/slam/fast_lio/src/laserMapping.cpp:47:\n'}
[25.277701] (fast_lio) StderrLine: {'line': b'/usr/include/boost/bind.hpp:36:1: note: \xe2\x80\x98#pragma message: The practice of declaring the Bind placeholders (_1, _2, ...) in the global namespace is deprecated. Please use <boost/bind/bind.hpp> + using namespace boost::placeholders, or define BOOST_BIND_GLOBAL_PLACEHOLDERS to retain the current behavior.\xe2\x80\x99\n'}
[25.277874] (fast_lio) StderrLine: {'line': b'   36 | BOOST_PRAGMA_MESSAGE(\n'}
[25.278006] (fast_lio) StderrLine: {'line': b'      | ^~~~~~~~~~~~~~~~~~~~\n'}
[25.295715] (-) TimerEvent: {}
[25.395992] (-) TimerEvent: {}
[25.496332] (-) TimerEvent: {}
[25.596927] (-) TimerEvent: {}
[25.697377] (-) TimerEvent: {}
[25.797821] (-) TimerEvent: {}
[25.898260] (-) TimerEvent: {}
[25.998982] (-) TimerEvent: {}
[26.099632] (-) TimerEvent: {}
[26.200083] (-) TimerEvent: {}
[26.300512] (-) TimerEvent: {}
[26.400954] (-) TimerEvent: {}
[26.501620] (-) TimerEvent: {}
[26.602027] (-) TimerEvent: {}
[26.702462] (-) TimerEvent: {}
[26.802913] (-) TimerEvent: {}
[26.903356] (-) TimerEvent: {}
[27.004016] (-) TimerEvent: {}
[27.104697] (-) TimerEvent: {}
[27.205137] (-) TimerEvent: {}
[27.305561] (-) TimerEvent: {}
[27.405996] (-) TimerEvent: {}
[27.506696] (-) TimerEvent: {}
[27.607415] (-) TimerEvent: {}
[27.707851] (-) TimerEvent: {}
[27.808225] (-) TimerEvent: {}
[27.908522] (-) TimerEvent: {}
[28.008907] (-) TimerEvent: {}
[28.109358] (-) TimerEvent: {}
[28.209798] (-) TimerEvent: {}
[28.310255] (-) TimerEvent: {}
[28.410699] (-) TimerEvent: {}
[28.511163] (-) TimerEvent: {}
[28.611543] (-) TimerEvent: {}
[28.711955] (-) TimerEvent: {}
[28.812399] (-) TimerEvent: {}
[28.913078] (-) TimerEvent: {}
[29.013759] (-) TimerEvent: {}
[29.114211] (-) TimerEvent: {}
[29.214651] (-) TimerEvent: {}
[29.315112] (-) TimerEvent: {}
[29.415545] (-) TimerEvent: {}
[29.515964] (-) TimerEvent: {}
[29.616341] (-) TimerEvent: {}
[29.716675] (-) TimerEvent: {}
[29.816964] (-) TimerEvent: {}
[29.917226] (-) TimerEvent: {}
[30.017479] (-) TimerEvent: {}
[30.117744] (-) TimerEvent: {}
[30.218005] (-) TimerEvent: {}
[30.318260] (-) TimerEvent: {}
[30.418582] (-) TimerEvent: {}
[30.518953] (-) TimerEvent: {}
[30.619276] (-) TimerEvent: {}
[30.719687] (-) TimerEvent: {}
[30.820326] (-) TimerEvent: {}
[30.920975] (-) TimerEvent: {}
[31.021410] (-) TimerEvent: {}
[31.121848] (-) TimerEvent: {}
[31.222285] (-) TimerEvent: {}
[31.322949] (-) TimerEvent: {}
[31.423379] (-) TimerEvent: {}
[31.523819] (-) TimerEvent: {}
[31.624255] (-) TimerEvent: {}
[31.724615] (-) TimerEvent: {}
[31.825205] (-) TimerEvent: {}
[31.925850] (-) TimerEvent: {}
[32.026290] (-) TimerEvent: {}
[32.126724] (-) TimerEvent: {}
[32.227176] (-) TimerEvent: {}
[32.327808] (-) TimerEvent: {}
[32.428237] (-) TimerEvent: {}
[32.528666] (-) TimerEvent: {}
[32.629101] (-) TimerEvent: {}
[32.729749] (-) TimerEvent: {}
[32.830393] (-) TimerEvent: {}
[32.930849] (-) TimerEvent: {}
[33.031278] (-) TimerEvent: {}
[33.131706] (-) TimerEvent: {}
[33.232343] (-) TimerEvent: {}
[33.332773] (-) TimerEvent: {}
[33.433165] (-) TimerEvent: {}
[33.533586] (-) TimerEvent: {}
[33.634017] (-) TimerEvent: {}
[33.734452] (-) TimerEvent: {}
[33.834894] (-) TimerEvent: {}
[33.935321] (-) TimerEvent: {}
[34.035750] (-) TimerEvent: {}
[34.136392] (-) TimerEvent: {}
[34.237033] (-) TimerEvent: {}
[34.337456] (-) TimerEvent: {}
[34.437885] (-) TimerEvent: {}
[34.538302] (-) TimerEvent: {}
[34.638734] (-) TimerEvent: {}
[34.739179] (-) TimerEvent: {}
[34.839603] (-) TimerEvent: {}
[34.940034] (-) TimerEvent: {}
[35.040449] (-) TimerEvent: {}
[35.140877] (-) TimerEvent: {}
[35.241252] (-) TimerEvent: {}
[35.341537] (-) TimerEvent: {}
[35.441803] (-) TimerEvent: {}
[35.542125] (-) TimerEvent: {}
[35.642490] (-) TimerEvent: {}
[35.742914] (-) TimerEvent: {}
[35.843343] (-) TimerEvent: {}
[35.943775] (-) TimerEvent: {}
[36.044208] (-) TimerEvent: {}
[36.144653] (-) TimerEvent: {}
[36.245092] (-) TimerEvent: {}
[36.345519] (-) TimerEvent: {}
[36.445947] (-) TimerEvent: {}
[36.546365] (-) TimerEvent: {}
[36.646821] (-) TimerEvent: {}
[36.747188] (-) TimerEvent: {}
[36.847568] (-) TimerEvent: {}
[36.948000] (-) TimerEvent: {}
[37.048642] (-) TimerEvent: {}
[37.149293] (-) TimerEvent: {}
[37.249735] (-) TimerEvent: {}
[37.350178] (-) TimerEvent: {}
[37.450618] (-) TimerEvent: {}
[37.551060] (-) TimerEvent: {}
[37.651703] (-) TimerEvent: {}
[37.752064] (-) TimerEvent: {}
[37.852447] (-) TimerEvent: {}
[37.952878] (-) TimerEvent: {}
[38.053513] (-) TimerEvent: {}
[38.154165] (-) TimerEvent: {}
[38.254604] (-) TimerEvent: {}
[38.355055] (-) TimerEvent: {}
[38.455482] (-) TimerEvent: {}
[38.555918] (-) TimerEvent: {}
[38.656340] (-) TimerEvent: {}
[38.756812] (-) TimerEvent: {}
[38.857243] (-) TimerEvent: {}
[38.944424] (fast_lio) StderrLine: {'line': b'In file included from /home/seeed/ros2/ws/src/slam/fast_lio/include/IKFoM_toolkit/esekfom/../mtk/types/SOn.hpp:83,\n'}
[38.944906] (fast_lio) StderrLine: {'line': b'                 from /home/seeed/ros2/ws/src/slam/fast_lio/include/IKFoM_toolkit/esekfom/esekfom.hpp:49,\n'}
[38.945115] (fast_lio) StderrLine: {'line': b'                 from /home/seeed/ros2/ws/src/slam/fast_lio/include/use-ikfom.hpp:4,\n'}
[38.945261] (fast_lio) StderrLine: {'line': b'                 from /home/seeed/ros2/ws/src/slam/fast_lio/src/IMU_Processing.hpp:22,\n'}
[38.945396] (fast_lio) StderrLine: {'line': b'                 from /home/seeed/ros2/ws/src/slam/fast_lio/src/laserMapping.cpp:47:\n'}
[38.945527] (fast_lio) StderrLine: {'line': b'/home/seeed/ros2/ws/src/slam/fast_lio/include/IKFoM_toolkit/esekfom/../mtk/types/../src/mtkmath.hpp: In instantiation of \xe2\x80\x98std::pair<_FIter, _FIter> MTK::cos_sinc_sqrt(const scalar&) [with scalar = double]\xe2\x80\x99:\n'}
[38.945665] (fast_lio) StderrLine: {'line': b'/home/seeed/ros2/ws/src/slam/fast_lio/include/IKFoM_toolkit/esekfom/../mtk/types/../src/mtkmath.hpp:252:52:   required from \xe2\x80\x98scalar MTK::exp(MTK::vectview<scalar, dim>, MTK::vectview<const scalar, dim>, const scalar&) [with scalar = double; int n = 3]\xe2\x80\x99\n'}
[38.945800] (fast_lio) StderrLine: {'line': b'/home/seeed/ros2/ws/src/slam/fast_lio/include/IKFoM_toolkit/esekfom/../mtk/types/S2.hpp:140:32:   required from \xe2\x80\x98void MTK::S2<_scalar, den, num, S2_typ>::boxplus(MTK::vectview<const _scalar, 2>, MTK::S2<_scalar, den, num, S2_typ>::scalar) [with _scalar = double; int den = 98090; int num = 10000; int S2_typ = 1; MTK::S2<_scalar, den, num, S2_typ>::scalar = double]\xe2\x80\x99\n'}
[38.945966] (fast_lio) StderrLine: {'line': b'/home/seeed/ros2/ws/src/slam/fast_lio/include/use-ikfom.hpp:12:1:   required from here\n'}
[38.946092] (fast_lio) StderrLine: {'line': b'/home/seeed/ros2/ws/src/slam/fast_lio/include/IKFoM_toolkit/esekfom/../mtk/types/../src/mtkmath.hpp:143:27: note: parameter passing for argument of type \xe2\x80\x98std::pair<double, double>\xe2\x80\x99 when C++17 is enabled changed to match C++14 in GCC 10.1\n'}
[38.946218] (fast_lio) StderrLine: {'line': b'  143 | std::pair<scalar, scalar> cos_sinc_sqrt(const scalar &x2){\n'}
[38.946336] (fast_lio) StderrLine: {'line': b'      |                           ^~~~~~~~~~~~~\n'}
[38.957335] (-) TimerEvent: {}
[39.057587] (-) TimerEvent: {}
[39.157844] (-) TimerEvent: {}
[39.258194] (-) TimerEvent: {}
[39.358623] (-) TimerEvent: {}
[39.459069] (-) TimerEvent: {}
[39.559493] (-) TimerEvent: {}
[39.659876] (-) TimerEvent: {}
[39.760285] (-) TimerEvent: {}
[39.860713] (-) TimerEvent: {}
[39.961349] (-) TimerEvent: {}
[40.061987] (-) TimerEvent: {}
[40.162421] (-) TimerEvent: {}
[40.262868] (-) TimerEvent: {}
[40.363301] (-) TimerEvent: {}
[40.463931] (-) TimerEvent: {}
[40.564348] (-) TimerEvent: {}
[40.664741] (-) TimerEvent: {}
[40.765073] (-) TimerEvent: {}
[40.865440] (-) TimerEvent: {}
[40.966079] (-) TimerEvent: {}
[41.066512] (-) TimerEvent: {}
[41.166944] (-) TimerEvent: {}
[41.267377] (-) TimerEvent: {}
[41.367812] (-) TimerEvent: {}
[41.468443] (-) TimerEvent: {}
[41.568876] (-) TimerEvent: {}
[41.669288] (-) TimerEvent: {}
[41.769722] (-) TimerEvent: {}
[41.870358] (-) TimerEvent: {}
[41.971003] (-) TimerEvent: {}
[42.071433] (-) TimerEvent: {}
[42.171859] (-) TimerEvent: {}
[42.272283] (-) TimerEvent: {}
[42.372923] (-) TimerEvent: {}
[42.473567] (-) TimerEvent: {}
[42.573996] (-) TimerEvent: {}
[42.674422] (-) TimerEvent: {}
[42.774877] (-) TimerEvent: {}
[42.875509] (-) TimerEvent: {}
[42.976145] (-) TimerEvent: {}
[43.076584] (-) TimerEvent: {}
[43.177023] (-) TimerEvent: {}
[43.277455] (-) TimerEvent: {}
[43.378089] (-) TimerEvent: {}
[43.478728] (-) TimerEvent: {}
[43.579172] (-) TimerEvent: {}
[43.679604] (-) TimerEvent: {}
[43.780046] (-) TimerEvent: {}
[43.880492] (-) TimerEvent: {}
[43.980923] (-) TimerEvent: {}
[44.081352] (-) TimerEvent: {}
[44.181826] (-) TimerEvent: {}
[44.282257] (-) TimerEvent: {}
[44.382702] (-) TimerEvent: {}
[44.483148] (-) TimerEvent: {}
[44.583576] (-) TimerEvent: {}
[44.684006] (-) TimerEvent: {}
[44.784425] (-) TimerEvent: {}
[44.884852] (-) TimerEvent: {}
[44.985210] (-) TimerEvent: {}
[45.085577] (-) TimerEvent: {}
[45.186007] (-) TimerEvent: {}
[45.286650] (-) TimerEvent: {}
[45.387388] (-) TimerEvent: {}
[45.487829] (-) TimerEvent: {}
[45.588214] (-) TimerEvent: {}
[45.688543] (-) TimerEvent: {}
[45.788864] (-) TimerEvent: {}
[45.889268] (-) TimerEvent: {}
[45.989699] (-) TimerEvent: {}
[46.090129] (-) TimerEvent: {}
[46.190563] (-) TimerEvent: {}
[46.291217] (-) TimerEvent: {}
[46.391651] (-) TimerEvent: {}
[46.492011] (-) TimerEvent: {}
[46.592317] (-) TimerEvent: {}
[46.692706] (-) TimerEvent: {}
[46.793138] (-) TimerEvent: {}
[46.893576] (-) TimerEvent: {}
[46.994004] (-) TimerEvent: {}
[47.094360] (-) TimerEvent: {}
[47.194645] (-) TimerEvent: {}
[47.295249] (-) TimerEvent: {}
[47.395686] (-) TimerEvent: {}
[47.496052] (-) TimerEvent: {}
[47.596373] (-) TimerEvent: {}
[47.696774] (-) TimerEvent: {}
[47.797191] (-) TimerEvent: {}
[47.897556] (-) TimerEvent: {}
[47.997857] (-) TimerEvent: {}
[48.098220] (-) TimerEvent: {}
[48.198877] (-) TimerEvent: {}
[48.299526] (-) TimerEvent: {}
[48.399960] (-) TimerEvent: {}
[48.500398] (-) TimerEvent: {}
[48.600843] (-) TimerEvent: {}
[48.701292] (-) TimerEvent: {}
[48.801959] (-) TimerEvent: {}
[48.902403] (-) TimerEvent: {}
[49.002774] (-) TimerEvent: {}
[49.103153] (-) TimerEvent: {}
[49.203791] (-) TimerEvent: {}
[49.304228] (-) TimerEvent: {}
[49.404657] (-) TimerEvent: {}
[49.505088] (-) TimerEvent: {}
[49.605525] (-) TimerEvent: {}
[49.706177] (-) TimerEvent: {}
[49.806614] (-) TimerEvent: {}
[49.907060] (-) TimerEvent: {}
[50.007499] (-) TimerEvent: {}
[50.107929] (-) TimerEvent: {}
[50.208373] (-) TimerEvent: {}
[50.308808] (-) TimerEvent: {}
[50.409242] (-) TimerEvent: {}
[50.509671] (-) TimerEvent: {}
[50.610119] (-) TimerEvent: {}
[50.710558] (-) TimerEvent: {}
[50.811013] (-) TimerEvent: {}
[50.911430] (-) TimerEvent: {}
[51.011862] (-) TimerEvent: {}
[51.112308] (-) TimerEvent: {}
[51.212752] (-) TimerEvent: {}
[51.313186] (-) TimerEvent: {}
[51.413616] (-) TimerEvent: {}
[51.514046] (-) TimerEvent: {}
[51.614489] (-) TimerEvent: {}
[51.714930] (-) TimerEvent: {}
[51.815364] (-) TimerEvent: {}
[51.915795] (-) TimerEvent: {}
[52.016225] (-) TimerEvent: {}
[52.116652] (-) TimerEvent: {}
[52.217015] (-) TimerEvent: {}
[52.317294] (-) TimerEvent: {}
[52.417552] (-) TimerEvent: {}
[52.517900] (-) TimerEvent: {}
[52.618283] (-) TimerEvent: {}
[52.718635] (-) TimerEvent: {}
[52.818939] (-) TimerEvent: {}
[52.919305] (-) TimerEvent: {}
[53.019732] (-) TimerEvent: {}
[53.120092] (-) TimerEvent: {}
[53.220468] (-) TimerEvent: {}
[53.320905] (-) TimerEvent: {}
[53.421340] (-) TimerEvent: {}
[53.521993] (-) TimerEvent: {}
[53.622634] (-) TimerEvent: {}
[53.723093] (-) TimerEvent: {}
[53.823529] (-) TimerEvent: {}
[53.923969] (-) TimerEvent: {}
[54.024620] (-) TimerEvent: {}
[54.125063] (-) TimerEvent: {}
[54.225505] (-) TimerEvent: {}
[54.325935] (-) TimerEvent: {}
[54.426362] (-) TimerEvent: {}
[54.526817] (-) TimerEvent: {}
[54.627262] (-) TimerEvent: {}
[54.727692] (-) TimerEvent: {}
[54.828123] (-) TimerEvent: {}
[54.928553] (-) TimerEvent: {}
[55.028989] (-) TimerEvent: {}
[55.129414] (-) TimerEvent: {}
[55.229854] (-) TimerEvent: {}
[55.330291] (-) TimerEvent: {}
[55.430724] (-) TimerEvent: {}
[55.531367] (-) TimerEvent: {}
[55.631806] (-) TimerEvent: {}
[55.732242] (-) TimerEvent: {}
[55.832677] (-) TimerEvent: {}
[55.933106] (-) TimerEvent: {}
[56.033765] (-) TimerEvent: {}
[56.134133] (-) TimerEvent: {}
[56.234510] (-) TimerEvent: {}
[56.334942] (-) TimerEvent: {}
[56.435375] (-) TimerEvent: {}
[56.535813] (-) TimerEvent: {}
[56.636208] (-) TimerEvent: {}
[56.736622] (-) TimerEvent: {}
[56.837052] (-) TimerEvent: {}
[56.937494] (-) TimerEvent: {}
[57.037924] (-) TimerEvent: {}
[57.138283] (-) TimerEvent: {}
[57.238666] (-) TimerEvent: {}
[57.339105] (-) TimerEvent: {}
[57.439779] (-) TimerEvent: {}
[57.540413] (-) TimerEvent: {}
[57.640852] (-) TimerEvent: {}
[57.741283] (-) TimerEvent: {}
[57.841713] (-) TimerEvent: {}
[57.942164] (-) TimerEvent: {}
[58.042599] (-) TimerEvent: {}
[58.143057] (-) TimerEvent: {}
[58.243489] (-) TimerEvent: {}
[58.343852] (-) TimerEvent: {}
[58.444133] (-) TimerEvent: {}
[58.544392] (-) TimerEvent: {}
[58.644755] (-) TimerEvent: {}
[58.745190] (-) TimerEvent: {}
[58.845625] (-) TimerEvent: {}
[58.946282] (-) TimerEvent: {}
[59.046721] (-) TimerEvent: {}
[59.147169] (-) TimerEvent: {}
[59.247600] (-) TimerEvent: {}
[59.348033] (-) TimerEvent: {}
[59.448661] (-) TimerEvent: {}
[59.549096] (-) TimerEvent: {}
[59.649521] (-) TimerEvent: {}
[59.749952] (-) TimerEvent: {}
[59.850595] (-) TimerEvent: {}
[59.951079] (-) TimerEvent: {}
[60.051492] (-) TimerEvent: {}
[60.151921] (-) TimerEvent: {}
[60.252350] (-) TimerEvent: {}
[60.352983] (-) TimerEvent: {}
[60.453426] (-) TimerEvent: {}
[60.553852] (-) TimerEvent: {}
[60.654286] (-) TimerEvent: {}
[60.754719] (-) TimerEvent: {}
[60.855165] (-) TimerEvent: {}
[60.955611] (-) TimerEvent: {}
[61.056045] (-) TimerEvent: {}
[61.156467] (-) TimerEvent: {}
[61.256895] (-) TimerEvent: {}
[61.357324] (-) TimerEvent: {}
[61.457683] (-) TimerEvent: {}
[61.558006] (-) TimerEvent: {}
[61.658409] (-) TimerEvent: {}
[61.758848] (-) TimerEvent: {}
[61.859274] (-) TimerEvent: {}
[61.959704] (-) TimerEvent: {}
[62.060130] (-) TimerEvent: {}
[62.160550] (-) TimerEvent: {}
[62.260976] (-) TimerEvent: {}
[62.361346] (-) TimerEvent: {}
[62.461727] (-) TimerEvent: {}
[62.562160] (-) TimerEvent: {}
[62.662589] (-) TimerEvent: {}
[62.763031] (-) TimerEvent: {}
[62.863467] (-) TimerEvent: {}
[62.963896] (-) TimerEvent: {}
[63.064325] (-) TimerEvent: {}
[63.164756] (-) TimerEvent: {}
[63.265185] (-) TimerEvent: {}
[63.365542] (-) TimerEvent: {}
[63.465919] (-) TimerEvent: {}
[63.566351] (-) TimerEvent: {}
[63.666794] (-) TimerEvent: {}
[63.767220] (-) TimerEvent: {}
[63.867850] (-) TimerEvent: {}
[63.968281] (-) TimerEvent: {}
[64.068717] (-) TimerEvent: {}
[64.169152] (-) TimerEvent: {}
[64.269578] (-) TimerEvent: {}
[64.370230] (-) TimerEvent: {}
[64.470666] (-) TimerEvent: {}
[64.571105] (-) TimerEvent: {}
[64.671536] (-) TimerEvent: {}
[64.771971] (-) TimerEvent: {}
[64.872402] (-) TimerEvent: {}
[64.972833] (-) TimerEvent: {}
[65.073267] (-) TimerEvent: {}
[65.173698] (-) TimerEvent: {}
[65.274352] (-) TimerEvent: {}
[65.374796] (-) TimerEvent: {}
[65.475224] (-) TimerEvent: {}
[65.575651] (-) TimerEvent: {}
[65.676083] (-) TimerEvent: {}
[65.776527] (-) TimerEvent: {}
[65.876959] (-) TimerEvent: {}
[65.977401] (-) TimerEvent: {}
[66.077829] (-) TimerEvent: {}
[66.178264] (-) TimerEvent: {}
[66.278690] (-) TimerEvent: {}
[66.379137] (-) TimerEvent: {}
[66.479571] (-) TimerEvent: {}
[66.580001] (-) TimerEvent: {}
[66.680639] (-) TimerEvent: {}
[66.781280] (-) TimerEvent: {}
[66.881642] (-) TimerEvent: {}
[66.982022] (-) TimerEvent: {}
[67.082455] (-) TimerEvent: {}
[67.182934] (-) TimerEvent: {}
[67.283363] (-) TimerEvent: {}
[67.383719] (-) TimerEvent: {}
[67.484025] (-) TimerEvent: {}
[67.584336] (-) TimerEvent: {}
[67.684644] (-) TimerEvent: {}
[67.784906] (-) TimerEvent: {}
[67.885158] (-) TimerEvent: {}
[67.985513] (-) TimerEvent: {}
[68.085948] (-) TimerEvent: {}
[68.186308] (-) TimerEvent: {}
[68.286682] (-) TimerEvent: {}
[68.387063] (-) TimerEvent: {}
[68.487439] (-) TimerEvent: {}
[68.587866] (-) TimerEvent: {}
[68.688307] (-) TimerEvent: {}
[68.788744] (-) TimerEvent: {}
[68.889170] (-) TimerEvent: {}
[68.989600] (-) TimerEvent: {}
[69.090041] (-) TimerEvent: {}
[69.190471] (-) TimerEvent: {}
[69.290918] (-) TimerEvent: {}
[69.391348] (-) TimerEvent: {}
[69.491780] (-) TimerEvent: {}
[69.592414] (-) TimerEvent: {}
[69.692853] (-) TimerEvent: {}
[69.793288] (-) TimerEvent: {}
[69.893716] (-) TimerEvent: {}
[69.994144] (-) TimerEvent: {}
[70.094804] (-) TimerEvent: {}
[70.195456] (-) TimerEvent: {}
[70.295891] (-) TimerEvent: {}
[70.396325] (-) TimerEvent: {}
[70.496686] (-) TimerEvent: {}
[70.597280] (-) TimerEvent: {}
[70.697974] (-) TimerEvent: {}
[70.798413] (-) TimerEvent: {}
[70.898859] (-) TimerEvent: {}
[70.999294] (-) TimerEvent: {}
[71.099931] (-) TimerEvent: {}
[71.200575] (-) TimerEvent: {}
[71.301011] (-) TimerEvent: {}
[71.401450] (-) TimerEvent: {}
[71.501885] (-) TimerEvent: {}
[71.602531] (-) TimerEvent: {}
[71.702968] (-) TimerEvent: {}
[71.803398] (-) TimerEvent: {}
[71.903826] (-) TimerEvent: {}
[72.004256] (-) TimerEvent: {}
[72.104685] (-) TimerEvent: {}
[72.205111] (-) TimerEvent: {}
[72.305546] (-) TimerEvent: {}
[72.405976] (-) TimerEvent: {}
[72.506623] (-) TimerEvent: {}
[72.607317] (-) TimerEvent: {}
[72.707754] (-) TimerEvent: {}
[72.808191] (-) TimerEvent: {}
[72.908629] (-) TimerEvent: {}
[73.009272] (-) TimerEvent: {}
[73.109917] (-) TimerEvent: {}
[73.210353] (-) TimerEvent: {}
[73.310798] (-) TimerEvent: {}
[73.411229] (-) TimerEvent: {}
[73.511875] (-) TimerEvent: {}
[73.612275] (-) TimerEvent: {}
[73.712665] (-) TimerEvent: {}
[73.813022] (-) TimerEvent: {}
[73.913310] (-) TimerEvent: {}
[74.013654] (-) TimerEvent: {}
[74.114004] (-) TimerEvent: {}
[74.214380] (-) TimerEvent: {}
[74.314830] (-) TimerEvent: {}
[74.417879] (-) TimerEvent: {}
[74.518306] (-) TimerEvent: {}
[74.618696] (-) TimerEvent: {}
[74.719135] (-) TimerEvent: {}
[74.819564] (-) TimerEvent: {}
[74.919992] (-) TimerEvent: {}
[75.020420] (-) TimerEvent: {}
[75.120851] (-) TimerEvent: {}
[75.221286] (-) TimerEvent: {}
[75.321721] (-) TimerEvent: {}
[75.422379] (-) TimerEvent: {}
[75.522849] (-) TimerEvent: {}
[75.623277] (-) TimerEvent: {}
[75.723714] (-) TimerEvent: {}
[75.824147] (-) TimerEvent: {}
[75.924793] (-) TimerEvent: {}
[76.025444] (-) TimerEvent: {}
[76.125881] (-) TimerEvent: {}
[76.226322] (-) TimerEvent: {}
[76.326751] (-) TimerEvent: {}
[76.427179] (-) TimerEvent: {}
[76.527831] (-) TimerEvent: {}
[76.628268] (-) TimerEvent: {}
[76.728702] (-) TimerEvent: {}
[76.829136] (-) TimerEvent: {}
[76.929778] (-) TimerEvent: {}
[77.030419] (-) TimerEvent: {}
[77.130866] (-) TimerEvent: {}
[77.231299] (-) TimerEvent: {}
[77.331727] (-) TimerEvent: {}
[77.432171] (-) TimerEvent: {}
[77.532606] (-) TimerEvent: {}
[77.632984] (-) TimerEvent: {}
[77.733353] (-) TimerEvent: {}
[77.833977] (-) TimerEvent: {}
[77.934629] (-) TimerEvent: {}
[78.035081] (-) TimerEvent: {}
[78.135430] (-) TimerEvent: {}
[78.235720] (-) TimerEvent: {}
[78.336299] (-) TimerEvent: {}
[78.436938] (-) TimerEvent: {}
[78.537367] (-) TimerEvent: {}
[78.637748] (-) TimerEvent: {}
[78.738146] (-) TimerEvent: {}
[78.838577] (-) TimerEvent: {}
[78.939221] (-) TimerEvent: {}
[79.039659] (-) TimerEvent: {}
[79.140092] (-) TimerEvent: {}
[79.240525] (-) TimerEvent: {}
[79.341167] (-) TimerEvent: {}
[79.441851] (-) TimerEvent: {}
[79.542289] (-) TimerEvent: {}
[79.642718] (-) TimerEvent: {}
[79.743160] (-) TimerEvent: {}
[79.843600] (-) TimerEvent: {}
[79.944031] (-) TimerEvent: {}
[80.044465] (-) TimerEvent: {}
[80.144897] (-) TimerEvent: {}
[80.245330] (-) TimerEvent: {}
[80.345774] (-) TimerEvent: {}
[80.446213] (-) TimerEvent: {}
[80.546647] (-) TimerEvent: {}
[80.647092] (-) TimerEvent: {}
[80.747521] (-) TimerEvent: {}
[80.847877] (-) TimerEvent: {}
[80.948210] (-) TimerEvent: {}
[81.048536] (-) TimerEvent: {}
[81.148802] (-) TimerEvent: {}
[81.249168] (-) TimerEvent: {}
[81.349607] (-) TimerEvent: {}
[81.449965] (-) TimerEvent: {}
[81.550295] (-) TimerEvent: {}
[81.650932] (-) TimerEvent: {}
[81.751353] (-) TimerEvent: {}
[81.851696] (-) TimerEvent: {}
[81.952062] (-) TimerEvent: {}
[82.052483] (-) TimerEvent: {}
[82.152921] (-) TimerEvent: {}
[82.253355] (-) TimerEvent: {}
[82.353782] (-) TimerEvent: {}
[82.454204] (-) TimerEvent: {}
[82.554621] (-) TimerEvent: {}
[82.655070] (-) TimerEvent: {}
[82.755483] (-) TimerEvent: {}
[82.855905] (-) TimerEvent: {}
[82.956327] (-) TimerEvent: {}
[83.056754] (-) TimerEvent: {}
[83.157387] (-) TimerEvent: {}
[83.258017] (-) TimerEvent: {}
[83.358450] (-) TimerEvent: {}
[83.458892] (-) TimerEvent: {}
[83.559320] (-) TimerEvent: {}
[83.659752] (-) TimerEvent: {}
[83.760182] (-) TimerEvent: {}
[83.860611] (-) TimerEvent: {}
[83.961000] (-) TimerEvent: {}
[84.061286] (-) TimerEvent: {}
[84.161541] (-) TimerEvent: {}
[84.261845] (-) TimerEvent: {}
[84.362248] (-) TimerEvent: {}
[84.462722] (-) TimerEvent: {}
[84.563158] (-) TimerEvent: {}
[84.663583] (-) TimerEvent: {}
[84.764012] (-) TimerEvent: {}
[84.864434] (-) TimerEvent: {}
[84.964859] (-) TimerEvent: {}
[85.065506] (-) TimerEvent: {}
[85.166149] (-) TimerEvent: {}
[85.266574] (-) TimerEvent: {}
[85.367011] (-) TimerEvent: {}
[85.467417] (-) TimerEvent: {}
[85.567799] (-) TimerEvent: {}
[85.668123] (-) TimerEvent: {}
[85.768446] (-) TimerEvent: {}
[85.868769] (-) TimerEvent: {}
[85.969137] (-) TimerEvent: {}
[86.069560] (-) TimerEvent: {}
[86.169984] (-) TimerEvent: {}
[86.270409] (-) TimerEvent: {}
[86.370844] (-) TimerEvent: {}
[86.471270] (-) TimerEvent: {}
[86.571697] (-) TimerEvent: {}
[86.672335] (-) TimerEvent: {}
[86.772763] (-) TimerEvent: {}
[86.873118] (-) TimerEvent: {}
[86.973501] (-) TimerEvent: {}
[87.073935] (-) TimerEvent: {}
[87.174364] (-) TimerEvent: {}
[87.274801] (-) TimerEvent: {}
[87.375228] (-) TimerEvent: {}
[87.475647] (-) TimerEvent: {}
[87.576069] (-) TimerEvent: {}
[87.676493] (-) TimerEvent: {}
[87.776915] (-) TimerEvent: {}
[87.877332] (-) TimerEvent: {}
[87.977760] (-) TimerEvent: {}
[88.078107] (-) TimerEvent: {}
[88.178474] (-) TimerEvent: {}
[88.278908] (-) TimerEvent: {}
[88.379256] (-) TimerEvent: {}
[88.479619] (-) TimerEvent: {}
[88.580052] (-) TimerEvent: {}
[88.680472] (-) TimerEvent: {}
[88.780888] (-) TimerEvent: {}
[88.881315] (-) TimerEvent: {}
[88.981959] (-) TimerEvent: {}
[89.082392] (-) TimerEvent: {}
[89.182833] (-) TimerEvent: {}
[89.283263] (-) TimerEvent: {}
[89.383696] (-) TimerEvent: {}
[89.486923] (-) TimerEvent: {}
[89.587568] (-) TimerEvent: {}
[89.687997] (-) TimerEvent: {}
[89.788416] (-) TimerEvent: {}
[89.889045] (-) TimerEvent: {}
[89.989403] (-) TimerEvent: {}
[90.089684] (-) TimerEvent: {}
[90.190007] (-) TimerEvent: {}
[90.290394] (-) TimerEvent: {}
[90.391025] (-) TimerEvent: {}
[90.491659] (-) TimerEvent: {}
[90.592088] (-) TimerEvent: {}
[90.692510] (-) TimerEvent: {}
[90.792945] (-) TimerEvent: {}
[90.893390] (-) TimerEvent: {}
[90.993790] (-) TimerEvent: {}
[91.094180] (-) TimerEvent: {}
[91.194494] (-) TimerEvent: {}
[91.294814] (-) TimerEvent: {}
[91.395205] (-) TimerEvent: {}
[91.495629] (-) TimerEvent: {}
[91.595986] (-) TimerEvent: {}
[91.696335] (-) TimerEvent: {}
[91.796652] (-) TimerEvent: {}
[91.897035] (-) TimerEvent: {}
[91.997450] (-) TimerEvent: {}
[92.097824] (-) TimerEvent: {}
[92.198122] (-) TimerEvent: {}
[92.298418] (-) TimerEvent: {}
[92.398714] (-) TimerEvent: {}
[92.499040] (-) TimerEvent: {}
[92.599418] (-) TimerEvent: {}
[92.699845] (-) TimerEvent: {}
[92.800189] (-) TimerEvent: {}
[92.900536] (-) TimerEvent: {}
[93.000889] (-) TimerEvent: {}
[93.101268] (-) TimerEvent: {}
[93.201671] (-) TimerEvent: {}
[93.302078] (-) TimerEvent: {}
[93.402465] (-) TimerEvent: {}
[93.502839] (-) TimerEvent: {}
[93.603220] (-) TimerEvent: {}
[93.703620] (-) TimerEvent: {}
[93.803986] (-) TimerEvent: {}
[93.904344] (-) TimerEvent: {}
[94.004703] (-) TimerEvent: {}
[94.105029] (-) TimerEvent: {}
[94.205376] (-) TimerEvent: {}
[94.305724] (-) TimerEvent: {}
[94.406034] (-) TimerEvent: {}
[94.506384] (-) TimerEvent: {}
[94.606729] (-) TimerEvent: {}
[94.707135] (-) TimerEvent: {}
[94.807465] (-) TimerEvent: {}
[94.907844] (-) TimerEvent: {}
[95.008231] (-) TimerEvent: {}
[95.108553] (-) TimerEvent: {}
[95.208857] (-) TimerEvent: {}
[95.309194] (-) TimerEvent: {}
[95.409577] (-) TimerEvent: {}
[95.509966] (-) TimerEvent: {}
[95.610313] (-) TimerEvent: {}
[95.710673] (-) TimerEvent: {}
[95.811056] (-) TimerEvent: {}
[95.911425] (-) TimerEvent: {}
[96.011845] (-) TimerEvent: {}
[96.112230] (-) TimerEvent: {}
[96.212591] (-) TimerEvent: {}
[96.312937] (-) TimerEvent: {}
[96.413280] (-) TimerEvent: {}
[96.513578] (-) TimerEvent: {}
[96.613961] (-) TimerEvent: {}
[96.714328] (-) TimerEvent: {}
[96.814641] (-) TimerEvent: {}
[96.914999] (-) TimerEvent: {}
[97.015482] (-) TimerEvent: {}
[97.115835] (-) TimerEvent: {}
[97.216244] (-) TimerEvent: {}
[97.316556] (-) TimerEvent: {}
[97.416908] (-) TimerEvent: {}
[97.517316] (-) TimerEvent: {}
[97.617748] (-) TimerEvent: {}
[97.718148] (-) TimerEvent: {}
[97.818469] (-) TimerEvent: {}
[97.918795] (-) TimerEvent: {}
[98.019139] (-) TimerEvent: {}
[98.119553] (-) TimerEvent: {}
[98.219905] (-) TimerEvent: {}
[98.320224] (-) TimerEvent: {}
[98.420524] (-) TimerEvent: {}
[98.520824] (-) TimerEvent: {}
[98.621205] (-) TimerEvent: {}
[98.721587] (-) TimerEvent: {}
[98.821943] (-) TimerEvent: {}
[98.922298] (-) TimerEvent: {}
[99.022655] (-) TimerEvent: {}
[99.123123] (-) TimerEvent: {}
[99.223544] (-) TimerEvent: {}
[99.323892] (-) TimerEvent: {}
[99.424254] (-) TimerEvent: {}
[99.524652] (-) TimerEvent: {}
[99.624998] (-) TimerEvent: {}
[99.725406] (-) TimerEvent: {}
[99.825750] (-) TimerEvent: {}
[99.926050] (-) TimerEvent: {}
[100.026388] (-) TimerEvent: {}
[100.126752] (-) TimerEvent: {}
[100.227115] (-) TimerEvent: {}
[100.327426] (-) TimerEvent: {}
[100.427754] (-) TimerEvent: {}
[100.528083] (-) TimerEvent: {}
[100.628418] (-) TimerEvent: {}
[100.728759] (-) TimerEvent: {}
[100.829058] (-) TimerEvent: {}
[100.929384] (-) TimerEvent: {}
[101.029878] (-) TimerEvent: {}
[101.130257] (-) TimerEvent: {}
[101.230568] (-) TimerEvent: {}
[101.330887] (-) TimerEvent: {}
[101.431220] (-) TimerEvent: {}
[101.531663] (-) TimerEvent: {}
[101.632069] (-) TimerEvent: {}
[101.732455] (-) TimerEvent: {}
[101.832764] (-) TimerEvent: {}
[101.933101] (-) TimerEvent: {}
[102.033506] (-) TimerEvent: {}
[102.133895] (-) TimerEvent: {}
[102.234285] (-) TimerEvent: {}
[102.334606] (-) TimerEvent: {}
[102.434892] (-) TimerEvent: {}
[102.535276] (-) TimerEvent: {}
[102.635632] (-) TimerEvent: {}
[102.735999] (-) TimerEvent: {}
[102.836311] (-) TimerEvent: {}
[102.936615] (-) TimerEvent: {}
[103.036929] (-) TimerEvent: {}
[103.137322] (-) TimerEvent: {}
[103.237716] (-) TimerEvent: {}
[103.338076] (-) TimerEvent: {}
[103.438436] (-) TimerEvent: {}
[103.538815] (-) TimerEvent: {}
[103.639216] (-) TimerEvent: {}
[103.739633] (-) TimerEvent: {}
[103.839976] (-) TimerEvent: {}
[103.940335] (-) TimerEvent: {}
[104.040641] (-) TimerEvent: {}
[104.140987] (-) TimerEvent: {}
[104.241422] (-) TimerEvent: {}
[104.341778] (-) TimerEvent: {}
[104.442133] (-) TimerEvent: {}
[104.542448] (-) TimerEvent: {}
[104.642824] (-) TimerEvent: {}
[104.743252] (-) TimerEvent: {}
[104.843603] (-) TimerEvent: {}
[104.943904] (-) TimerEvent: {}
[105.044262] (-) TimerEvent: {}
[105.144596] (-) TimerEvent: {}
[105.244956] (-) TimerEvent: {}
[105.345297] (-) TimerEvent: {}
[105.445704] (-) TimerEvent: {}
[105.546095] (-) TimerEvent: {}
[105.646425] (-) TimerEvent: {}
[105.746723] (-) TimerEvent: {}
[105.847075] (-) TimerEvent: {}
[105.947364] (-) TimerEvent: {}
[106.047690] (-) TimerEvent: {}
[106.148053] (-) TimerEvent: {}
[106.248435] (-) TimerEvent: {}
[106.348791] (-) TimerEvent: {}
[106.449095] (-) TimerEvent: {}
[106.549479] (-) TimerEvent: {}
[106.649865] (-) TimerEvent: {}
[106.750170] (-) TimerEvent: {}
[106.850501] (-) TimerEvent: {}
[106.950820] (-) TimerEvent: {}
[107.051112] (-) TimerEvent: {}
[107.151425] (-) TimerEvent: {}
[107.251775] (-) TimerEvent: {}
[107.352091] (-) TimerEvent: {}
[107.452413] (-) TimerEvent: {}
[107.552767] (-) TimerEvent: {}
[107.653096] (-) TimerEvent: {}
[107.753445] (-) TimerEvent: {}
[107.853804] (-) TimerEvent: {}
[107.954115] (-) TimerEvent: {}
[108.054400] (-) TimerEvent: {}
[108.154722] (-) TimerEvent: {}
[108.255140] (-) TimerEvent: {}
[108.355564] (-) TimerEvent: {}
[108.455869] (-) TimerEvent: {}
[108.556214] (-) TimerEvent: {}
[108.656556] (-) TimerEvent: {}
[108.756860] (-) TimerEvent: {}
[108.857174] (-) TimerEvent: {}
[108.957521] (-) TimerEvent: {}
[109.057858] (-) TimerEvent: {}
[109.158201] (-) TimerEvent: {}
[109.258534] (-) TimerEvent: {}
[109.358877] (-) TimerEvent: {}
[109.459195] (-) TimerEvent: {}
[109.559601] (-) TimerEvent: {}
[109.659973] (-) TimerEvent: {}
[109.760278] (-) TimerEvent: {}
[109.860560] (-) TimerEvent: {}
[109.960852] (-) TimerEvent: {}
[110.061138] (-) TimerEvent: {}
[110.161496] (-) TimerEvent: {}
[110.261808] (-) TimerEvent: {}
[110.362139] (-) TimerEvent: {}
[110.462436] (-) TimerEvent: {}
[110.562794] (-) TimerEvent: {}
[110.663158] (-) TimerEvent: {}
[110.763501] (-) TimerEvent: {}
[110.863827] (-) TimerEvent: {}
[110.964152] (-) TimerEvent: {}
[111.064463] (-) TimerEvent: {}
[111.164806] (-) TimerEvent: {}
[111.265161] (-) TimerEvent: {}
[111.365607] (-) TimerEvent: {}
[111.466044] (-) TimerEvent: {}
[111.566430] (-) TimerEvent: {}
[111.666795] (-) TimerEvent: {}
[111.767096] (-) TimerEvent: {}
[111.867453] (-) TimerEvent: {}
[111.967745] (-) TimerEvent: {}
[112.068035] (-) TimerEvent: {}
[112.168352] (-) TimerEvent: {}
[112.268633] (-) TimerEvent: {}
[112.368967] (-) TimerEvent: {}
[112.469346] (-) TimerEvent: {}
[112.569728] (-) TimerEvent: {}
[112.670132] (-) TimerEvent: {}
[112.770432] (-) TimerEvent: {}
[112.870719] (-) TimerEvent: {}
[112.971044] (-) TimerEvent: {}
[113.071362] (-) TimerEvent: {}
[113.171689] (-) TimerEvent: {}
[113.271985] (-) TimerEvent: {}
[113.372359] (-) TimerEvent: {}
[113.472701] (-) TimerEvent: {}
[113.573050] (-) TimerEvent: {}
[113.673444] (-) TimerEvent: {}
[113.773793] (-) TimerEvent: {}
[113.874119] (-) TimerEvent: {}
[113.974453] (-) TimerEvent: {}
[114.074748] (-) TimerEvent: {}
[114.175145] (-) TimerEvent: {}
[114.275547] (-) TimerEvent: {}
[114.375881] (-) TimerEvent: {}
[114.476302] (-) TimerEvent: {}
[114.576643] (-) TimerEvent: {}
[114.677009] (-) TimerEvent: {}
[114.777396] (-) TimerEvent: {}
[114.877753] (-) TimerEvent: {}
[114.978080] (-) TimerEvent: {}
[115.078376] (-) TimerEvent: {}
[115.178669] (-) TimerEvent: {}
[115.278977] (-) TimerEvent: {}
[115.379347] (-) TimerEvent: {}
[115.479756] (-) TimerEvent: {}
[115.580160] (-) TimerEvent: {}
[115.680545] (-) TimerEvent: {}
[115.780887] (-) TimerEvent: {}
[115.881186] (-) TimerEvent: {}
[115.981523] (-) TimerEvent: {}
[116.081816] (-) TimerEvent: {}
[116.182136] (-) TimerEvent: {}
[116.282431] (-) TimerEvent: {}
[116.382790] (-) TimerEvent: {}
[116.483156] (-) TimerEvent: {}
[116.583570] (-) TimerEvent: {}
[116.683897] (-) TimerEvent: {}
[116.784209] (-) TimerEvent: {}
[116.884529] (-) TimerEvent: {}
[116.984817] (-) TimerEvent: {}
[117.085107] (-) TimerEvent: {}
[117.185470] (-) TimerEvent: {}
[117.285859] (-) TimerEvent: {}
[117.386207] (-) TimerEvent: {}
[117.486614] (-) TimerEvent: {}
[117.587021] (-) TimerEvent: {}
[117.687455] (-) TimerEvent: {}
[117.787787] (-) TimerEvent: {}
[117.888085] (-) TimerEvent: {}
[117.988394] (-) TimerEvent: {}
[118.088698] (-) TimerEvent: {}
[118.189002] (-) TimerEvent: {}
[118.289299] (-) TimerEvent: {}
[118.389639] (-) TimerEvent: {}
[118.489978] (-) TimerEvent: {}
[118.590370] (-) TimerEvent: {}
[118.690719] (-) TimerEvent: {}
[118.791056] (-) TimerEvent: {}
[118.891422] (-) TimerEvent: {}
[118.991729] (-) TimerEvent: {}
[119.092097] (-) TimerEvent: {}
[119.192405] (-) TimerEvent: {}
[119.292712] (-) TimerEvent: {}
[119.393048] (-) TimerEvent: {}
[119.493483] (-) TimerEvent: {}
[119.593910] (-) TimerEvent: {}
[119.694316] (-) TimerEvent: {}
[119.794639] (-) TimerEvent: {}
[119.894970] (-) TimerEvent: {}
[119.995270] (-) TimerEvent: {}
[120.095601] (-) TimerEvent: {}
[120.195928] (-) TimerEvent: {}
[120.296305] (-) TimerEvent: {}
[120.396604] (-) TimerEvent: {}
[120.496921] (-) TimerEvent: {}
[120.597374] (-) TimerEvent: {}
[120.697779] (-) TimerEvent: {}
[120.798081] (-) TimerEvent: {}
[120.898415] (-) TimerEvent: {}
[120.998713] (-) TimerEvent: {}
[121.099038] (-) TimerEvent: {}
[121.199330] (-) TimerEvent: {}
[121.299688] (-) TimerEvent: {}
[121.400058] (-) TimerEvent: {}
[121.500462] (-) TimerEvent: {}
[121.600840] (-) TimerEvent: {}
[121.701190] (-) TimerEvent: {}
[121.801537] (-) TimerEvent: {}
[121.901874] (-) TimerEvent: {}
[122.002225] (-) TimerEvent: {}
[122.102580] (-) TimerEvent: {}
[122.202890] (-) TimerEvent: {}
[122.303217] (-) TimerEvent: {}
[122.403583] (-) TimerEvent: {}
[122.503915] (-) TimerEvent: {}
[122.604291] (-) TimerEvent: {}
[122.704636] (-) TimerEvent: {}
[122.804945] (-) TimerEvent: {}
[122.905301] (-) TimerEvent: {}
[123.005712] (-) TimerEvent: {}
[123.106290] (-) TimerEvent: {}
[123.206715] (-) TimerEvent: {}
[123.307161] (-) TimerEvent: {}
[123.407580] (-) TimerEvent: {}
[123.507996] (-) TimerEvent: {}
[123.608404] (-) TimerEvent: {}
[123.708812] (-) TimerEvent: {}
[123.809231] (-) TimerEvent: {}
[123.909648] (-) TimerEvent: {}
[124.010064] (-) TimerEvent: {}
[124.110482] (-) TimerEvent: {}
[124.211134] (-) TimerEvent: {}
[124.311756] (-) TimerEvent: {}
[124.412182] (-) TimerEvent: {}
[124.512606] (-) TimerEvent: {}
[124.613019] (-) TimerEvent: {}
[124.713645] (-) TimerEvent: {}
[124.814081] (-) TimerEvent: {}
[124.914443] (-) TimerEvent: {}
[125.014730] (-) TimerEvent: {}
[125.115295] (-) TimerEvent: {}
[125.215605] (-) TimerEvent: {}
[125.315898] (-) TimerEvent: {}
[125.416187] (-) TimerEvent: {}
[125.516486] (-) TimerEvent: {}
[125.616795] (-) TimerEvent: {}
[125.717340] (-) TimerEvent: {}
[125.817574] (-) TimerEvent: {}
[125.917815] (-) TimerEvent: {}
[126.018103] (-) TimerEvent: {}
[126.118631] (-) TimerEvent: {}
[126.219197] (-) TimerEvent: {}
[126.319483] (-) TimerEvent: {}
[126.419752] (-) TimerEvent: {}
[126.522592] (-) TimerEvent: {}
[126.623135] (-) TimerEvent: {}
[126.723671] (-) TimerEvent: {}
[126.823961] (-) TimerEvent: {}
[126.924249] (-) TimerEvent: {}
[127.024548] (-) TimerEvent: {}
[127.125084] (-) TimerEvent: {}
[127.225378] (-) TimerEvent: {}
[127.325656] (-) TimerEvent: {}
[127.425939] (-) TimerEvent: {}
[127.526472] (-) TimerEvent: {}
[127.627006] (-) TimerEvent: {}
[127.727344] (-) TimerEvent: {}
[127.827710] (-) TimerEvent: {}
[127.928032] (-) TimerEvent: {}
[128.028568] (-) TimerEvent: {}
[128.129099] (-) TimerEvent: {}
[128.229401] (-) TimerEvent: {}
[128.329705] (-) TimerEvent: {}
[128.430060] (-) TimerEvent: {}
[128.530663] (-) TimerEvent: {}
[128.631244] (-) TimerEvent: {}
[128.731586] (-) TimerEvent: {}
[128.831964] (-) TimerEvent: {}
[128.932259] (-) TimerEvent: {}
[129.032762] (-) TimerEvent: {}
[129.133264] (-) TimerEvent: {}
[129.233560] (-) TimerEvent: {}
[129.333847] (-) TimerEvent: {}
[129.434151] (-) TimerEvent: {}
[129.534705] (-) TimerEvent: {}
[129.635029] (-) TimerEvent: {}
[129.735356] (-) TimerEvent: {}
[129.835708] (-) TimerEvent: {}
[129.935959] (-) TimerEvent: {}
[130.036447] (-) TimerEvent: {}
[130.136759] (-) TimerEvent: {}
[130.237044] (-) TimerEvent: {}
[130.337345] (-) TimerEvent: {}
[130.437909] (-) TimerEvent: {}
[130.538429] (-) TimerEvent: {}
[130.638715] (-) TimerEvent: {}
[130.739065] (-) TimerEvent: {}
[130.839417] (-) TimerEvent: {}
[130.939991] (-) TimerEvent: {}
[131.040313] (-) TimerEvent: {}
[131.140606] (-) TimerEvent: {}
[131.240893] (-) TimerEvent: {}
[131.341196] (-) TimerEvent: {}
[131.441753] (-) TimerEvent: {}
[131.542280] (-) TimerEvent: {}
[131.642571] (-) TimerEvent: {}
[131.742861] (-) TimerEvent: {}
[131.843230] (-) TimerEvent: {}
[131.943646] (-) TimerEvent: {}
[132.043934] (-) TimerEvent: {}
[132.144116] (-) TimerEvent: {}
[132.244311] (-) TimerEvent: {}
[132.344557] (-) TimerEvent: {}
[132.444801] (-) TimerEvent: {}
[132.545079] (-) TimerEvent: {}
[132.645312] (-) TimerEvent: {}
[132.745542] (-) TimerEvent: {}
[132.845891] (-) TimerEvent: {}
[132.946237] (-) TimerEvent: {}
[133.046491] (-) TimerEvent: {}
[133.146753] (-) TimerEvent: {}
[133.247144] (-) TimerEvent: {}
[133.347696] (-) TimerEvent: {}
[133.447986] (-) TimerEvent: {}
[133.548273] (-) TimerEvent: {}
[133.648576] (-) TimerEvent: {}
[133.749127] (-) TimerEvent: {}
[133.849471] (-) TimerEvent: {}
[133.949822] (-) TimerEvent: {}
[134.050069] (-) TimerEvent: {}
[134.150329] (-) TimerEvent: {}
[134.250886] (-) TimerEvent: {}
[134.351425] (-) TimerEvent: {}
[134.451711] (-) TimerEvent: {}
[134.552002] (-) TimerEvent: {}
[134.652305] (-) TimerEvent: {}
[134.752844] (-) TimerEvent: {}
[134.853193] (-) TimerEvent: {}
[134.953559] (-) TimerEvent: {}
[135.053872] (-) TimerEvent: {}
[135.154397] (-) TimerEvent: {}
[135.254912] (-) TimerEvent: {}
[135.355217] (-) TimerEvent: {}
[135.455551] (-) TimerEvent: {}
[135.555907] (-) TimerEvent: {}
[135.656464] (-) TimerEvent: {}
[135.756767] (-) TimerEvent: {}
[135.857129] (-) TimerEvent: {}
[135.957455] (-) TimerEvent: {}
[136.057775] (-) TimerEvent: {}
[136.158019] (-) TimerEvent: {}
[136.258187] (-) TimerEvent: {}
[136.358367] (-) TimerEvent: {}
[136.458572] (-) TimerEvent: {}
[136.558854] (-) TimerEvent: {}
[136.659123] (-) TimerEvent: {}
[136.759388] (-) TimerEvent: {}
[136.859671] (-) TimerEvent: {}
[136.960022] (-) TimerEvent: {}
[137.060354] (-) TimerEvent: {}
[137.160841] (-) TimerEvent: {}
[137.261144] (-) TimerEvent: {}
[137.361432] (-) TimerEvent: {}
[137.461735] (-) TimerEvent: {}
[137.562061] (-) TimerEvent: {}
[137.662369] (-) TimerEvent: {}
[137.762653] (-) TimerEvent: {}
[137.862958] (-) TimerEvent: {}
[137.963284] (-) TimerEvent: {}
[138.063666] (-) TimerEvent: {}
[138.163970] (-) TimerEvent: {}
[138.264207] (-) TimerEvent: {}
[138.364427] (-) TimerEvent: {}
[138.464616] (-) TimerEvent: {}
[138.564802] (-) TimerEvent: {}
[138.665025] (-) TimerEvent: {}
[138.765289] (-) TimerEvent: {}
[138.865585] (-) TimerEvent: {}
[138.965940] (-) TimerEvent: {}
[139.066310] (-) TimerEvent: {}
[139.166611] (-) TimerEvent: {}
[139.266898] (-) TimerEvent: {}
[139.367196] (-) TimerEvent: {}
[139.467747] (-) TimerEvent: {}
[139.568059] (-) TimerEvent: {}
[139.668349] (-) TimerEvent: {}
[139.768628] (-) TimerEvent: {}
[139.868926] (-) TimerEvent: {}
[139.969274] (-) TimerEvent: {}
[140.069632] (-) TimerEvent: {}
[140.169941] (-) TimerEvent: {}
[140.270175] (-) TimerEvent: {}
[140.370343] (-) TimerEvent: {}
[140.470527] (-) TimerEvent: {}
[140.570742] (-) TimerEvent: {}
[140.671006] (-) TimerEvent: {}
[140.771299] (-) TimerEvent: {}
[140.871611] (-) TimerEvent: {}
[140.971938] (-) TimerEvent: {}
[141.072292] (-) TimerEvent: {}
[141.172616] (-) TimerEvent: {}
[141.272937] (-) TimerEvent: {}
[141.373469] (-) TimerEvent: {}
[141.473770] (-) TimerEvent: {}
[141.574057] (-) TimerEvent: {}
[141.674349] (-) TimerEvent: {}
[141.774897] (-) TimerEvent: {}
[141.875410] (-) TimerEvent: {}
[141.975705] (-) TimerEvent: {}
[142.076049] (-) TimerEvent: {}
[142.176433] (-) TimerEvent: {}
[142.276974] (-) TimerEvent: {}
[142.377480] (-) TimerEvent: {}
[142.477767] (-) TimerEvent: {}
[142.578054] (-) TimerEvent: {}
[142.678357] (-) TimerEvent: {}
[142.778885] (-) TimerEvent: {}
[142.879395] (-) TimerEvent: {}
[142.979682] (-) TimerEvent: {}
[143.080034] (-) TimerEvent: {}
[143.180410] (-) TimerEvent: {}
[143.281012] (-) TimerEvent: {}
[143.381381] (-) TimerEvent: {}
[143.481705] (-) TimerEvent: {}
[143.582024] (-) TimerEvent: {}
[143.682560] (-) TimerEvent: {}
[143.783080] (-) TimerEvent: {}
[143.883368] (-) TimerEvent: {}
[143.983650] (-) TimerEvent: {}
[144.083990] (-) TimerEvent: {}
[144.184389] (-) TimerEvent: {}
[144.284742] (-) TimerEvent: {}
[144.384993] (-) TimerEvent: {}
[144.485170] (-) TimerEvent: {}
[144.585399] (-) TimerEvent: {}
[144.685641] (-) TimerEvent: {}
[144.785817] (-) TimerEvent: {}
[144.885976] (-) TimerEvent: {}
[144.986198] (-) TimerEvent: {}
[145.086522] (-) TimerEvent: {}
[145.187097] (-) TimerEvent: {}
[145.287647] (-) TimerEvent: {}
[145.387938] (-) TimerEvent: {}
[145.488223] (-) TimerEvent: {}
[145.588530] (-) TimerEvent: {}
[145.688847] (-) TimerEvent: {}
[145.789141] (-) TimerEvent: {}
[145.889425] (-) TimerEvent: {}
[145.989725] (-) TimerEvent: {}
[146.090059] (-) TimerEvent: {}
[146.190726] (-) TimerEvent: {}
[146.291122] (-) TimerEvent: {}
[146.391436] (-) TimerEvent: {}
[146.491734] (-) TimerEvent: {}
[146.592280] (-) TimerEvent: {}
[146.692786] (-) TimerEvent: {}
[146.793061] (-) TimerEvent: {}
[146.893366] (-) TimerEvent: {}
[146.993668] (-) TimerEvent: {}
[147.094212] (-) TimerEvent: {}
[147.194840] (-) TimerEvent: {}
[147.295233] (-) TimerEvent: {}
[147.395558] (-) TimerEvent: {}
[147.495843] (-) TimerEvent: {}
[147.596217] (-) TimerEvent: {}
[147.696583] (-) TimerEvent: {}
[147.796844] (-) TimerEvent: {}
[147.897044] (-) TimerEvent: {}
[147.997213] (-) TimerEvent: {}
[148.097451] (-) TimerEvent: {}
[148.197808] (-) TimerEvent: {}
[148.298118] (-) TimerEvent: {}
[148.398395] (-) TimerEvent: {}
[148.498926] (-) TimerEvent: {}
[148.599441] (-) TimerEvent: {}
[148.699775] (-) TimerEvent: {}
[148.800060] (-) TimerEvent: {}
[148.900365] (-) TimerEvent: {}
[149.000923] (-) TimerEvent: {}
[149.101461] (-) TimerEvent: {}
[149.201800] (-) TimerEvent: {}
[149.302166] (-) TimerEvent: {}
[149.402489] (-) TimerEvent: {}
[149.502737] (-) TimerEvent: {}
[149.602954] (-) TimerEvent: {}
[149.703192] (-) TimerEvent: {}
[149.803486] (-) TimerEvent: {}
[149.904041] (-) TimerEvent: {}
[150.004572] (-) TimerEvent: {}
[150.104856] (-) TimerEvent: {}
[150.205190] (-) TimerEvent: {}
[150.305572] (-) TimerEvent: {}
[150.406157] (-) TimerEvent: {}
[150.506515] (-) TimerEvent: {}
[150.606840] (-) TimerEvent: {}
[150.707104] (-) TimerEvent: {}
[150.807385] (-) TimerEvent: {}
[150.907937] (-) TimerEvent: {}
[151.008240] (-) TimerEvent: {}
[151.108527] (-) TimerEvent: {}
[151.208833] (-) TimerEvent: {}
[151.309411] (-) TimerEvent: {}
[151.409962] (-) TimerEvent: {}
[151.510260] (-) TimerEvent: {}
[151.610539] (-) TimerEvent: {}
[151.710834] (-) TimerEvent: {}
[151.811330] (-) TimerEvent: {}
[151.911842] (-) TimerEvent: {}
[152.012127] (-) TimerEvent: {}
[152.112410] (-) TimerEvent: {}
[152.212708] (-) TimerEvent: {}
[152.313315] (-) TimerEvent: {}
[152.413696] (-) TimerEvent: {}
[152.513960] (-) TimerEvent: {}
[152.614186] (-) TimerEvent: {}
[152.714478] (-) TimerEvent: {}
[152.814990] (-) TimerEvent: {}
[152.915524] (-) TimerEvent: {}
[153.015813] (-) TimerEvent: {}
[153.116096] (-) TimerEvent: {}
[153.216422] (-) TimerEvent: {}
[153.317061] (-) TimerEvent: {}
[153.417461] (-) TimerEvent: {}
[153.517797] (-) TimerEvent: {}
[153.618084] (-) TimerEvent: {}
[153.718614] (-) TimerEvent: {}
[153.819173] (-) TimerEvent: {}
[153.919454] (-) TimerEvent: {}
[154.019731] (-) TimerEvent: {}
[154.120027] (-) TimerEvent: {}
[154.220563] (-) TimerEvent: {}
[154.320912] (-) TimerEvent: {}
[154.421292] (-) TimerEvent: {}
[154.521599] (-) TimerEvent: {}
[154.621872] (-) TimerEvent: {}
[154.722400] (-) TimerEvent: {}
[154.822698] (-) TimerEvent: {}
[154.923002] (-) TimerEvent: {}
[155.023279] (-) TimerEvent: {}
[155.123578] (-) TimerEvent: {}
[155.224115] (-) TimerEvent: {}
[155.324453] (-) TimerEvent: {}
[155.424807] (-) TimerEvent: {}
[155.525130] (-) TimerEvent: {}
[155.625396] (-) TimerEvent: {}
[155.725592] (-) TimerEvent: {}
[155.825757] (-) TimerEvent: {}
[155.925980] (-) TimerEvent: {}
[156.026308] (-) TimerEvent: {}
[156.126602] (-) TimerEvent: {}
[156.227101] (-) TimerEvent: {}
[156.327410] (-) TimerEvent: {}
[156.427753] (-) TimerEvent: {}
[156.528113] (-) TimerEvent: {}
[156.628641] (-) TimerEvent: {}
[156.729168] (-) TimerEvent: {}
[156.829466] (-) TimerEvent: {}
[156.929729] (-) TimerEvent: {}
[157.029943] (-) TimerEvent: {}
[157.130112] (-) TimerEvent: {}
[157.230265] (-) TimerEvent: {}
[157.330484] (-) TimerEvent: {}
[157.430861] (-) TimerEvent: {}
[157.531171] (-) TimerEvent: {}
[157.631648] (-) TimerEvent: {}
[157.731935] (-) TimerEvent: {}
[157.832221] (-) TimerEvent: {}
[157.932504] (-) TimerEvent: {}
[158.033022] (-) TimerEvent: {}
[158.133553] (-) TimerEvent: {}
[158.233820] (-) TimerEvent: {}
[158.334089] (-) TimerEvent: {}
[158.434424] (-) TimerEvent: {}
[158.534818] (-) TimerEvent: {}
[158.635372] (-) TimerEvent: {}
[158.735694] (-) TimerEvent: {}
[158.836037] (-) TimerEvent: {}
[158.936372] (-) TimerEvent: {}
[159.036939] (-) TimerEvent: {}
[159.137469] (-) TimerEvent: {}
[159.237763] (-) TimerEvent: {}
[159.338056] (-) TimerEvent: {}
[159.438396] (-) TimerEvent: {}
[159.539011] (-) TimerEvent: {}
[159.639336] (-) TimerEvent: {}
[159.739628] (-) TimerEvent: {}
[159.839914] (-) TimerEvent: {}
[159.940426] (-) TimerEvent: {}
[160.040938] (-) TimerEvent: {}
[160.141223] (-) TimerEvent: {}
[160.241505] (-) TimerEvent: {}
[160.341801] (-) TimerEvent: {}
[160.442138] (-) TimerEvent: {}
[160.542736] (-) TimerEvent: {}
[160.643068] (-) TimerEvent: {}
[160.743353] (-) TimerEvent: {}
[160.843647] (-) TimerEvent: {}
[160.944191] (-) TimerEvent: {}
[161.044489] (-) TimerEvent: {}
[161.144778] (-) TimerEvent: {}
[161.245076] (-) TimerEvent: {}
[161.345627] (-) TimerEvent: {}
[161.446009] (-) TimerEvent: {}
[161.546459] (-) TimerEvent: {}
[161.646794] (-) TimerEvent: {}
[161.747028] (-) TimerEvent: {}
[161.847228] (-) TimerEvent: {}
[161.947412] (-) TimerEvent: {}
[162.047617] (-) TimerEvent: {}
[162.147871] (-) TimerEvent: {}
[162.248063] (-) TimerEvent: {}
[162.348241] (-) TimerEvent: {}
[162.448406] (-) TimerEvent: {}
[162.548674] (-) TimerEvent: {}
[162.648989] (-) TimerEvent: {}
[162.749244] (-) TimerEvent: {}
[162.849481] (-) TimerEvent: {}
[162.949699] (-) TimerEvent: {}
[163.049956] (-) TimerEvent: {}
[163.150184] (-) TimerEvent: {}
[163.250371] (-) TimerEvent: {}
[163.350580] (-) TimerEvent: {}
[163.450816] (-) TimerEvent: {}
[163.551096] (-) TimerEvent: {}
[163.651393] (-) TimerEvent: {}
[163.751696] (-) TimerEvent: {}
[163.851977] (-) TimerEvent: {}
[163.952201] (-) TimerEvent: {}
[164.052408] (-) TimerEvent: {}
[164.152609] (-) TimerEvent: {}
[164.252807] (-) TimerEvent: {}
[164.352994] (-) TimerEvent: {}
[164.453172] (-) TimerEvent: {}
[164.553434] (-) TimerEvent: {}
[164.653782] (-) TimerEvent: {}
[164.754090] (-) TimerEvent: {}
[164.854331] (-) TimerEvent: {}
[164.954609] (-) TimerEvent: {}
[165.054836] (-) TimerEvent: {}
[165.155068] (-) TimerEvent: {}
[165.255309] (-) TimerEvent: {}
[165.355581] (-) TimerEvent: {}
[165.455851] (-) TimerEvent: {}
[165.556166] (-) TimerEvent: {}
[165.656521] (-) TimerEvent: {}
[165.756811] (-) TimerEvent: {}
[165.857053] (-) TimerEvent: {}
[165.957276] (-) TimerEvent: {}
[166.057501] (-) TimerEvent: {}
[166.157794] (-) TimerEvent: {}
[166.258066] (-) TimerEvent: {}
[166.358340] (-) TimerEvent: {}
[166.458607] (-) TimerEvent: {}
[166.558829] (-) TimerEvent: {}
[166.659117] (-) TimerEvent: {}
[166.759416] (-) TimerEvent: {}
[166.859665] (-) TimerEvent: {}
[166.959861] (-) TimerEvent: {}
[167.060088] (-) TimerEvent: {}
[167.160333] (-) TimerEvent: {}
[167.260518] (-) TimerEvent: {}
[167.360702] (-) TimerEvent: {}
[167.460906] (-) TimerEvent: {}
[167.561130] (-) TimerEvent: {}
[167.661419] (-) TimerEvent: {}
[167.761754] (-) TimerEvent: {}
[167.862009] (-) TimerEvent: {}
[167.962188] (-) TimerEvent: {}
[168.062384] (-) TimerEvent: {}
[168.162588] (-) TimerEvent: {}
[168.262949] (-) TimerEvent: {}
[168.363297] (-) TimerEvent: {}
[168.463562] (-) TimerEvent: {}
[168.563864] (-) TimerEvent: {}
[168.664245] (-) TimerEvent: {}
[168.764586] (-) TimerEvent: {}
[168.864833] (-) TimerEvent: {}
[168.965047] (-) TimerEvent: {}
[169.065236] (-) TimerEvent: {}
[169.165444] (-) TimerEvent: {}
[169.265642] (-) TimerEvent: {}
[169.365812] (-) TimerEvent: {}
[169.466030] (-) TimerEvent: {}
[169.566229] (-) TimerEvent: {}
[169.666518] (-) TimerEvent: {}
[169.766825] (-) TimerEvent: {}
[169.867043] (-) TimerEvent: {}
[169.967236] (-) TimerEvent: {}
[170.067433] (-) TimerEvent: {}
[170.167607] (-) TimerEvent: {}
[170.267786] (-) TimerEvent: {}
[170.367992] (-) TimerEvent: {}
[170.468208] (-) TimerEvent: {}
[170.568437] (-) TimerEvent: {}
[170.668680] (-) TimerEvent: {}
[170.768934] (-) TimerEvent: {}
[170.869155] (-) TimerEvent: {}
[170.969349] (-) TimerEvent: {}
[171.069523] (-) TimerEvent: {}
[171.169709] (-) TimerEvent: {}
[171.269940] (-) TimerEvent: {}
[171.370161] (-) TimerEvent: {}
[171.470408] (-) TimerEvent: {}
[171.570618] (-) TimerEvent: {}
[171.670839] (-) TimerEvent: {}
[171.771114] (-) TimerEvent: {}
[171.871402] (-) TimerEvent: {}
[171.971664] (-) TimerEvent: {}
[172.071841] (-) TimerEvent: {}
[172.172037] (-) TimerEvent: {}
[172.272204] (-) TimerEvent: {}
[172.372369] (-) TimerEvent: {}
[172.472542] (-) TimerEvent: {}
[172.572719] (-) TimerEvent: {}
[172.672908] (-) TimerEvent: {}
[172.773158] (-) TimerEvent: {}
[172.873559] (-) TimerEvent: {}
[172.973892] (-) TimerEvent: {}
[173.074128] (-) TimerEvent: {}
[173.174299] (-) TimerEvent: {}
[173.274495] (-) TimerEvent: {}
[173.374693] (-) TimerEvent: {}
[173.474935] (-) TimerEvent: {}
[173.575133] (-) TimerEvent: {}
[173.675320] (-) TimerEvent: {}
[173.775625] (-) TimerEvent: {}
[173.876021] (-) TimerEvent: {}
[173.976324] (-) TimerEvent: {}
[174.076665] (-) TimerEvent: {}
[174.176963] (-) TimerEvent: {}
[174.277289] (-) TimerEvent: {}
[174.377670] (-) TimerEvent: {}
[174.477910] (-) TimerEvent: {}
[174.578215] (-) TimerEvent: {}
[174.678475] (-) TimerEvent: {}
[174.778790] (-) TimerEvent: {}
[174.879060] (-) TimerEvent: {}
[174.979293] (-) TimerEvent: {}
[175.079576] (-) TimerEvent: {}
[175.179975] (-) TimerEvent: {}
[175.278138] (fast_lio) StdoutLine: {'line': b'[ 97%] Linking CXX executable fastlio_mapping\n'}
[175.280057] (-) TimerEvent: {}
[175.380413] (-) TimerEvent: {}
[175.480806] (-) TimerEvent: {}
[175.581167] (-) TimerEvent: {}
[175.681561] (-) TimerEvent: {}
[175.781913] (-) TimerEvent: {}
[175.882307] (-) TimerEvent: {}
[175.982753] (-) TimerEvent: {}
[176.083125] (-) TimerEvent: {}
[176.183387] (-) TimerEvent: {}
[176.283618] (-) TimerEvent: {}
[176.383847] (-) TimerEvent: {}
[176.484072] (-) TimerEvent: {}
[176.584267] (-) TimerEvent: {}
[176.684468] (-) TimerEvent: {}
[176.784677] (-) TimerEvent: {}
[176.884976] (-) TimerEvent: {}
[176.985330] (-) TimerEvent: {}
[177.085672] (-) TimerEvent: {}
[177.185940] (-) TimerEvent: {}
[177.286200] (-) TimerEvent: {}
[177.386444] (-) TimerEvent: {}
[177.486739] (-) TimerEvent: {}
[177.586966] (-) TimerEvent: {}
[177.687188] (-) TimerEvent: {}
[177.787387] (-) TimerEvent: {}
[177.887769] (-) TimerEvent: {}
[177.988156] (-) TimerEvent: {}
[178.088448] (-) TimerEvent: {}
[178.188729] (-) TimerEvent: {}
[178.288964] (-) TimerEvent: {}
[178.347566] (fast_lio) StdoutLine: {'line': b'[100%] Built target fastlio_mapping\n'}
[178.357311] (fast_lio) CommandEnded: {'returncode': 0}
[178.359932] (fast_lio) JobProgress: {'identifier': 'fast_lio', 'progress': 'install'}
[178.368825] (fast_lio) Command: {'cmd': ['/usr/local/bin/cmake', '--install', '/home/seeed/ros2/ws/build/fast_lio'], 'cwd': '/home/seeed/ros2/ws/build/fast_lio', 'env': OrderedDict([('LANGUAGE', 'zh_CN:en'), ('USER', 'seeed'), ('SSH_CLIENT', '10.200.24.83 44623 22'), ('LC_TIME', 'zh_CN.UTF-8'), ('ROS_PACKAGE_PATH', '/home/seeed/ros2/ws/install/vikit_common/share:/home/seeed/ros2/ws/install/ugv_sdk/share'), ('XDG_SESSION_TYPE', 'tty'), ('SHLVL', '1'), ('LD_LIBRARY_PATH', '/home/seeed/ros2/ws/install/livox_ros_driver2/lib:/home/seeed/ros2/ws/install/vikit_ros/lib:/home/seeed/ros2/ws/install/vikit_common/lib:/home/seeed/ros2/ws/install/ranger_msgs/lib:/home/seeed/ros2/ws/install/fast_lio/lib:/opt/ros/humble/opt/rviz_ogre_vendor/lib:/opt/ros/humble/lib/aarch64-linux-gnu:/opt/ros/humble/lib'), ('MOTD_SHOWN', 'pam'), ('HOME', '/home/seeed'), ('OLDPWD', '/home/seeed'), ('ROS_PYTHON_VERSION', '3'), ('LC_MONETARY', 'zh_CN.UTF-8'), ('LC_CTYPE', 'C.UTF-8'), ('DBUS_SESSION_BUS_ADDRESS', 'unix:path=/run/user/1000/bus'), ('COLCON_PREFIX_PATH', '/home/seeed/ros2/ws/install'), ('ROS_DISTRO', 'humble'), ('LOGNAME', 'seeed'), ('_', '/usr/bin/colcon'), ('ROS_VERSION', '2'), ('PKG_CONFIG_PATH', '/home/seeed/ros2/ws/install/vikit_common/lib/aarch64-linux-gnu/pkgconfig:/home/seeed/ros2/ws/install/vikit_common/lib/pkgconfig:/home/seeed/ros2/ws/install/ugv_sdk/lib/aarch64-linux-gnu/pkgconfig:/home/seeed/ros2/ws/install/ugv_sdk/lib/pkgconfig'), ('XDG_SESSION_CLASS', 'user'), ('XDG_SESSION_ID', '56'), ('ROS_LOCALHOST_ONLY', '0'), ('PATH', '/opt/ros/humble/bin:/usr/local/sbin:/usr/local/bin:/usr/sbin:/usr/bin:/sbin:/bin:/usr/games:/usr/local/games:/snap/bin'), ('PAPERSIZE', 'a4'), ('LC_ADDRESS', 'zh_CN.UTF-8'), ('XDG_RUNTIME_DIR', '/run/user/1000'), ('DISPLAY', 'localhost:11.0'), ('LANG', 'zh_CN.UTF-8'), ('LC_TELEPHONE', 'zh_CN.UTF-8'), ('AMENT_PREFIX_PATH', '/home/seeed/ros2/ws/install/vikit_ros:/home/seeed/ros2/ws/install/ranger_base:/home/seeed/ros2/ws/install/ranger_msgs:/home/seeed/ros2/ws/install/ranger_bringup:/home/seeed/ros2/ws/install/pcd_ndt_localization:/home/seeed/ros2/ws/install/nav_tf_bridge:/home/seeed/ros2/ws/install/fast_lio:/home/seeed/ros2/ws/install/livox_ros_driver2:/opt/ros/humble'), ('SHELL', '/bin/bash'), ('LC_NAME', 'zh_CN.UTF-8'), ('LC_MEASUREMENT', 'zh_CN.UTF-8'), ('LC_IDENTIFICATION', 'zh_CN.UTF-8'), ('PWD', '/home/seeed/ros2/ws/build/fast_lio'), ('LC_ALL', 'en_US.UTF-8'), ('SSH_CONNECTION', '10.200.24.83 44623 10.200.54.207 22'), ('PYTHONPATH', '/home/seeed/ros2/ws/install/ranger_msgs/local/lib/python3.10/dist-packages:/home/seeed/ros2/ws/install/fast_lio/local/lib/python3.10/dist-packages:/home/seeed/ros2/ws/install/livox_ros_driver2/local/lib/python3.10/dist-packages:/opt/ros/humble/lib/python3.10/site-packages:/opt/ros/humble/local/lib/python3.10/dist-packages'), ('LC_NUMERIC', 'zh_CN.UTF-8'), ('LC_PAPER', 'zh_CN.UTF-8'), ('COLCON', '1'), ('CMAKE_PREFIX_PATH', '/home/seeed/ros2/ws/install/livox_ros_driver2:/home/seeed/ros2/ws/install/vikit_ros:/opt/ros/humble:/home/seeed/ros2/ws/install/vikit_common:/home/seeed/ros2/ws/install/ranger_base:/home/seeed/ros2/ws/install/ugv_sdk:/home/seeed/ros2/ws/install/ranger_msgs:/home/seeed/ros2/ws/install/ranger_bringup:/home/seeed/ros2/ws/install/pcd_ndt_localization:/home/seeed/ros2/ws/install/nav_tf_bridge:/home/seeed/ros2/ws/install/fast_lio')]), 'shell': False}
[178.380552] (fast_lio) StdoutLine: {'line': b'-- Install configuration: "Release"\n'}
[178.382566] (fast_lio) StdoutLine: {'line': b'-- Execute custom install script\n'}
[178.383996] (fast_lio) StdoutLine: {'line': b'-- Up-to-date symlink: /home/seeed/ros2/ws/install/fast_lio/share/ament_index/resource_index/rosidl_interfaces/fast_lio\n'}
[178.386683] (fast_lio) StdoutLine: {'line': b'-- Up-to-date symlink: /home/seeed/ros2/ws/install/fast_lio/include/fast_lio/fast_lio/msg/detail/pose6_d__functions.h\n'}
[178.387164] (fast_lio) StdoutLine: {'line': b'-- Up-to-date symlink: /home/seeed/ros2/ws/install/fast_lio/include/fast_lio/fast_lio/msg/detail/pose6_d__struct.h\n'}
[178.387738] (fast_lio) StdoutLine: {'line': b'-- Up-to-date symlink: /home/seeed/ros2/ws/install/fast_lio/include/fast_lio/fast_lio/msg/detail/pose6_d__type_support.h\n'}
[178.388310] (fast_lio) StdoutLine: {'line': b'-- Up-to-date symlink: /home/seeed/ros2/ws/install/fast_lio/include/fast_lio/fast_lio/msg/pose6_d.h\n'}
[178.388723] (fast_lio) StdoutLine: {'line': b'-- Up-to-date symlink: /home/seeed/ros2/ws/install/fast_lio/include/fast_lio/fast_lio/msg/rosidl_generator_c__visibility_control.h\n'}
[178.389029] (-) TimerEvent: {}
[178.389240] (fast_lio) StdoutLine: {'line': b'-- Up-to-date symlink: /home/seeed/ros2/ws/install/fast_lio/share/fast_lio/environment/library_path.sh\n'}
[178.389658] (fast_lio) StdoutLine: {'line': b'-- Up-to-date symlink: /home/seeed/ros2/ws/install/fast_lio/share/fast_lio/environment/library_path.dsv\n'}
[178.391058] (fast_lio) StdoutLine: {'line': b'-- Up-to-date symlink: /home/seeed/ros2/ws/install/fast_lio/include/fast_lio/fast_lio/msg/detail/pose6_d__rosidl_typesupport_fastrtps_c.h\n'}
[178.391523] (fast_lio) StdoutLine: {'line': b'-- Up-to-date symlink: /home/seeed/ros2/ws/install/fast_lio/include/fast_lio/fast_lio/msg/rosidl_typesupport_fastrtps_c__visibility_control.h\n'}
[178.392651] (fast_lio) StdoutLine: {'line': b'-- Up-to-date symlink: /home/seeed/ros2/ws/install/fast_lio/include/fast_lio/fast_lio/msg/detail/pose6_d__builder.hpp\n'}
[178.393107] (fast_lio) StdoutLine: {'line': b'-- Up-to-date symlink: /home/seeed/ros2/ws/install/fast_lio/include/fast_lio/fast_lio/msg/detail/pose6_d__struct.hpp\n'}
[178.393552] (fast_lio) StdoutLine: {'line': b'-- Up-to-date symlink: /home/seeed/ros2/ws/install/fast_lio/include/fast_lio/fast_lio/msg/detail/pose6_d__traits.hpp\n'}
[178.394007] (fast_lio) StdoutLine: {'line': b'-- Up-to-date symlink: /home/seeed/ros2/ws/install/fast_lio/include/fast_lio/fast_lio/msg/detail/pose6_d__type_support.hpp\n'}
[178.394539] (fast_lio) StdoutLine: {'line': b'-- Up-to-date symlink: /home/seeed/ros2/ws/install/fast_lio/include/fast_lio/fast_lio/msg/pose6_d.hpp\n'}
[178.395087] (fast_lio) StdoutLine: {'line': b'-- Up-to-date symlink: /home/seeed/ros2/ws/install/fast_lio/include/fast_lio/fast_lio/msg/rosidl_generator_cpp__visibility_control.hpp\n'}
[178.396384] (fast_lio) StdoutLine: {'line': b'-- Up-to-date symlink: /home/seeed/ros2/ws/install/fast_lio/include/fast_lio/fast_lio/msg/detail/pose6_d__rosidl_typesupport_fastrtps_cpp.hpp\n'}
[178.396894] (fast_lio) StdoutLine: {'line': b'-- Up-to-date symlink: /home/seeed/ros2/ws/install/fast_lio/include/fast_lio/fast_lio/msg/rosidl_typesupport_fastrtps_cpp__visibility_control.h\n'}
[178.397915] (fast_lio) StdoutLine: {'line': b'-- Up-to-date symlink: /home/seeed/ros2/ws/install/fast_lio/include/fast_lio/fast_lio/msg/detail/pose6_d__rosidl_typesupport_introspection_c.h\n'}
[178.398306] (fast_lio) StdoutLine: {'line': b'-- Up-to-date symlink: /home/seeed/ros2/ws/install/fast_lio/include/fast_lio/fast_lio/msg/rosidl_typesupport_introspection_c__visibility_control.h\n'}
[178.399261] (fast_lio) StdoutLine: {'line': b'-- Up-to-date symlink: /home/seeed/ros2/ws/install/fast_lio/include/fast_lio/fast_lio/msg/detail/pose6_d__rosidl_typesupport_introspection_cpp.hpp\n'}
[178.399668] (fast_lio) StdoutLine: {'line': b'-- Up-to-date symlink: /home/seeed/ros2/ws/install/fast_lio/share/fast_lio/environment/pythonpath.sh\n'}
[178.400113] (fast_lio) StdoutLine: {'line': b'-- Up-to-date symlink: /home/seeed/ros2/ws/install/fast_lio/share/fast_lio/environment/pythonpath.dsv\n'}
[178.400973] (fast_lio) StdoutLine: {'line': b'-- Up-to-date symlink: /home/seeed/ros2/ws/install/fast_lio/local/lib/python3.10/dist-packages/fast_lio-0.0.0-py3.10.egg-info/PKG-INFO\n'}
[178.401257] (fast_lio) StdoutLine: {'line': b'-- Up-to-date symlink: /home/seeed/ros2/ws/install/fast_lio/local/lib/python3.10/dist-packages/fast_lio-0.0.0-py3.10.egg-info/SOURCES.txt\n'}
[178.401533] (fast_lio) StdoutLine: {'line': b'-- Up-to-date symlink: /home/seeed/ros2/ws/install/fast_lio/local/lib/python3.10/dist-packages/fast_lio-0.0.0-py3.10.egg-info/dependency_links.txt\n'}
[178.401845] (fast_lio) StdoutLine: {'line': b'-- Up-to-date symlink: /home/seeed/ros2/ws/install/fast_lio/local/lib/python3.10/dist-packages/fast_lio-0.0.0-py3.10.egg-info/top_level.txt\n'}
[178.403319] (fast_lio) StdoutLine: {'line': b'-- Up-to-date symlink: /home/seeed/ros2/ws/install/fast_lio/local/lib/python3.10/dist-packages/fast_lio/__init__.py\n'}
[178.403595] (fast_lio) StdoutLine: {'line': b'-- Up-to-date symlink: /home/seeed/ros2/ws/install/fast_lio/local/lib/python3.10/dist-packages/fast_lio/_fast_lio_s.ep.rosidl_typesupport_c.c\n'}
[178.403942] (fast_lio) StdoutLine: {'line': b'-- Up-to-date symlink: /home/seeed/ros2/ws/install/fast_lio/local/lib/python3.10/dist-packages/fast_lio/_fast_lio_s.ep.rosidl_typesupport_fastrtps_c.c\n'}
[178.404248] (fast_lio) StdoutLine: {'line': b'-- Up-to-date symlink: /home/seeed/ros2/ws/install/fast_lio/local/lib/python3.10/dist-packages/fast_lio/_fast_lio_s.ep.rosidl_typesupport_introspection_c.c\n'}
[178.404603] (fast_lio) StdoutLine: {'line': b'-- Up-to-date symlink: /home/seeed/ros2/ws/install/fast_lio/local/lib/python3.10/dist-packages/fast_lio/fast_lio_s__rosidl_typesupport_c.cpython-310-aarch64-linux-gnu.so\n'}
[178.404863] (fast_lio) StdoutLine: {'line': b'-- Up-to-date symlink: /home/seeed/ros2/ws/install/fast_lio/local/lib/python3.10/dist-packages/fast_lio/fast_lio_s__rosidl_typesupport_fastrtps_c.cpython-310-aarch64-linux-gnu.so\n'}
[178.405127] (fast_lio) StdoutLine: {'line': b'-- Up-to-date symlink: /home/seeed/ros2/ws/install/fast_lio/local/lib/python3.10/dist-packages/fast_lio/fast_lio_s__rosidl_typesupport_introspection_c.cpython-310-aarch64-linux-gnu.so\n'}
[178.405395] (fast_lio) StdoutLine: {'line': b'-- Up-to-date symlink: /home/seeed/ros2/ws/install/fast_lio/local/lib/python3.10/dist-packages/fast_lio/libfast_lio__rosidl_generator_py.so\n'}
[178.405708] (fast_lio) StdoutLine: {'line': b'-- Up-to-date symlink: /home/seeed/ros2/ws/install/fast_lio/local/lib/python3.10/dist-packages/fast_lio/msg/__init__.py\n'}
[178.406020] (fast_lio) StdoutLine: {'line': b'-- Up-to-date symlink: /home/seeed/ros2/ws/install/fast_lio/local/lib/python3.10/dist-packages/fast_lio/msg/_pose6_d.py\n'}
[178.406377] (fast_lio) StdoutLine: {'line': b'-- Up-to-date symlink: /home/seeed/ros2/ws/install/fast_lio/local/lib/python3.10/dist-packages/fast_lio/msg/_pose6_d_s.c\n'}
[178.407279] (fast_lio) StdoutLine: {'line': b'-- Up-to-date symlink: /home/seeed/ros2/ws/install/fast_lio/local/lib/python3.10/dist-packages/fast_lio/fast_lio_s__rosidl_typesupport_fastrtps_c.cpython-310-aarch64-linux-gnu.so\n'}
[178.407964] (fast_lio) StdoutLine: {'line': b'-- Up-to-date symlink: /home/seeed/ros2/ws/install/fast_lio/local/lib/python3.10/dist-packages/fast_lio/fast_lio_s__rosidl_typesupport_introspection_c.cpython-310-aarch64-linux-gnu.so\n'}
[178.408654] (fast_lio) StdoutLine: {'line': b'-- Up-to-date symlink: /home/seeed/ros2/ws/install/fast_lio/local/lib/python3.10/dist-packages/fast_lio/fast_lio_s__rosidl_typesupport_c.cpython-310-aarch64-linux-gnu.so\n'}
[178.409077] (fast_lio) StdoutLine: {'line': b'-- Up-to-date symlink: /home/seeed/ros2/ws/install/fast_lio/share/ament_index/resource_index/rust_packages/fast_lio\n'}
[178.410035] (fast_lio) StdoutLine: {'line': b'-- Up-to-date symlink: /home/seeed/ros2/ws/install/fast_lio/share/fast_lio/rust/Cargo.toml\n'}
[178.410393] (fast_lio) StdoutLine: {'line': b'-- Up-to-date symlink: /home/seeed/ros2/ws/install/fast_lio/share/fast_lio/rust/build.rs\n'}
[178.410702] (fast_lio) StdoutLine: {'line': b'-- Up-to-date symlink: /home/seeed/ros2/ws/install/fast_lio/share/fast_lio/rust/src/lib.rs\n'}
[178.411028] (fast_lio) StdoutLine: {'line': b'-- Up-to-date symlink: /home/seeed/ros2/ws/install/fast_lio/share/fast_lio/rust/src/msg.rs\n'}
[178.411306] (fast_lio) StdoutLine: {'line': b'-- Up-to-date symlink: /home/seeed/ros2/ws/install/fast_lio/share/fast_lio/rust/src/msg/rmw.rs\n'}
[178.411730] (fast_lio) StdoutLine: {'line': b'-- Up-to-date symlink: /home/seeed/ros2/ws/install/fast_lio/share/fast_lio/msg/Pose6D.idl\n'}
[178.412160] (fast_lio) StdoutLine: {'line': b'-- Up-to-date symlink: /home/seeed/ros2/ws/install/fast_lio/share/fast_lio/msg/Pose6D.msg\n'}
[178.412831] (fast_lio) StdoutLine: {'line': b'-- Up-to-date symlink: /home/seeed/ros2/ws/install/fast_lio/lib/fast_lio/fastlio_mapping\n'}
[178.413732] (fast_lio) StdoutLine: {'line': b'-- Up-to-date symlink: /home/seeed/ros2/ws/install/fast_lio/share/fast_lio/config/avia.yaml\n'}
[178.414005] (fast_lio) StdoutLine: {'line': b'-- Up-to-date symlink: /home/seeed/ros2/ws/install/fast_lio/share/fast_lio/config/horizon.yaml\n'}
[178.414281] (fast_lio) StdoutLine: {'line': b'-- Up-to-date symlink: /home/seeed/ros2/ws/install/fast_lio/share/fast_lio/config/mid360.yaml\n'}
[178.414581] (fast_lio) StdoutLine: {'line': b'-- Up-to-date symlink: /home/seeed/ros2/ws/install/fast_lio/share/fast_lio/config/mid360.yaml.bak.20260625_211559\n'}
[178.414847] (fast_lio) StdoutLine: {'line': b'-- Up-to-date symlink: /home/seeed/ros2/ws/install/fast_lio/share/fast_lio/config/mid360.yaml.bak.20260626_093929\n'}
[178.415134] (fast_lio) StdoutLine: {'line': b'-- Up-to-date symlink: /home/seeed/ros2/ws/install/fast_lio/share/fast_lio/config/mid360.yaml.bak.disable_timesync_20260626_100616\n'}
[178.415373] (fast_lio) StdoutLine: {'line': b'-- Up-to-date symlink: /home/seeed/ros2/ws/install/fast_lio/share/fast_lio/config/mid360.yaml.bak.fix_drift_20260626_095649\n'}
[178.415647] (fast_lio) StdoutLine: {'line': b'-- Up-to-date symlink: /home/seeed/ros2/ws/install/fast_lio/share/fast_lio/config/ouster64.yaml\n'}
[178.415918] (fast_lio) StdoutLine: {'line': b'-- Up-to-date symlink: /home/seeed/ros2/ws/install/fast_lio/share/fast_lio/config/velodyne.yaml\n'}
[178.416536] (fast_lio) StdoutLine: {'line': b'-- Up-to-date symlink: /home/seeed/ros2/ws/install/fast_lio/share/fast_lio/launch/gdb_debug_example.launch\n'}
[178.416782] (fast_lio) StdoutLine: {'line': b'-- Up-to-date symlink: /home/seeed/ros2/ws/install/fast_lio/share/fast_lio/launch/mapping.launch.py\n'}
[178.417291] (fast_lio) StdoutLine: {'line': b'-- Up-to-date symlink: /home/seeed/ros2/ws/install/fast_lio/share/fast_lio/rviz/fastlio.rviz\n'}
[178.417741] (fast_lio) StdoutLine: {'line': b'-- Up-to-date symlink: /home/seeed/ros2/ws/install/fast_lio/share/ament_index/resource_index/package_run_dependencies/fast_lio\n'}
[178.418197] (fast_lio) StdoutLine: {'line': b'-- Up-to-date symlink: /home/seeed/ros2/ws/install/fast_lio/share/ament_index/resource_index/parent_prefix_path/fast_lio\n'}
[178.418609] (fast_lio) StdoutLine: {'line': b'-- Up-to-date symlink: /home/seeed/ros2/ws/install/fast_lio/share/fast_lio/environment/ament_prefix_path.sh\n'}
[178.419004] (fast_lio) StdoutLine: {'line': b'-- Up-to-date symlink: /home/seeed/ros2/ws/install/fast_lio/share/fast_lio/environment/ament_prefix_path.dsv\n'}
[178.419362] (fast_lio) StdoutLine: {'line': b'-- Up-to-date symlink: /home/seeed/ros2/ws/install/fast_lio/share/fast_lio/environment/path.sh\n'}
[178.419746] (fast_lio) StdoutLine: {'line': b'-- Up-to-date symlink: /home/seeed/ros2/ws/install/fast_lio/share/fast_lio/environment/path.dsv\n'}
[178.420130] (fast_lio) StdoutLine: {'line': b'-- Up-to-date symlink: /home/seeed/ros2/ws/install/fast_lio/share/fast_lio/local_setup.bash\n'}
[178.420538] (fast_lio) StdoutLine: {'line': b'-- Up-to-date symlink: /home/seeed/ros2/ws/install/fast_lio/share/fast_lio/local_setup.sh\n'}
[178.420922] (fast_lio) StdoutLine: {'line': b'-- Up-to-date symlink: /home/seeed/ros2/ws/install/fast_lio/share/fast_lio/local_setup.zsh\n'}
[178.421267] (fast_lio) StdoutLine: {'line': b'-- Up-to-date symlink: /home/seeed/ros2/ws/install/fast_lio/share/fast_lio/local_setup.dsv\n'}
[178.421532] (fast_lio) StdoutLine: {'line': b'-- Symlinking: /home/seeed/ros2/ws/install/fast_lio/share/fast_lio/package.dsv\n'}
[178.426851] (fast_lio) StdoutLine: {'line': b'-- Up-to-date symlink: /home/seeed/ros2/ws/install/fast_lio/share/ament_index/resource_index/packages/fast_lio\n'}
[178.427204] (fast_lio) StdoutLine: {'line': b'-- Up-to-date symlink: /home/seeed/ros2/ws/install/fast_lio/share/fast_lio/cmake/rosidl_cmake-extras.cmake\n'}
[178.427611] (fast_lio) StdoutLine: {'line': b'-- Up-to-date symlink: /home/seeed/ros2/ws/install/fast_lio/share/fast_lio/cmake/ament_cmake_export_include_directories-extras.cmake\n'}
[178.428042] (fast_lio) StdoutLine: {'line': b'-- Up-to-date symlink: /home/seeed/ros2/ws/install/fast_lio/share/fast_lio/cmake/ament_cmake_export_libraries-extras.cmake\n'}
[178.428413] (fast_lio) StdoutLine: {'line': b'-- Up-to-date symlink: /home/seeed/ros2/ws/install/fast_lio/share/fast_lio/cmake/ament_cmake_export_targets-extras.cmake\n'}
[178.428808] (fast_lio) StdoutLine: {'line': b'-- Up-to-date symlink: /home/seeed/ros2/ws/install/fast_lio/share/fast_lio/cmake/rosidl_cmake_export_typesupport_targets-extras.cmake\n'}
[178.429169] (fast_lio) StdoutLine: {'line': b'-- Up-to-date symlink: /home/seeed/ros2/ws/install/fast_lio/share/fast_lio/cmake/ament_cmake_export_dependencies-extras.cmake\n'}
[178.429520] (fast_lio) StdoutLine: {'line': b'-- Up-to-date symlink: /home/seeed/ros2/ws/install/fast_lio/share/fast_lio/cmake/rosidl_cmake_export_typesupport_libraries-extras.cmake\n'}
[178.429939] (fast_lio) StdoutLine: {'line': b'-- Up-to-date symlink: /home/seeed/ros2/ws/install/fast_lio/share/fast_lio/cmake/fast_lioConfig.cmake\n'}
[178.430227] (fast_lio) StdoutLine: {'line': b'-- Up-to-date symlink: /home/seeed/ros2/ws/install/fast_lio/share/fast_lio/cmake/fast_lioConfig-version.cmake\n'}
[178.430611] (fast_lio) StdoutLine: {'line': b'-- Up-to-date symlink: /home/seeed/ros2/ws/install/fast_lio/share/fast_lio/package.xml\n'}
[178.431623] (fast_lio) StdoutLine: {'line': b'-- Up-to-date: /home/seeed/ros2/ws/install/fast_lio/lib/libfast_lio__rosidl_generator_c.so\n'}
[178.432396] (fast_lio) StdoutLine: {'line': b'-- Up-to-date: /home/seeed/ros2/ws/install/fast_lio/lib/libfast_lio__rosidl_typesupport_fastrtps_c.so\n'}
[178.433056] (fast_lio) StdoutLine: {'line': b'-- Up-to-date: /home/seeed/ros2/ws/install/fast_lio/lib/libfast_lio__rosidl_typesupport_fastrtps_cpp.so\n'}
[178.433817] (fast_lio) StdoutLine: {'line': b'-- Up-to-date: /home/seeed/ros2/ws/install/fast_lio/lib/libfast_lio__rosidl_typesupport_introspection_c.so\n'}
[178.434445] (fast_lio) StdoutLine: {'line': b'-- Up-to-date: /home/seeed/ros2/ws/install/fast_lio/lib/libfast_lio__rosidl_typesupport_c.so\n'}
[178.435998] (fast_lio) StdoutLine: {'line': b'-- Up-to-date: /home/seeed/ros2/ws/install/fast_lio/lib/libfast_lio__rosidl_typesupport_introspection_cpp.so\n'}
[178.438874] (fast_lio) StdoutLine: {'line': b'-- Up-to-date: /home/seeed/ros2/ws/install/fast_lio/lib/libfast_lio__rosidl_typesupport_cpp.so\n'}
[178.489138] (-) TimerEvent: {}
[178.511159] (fast_lio) StdoutLine: {'line': b"Listing '/home/seeed/ros2/ws/install/fast_lio/local/lib/python3.10/dist-packages/fast_lio'...\n"}
[178.511531] (fast_lio) StdoutLine: {'line': b"Compiling '/home/seeed/ros2/ws/install/fast_lio/local/lib/python3.10/dist-packages/fast_lio/__init__.py'...\n"}
[178.511766] (fast_lio) StdoutLine: {'line': b"Listing '/home/seeed/ros2/ws/install/fast_lio/local/lib/python3.10/dist-packages/fast_lio/msg'...\n"}
[178.524135] (fast_lio) StdoutLine: {'line': b'-- Up-to-date: /home/seeed/ros2/ws/install/fast_lio/lib/libfast_lio__rosidl_generator_py.so\n'}
[178.524840] (fast_lio) StdoutLine: {'line': b'-- Up-to-date: /home/seeed/ros2/ws/install/fast_lio/share/fast_lio/cmake/export_fast_lio__rosidl_generator_cExport.cmake\n'}
[178.525312] (fast_lio) StdoutLine: {'line': b'-- Up-to-date: /home/seeed/ros2/ws/install/fast_lio/share/fast_lio/cmake/export_fast_lio__rosidl_generator_cExport-release.cmake\n'}
[178.525569] (fast_lio) StdoutLine: {'line': b'-- Up-to-date: /home/seeed/ros2/ws/install/fast_lio/share/fast_lio/cmake/export_fast_lio__rosidl_typesupport_fastrtps_cExport.cmake\n'}
[178.525922] (fast_lio) StdoutLine: {'line': b'-- Up-to-date: /home/seeed/ros2/ws/install/fast_lio/share/fast_lio/cmake/export_fast_lio__rosidl_typesupport_fastrtps_cExport-release.cmake\n'}
[178.526365] (fast_lio) StdoutLine: {'line': b'-- Up-to-date: /home/seeed/ros2/ws/install/fast_lio/share/fast_lio/cmake/export_fast_lio__rosidl_generator_cppExport.cmake\n'}
[178.526688] (fast_lio) StdoutLine: {'line': b'-- Up-to-date: /home/seeed/ros2/ws/install/fast_lio/share/fast_lio/cmake/export_fast_lio__rosidl_typesupport_fastrtps_cppExport.cmake\n'}
[178.527049] (fast_lio) StdoutLine: {'line': b'-- Up-to-date: /home/seeed/ros2/ws/install/fast_lio/share/fast_lio/cmake/export_fast_lio__rosidl_typesupport_fastrtps_cppExport-release.cmake\n'}
[178.527525] (fast_lio) StdoutLine: {'line': b'-- Up-to-date: /home/seeed/ros2/ws/install/fast_lio/share/fast_lio/cmake/fast_lio__rosidl_typesupport_introspection_cExport.cmake\n'}
[178.527906] (fast_lio) StdoutLine: {'line': b'-- Up-to-date: /home/seeed/ros2/ws/install/fast_lio/share/fast_lio/cmake/fast_lio__rosidl_typesupport_introspection_cExport-release.cmake\n'}
[178.528274] (fast_lio) StdoutLine: {'line': b'-- Up-to-date: /home/seeed/ros2/ws/install/fast_lio/share/fast_lio/cmake/fast_lio__rosidl_typesupport_cExport.cmake\n'}
[178.528631] (fast_lio) StdoutLine: {'line': b'-- Up-to-date: /home/seeed/ros2/ws/install/fast_lio/share/fast_lio/cmake/fast_lio__rosidl_typesupport_cExport-release.cmake\n'}
[178.528994] (fast_lio) StdoutLine: {'line': b'-- Up-to-date: /home/seeed/ros2/ws/install/fast_lio/share/fast_lio/cmake/fast_lio__rosidl_typesupport_introspection_cppExport.cmake\n'}
[178.529468] (fast_lio) StdoutLine: {'line': b'-- Up-to-date: /home/seeed/ros2/ws/install/fast_lio/share/fast_lio/cmake/fast_lio__rosidl_typesupport_introspection_cppExport-release.cmake\n'}
[178.529615] (fast_lio) StdoutLine: {'line': b'-- Up-to-date: /home/seeed/ros2/ws/install/fast_lio/share/fast_lio/cmake/fast_lio__rosidl_typesupport_cppExport.cmake\n'}
[178.529758] (fast_lio) StdoutLine: {'line': b'-- Up-to-date: /home/seeed/ros2/ws/install/fast_lio/share/fast_lio/cmake/fast_lio__rosidl_typesupport_cppExport-release.cmake\n'}
[178.529899] (fast_lio) StdoutLine: {'line': b'-- Up-to-date: /home/seeed/ros2/ws/install/fast_lio/share/fast_lio/cmake/export_fast_lio__rosidl_generator_pyExport.cmake\n'}
[178.530041] (fast_lio) StdoutLine: {'line': b'-- Up-to-date: /home/seeed/ros2/ws/install/fast_lio/share/fast_lio/cmake/export_fast_lio__rosidl_generator_pyExport-release.cmake\n'}
[178.533234] (fast_lio) CommandEnded: {'returncode': 0}
[178.589371] (-) TimerEvent: {}
[178.605713] (fast_lio) JobEnded: {'identifier': 'fast_lio', 'rc': 0}
[178.607796] (-) EventReactorShutdown: {}
