[INFO] [launch]: All log files can be found below /home/seeed/.ros/log/2026-07-09-12-21-33-210896-seeed-17878
[INFO] [launch]: Default logging verbosity is set to INFO
[INFO] [controller_server-1]: process started with pid [17913]
[INFO] [smoother_server-2]: process started with pid [17915]
[INFO] [planner_server-3]: process started with pid [17917]
[INFO] [behavior_server-4]: process started with pid [17919]
[INFO] [bt_navigator-5]: process started with pid [17921]
[INFO] [waypoint_follower-6]: process started with pid [17923]
[INFO] [velocity_smoother-7]: process started with pid [17925]
[INFO] [lifecycle_manager-8]: process started with pid [17932]
[planner_server-3] [INFO] [1783570893.759589781] [planner_server]: 
[planner_server-3] 	planner_server lifecycle node launched. 
[planner_server-3] 	Waiting on external lifecycle transitions to activate
[planner_server-3] 	See https://design.ros2.org/articles/node_lifecycle.html for more information.
[planner_server-3] [INFO] [1783570893.768568919] [planner_server]: Creating
[waypoint_follower-6] [INFO] [1783570893.782034761] [waypoint_follower]: 
[waypoint_follower-6] 	waypoint_follower lifecycle node launched. 
[waypoint_follower-6] 	Waiting on external lifecycle transitions to activate
[waypoint_follower-6] 	See https://design.ros2.org/articles/node_lifecycle.html for more information.
[waypoint_follower-6] [INFO] [1783570893.783618908] [waypoint_follower]: Creating
[controller_server-1] [INFO] [1783570893.798801798] [controller_server]: 
[controller_server-1] 	controller_server lifecycle node launched. 
[controller_server-1] 	Waiting on external lifecycle transitions to activate
[controller_server-1] 	See https://design.ros2.org/articles/node_lifecycle.html for more information.
[behavior_server-4] [INFO] [1783570893.814164342] [behavior_server]: 
[behavior_server-4] 	behavior_server lifecycle node launched. 
[behavior_server-4] 	Waiting on external lifecycle transitions to activate
[behavior_server-4] 	See https://design.ros2.org/articles/node_lifecycle.html for more information.
[planner_server-3] [INFO] [1783570893.820520131] [global_costmap.global_costmap]: 
[planner_server-3] 	global_costmap lifecycle node launched. 
[planner_server-3] 	Waiting on external lifecycle transitions to activate
[planner_server-3] 	See https://design.ros2.org/articles/node_lifecycle.html for more information.
[planner_server-3] [INFO] [1783570893.825246075] [global_costmap.global_costmap]: Creating Costmap
[controller_server-1] [INFO] [1783570893.834325216] [controller_server]: Creating controller server
[smoother_server-2] [INFO] [1783570893.867210213] [smoother_server]: 
[smoother_server-2] 	smoother_server lifecycle node launched. 
[smoother_server-2] 	Waiting on external lifecycle transitions to activate
[smoother_server-2] 	See https://design.ros2.org/articles/node_lifecycle.html for more information.
[velocity_smoother-7] [INFO] [1783570893.877886493] [velocity_smoother]: 
[velocity_smoother-7] 	velocity_smoother lifecycle node launched. 
[velocity_smoother-7] 	Waiting on external lifecycle transitions to activate
[velocity_smoother-7] 	See https://design.ros2.org/articles/node_lifecycle.html for more information.
[smoother_server-2] [INFO] [1783570893.883632471] [smoother_server]: Creating smoother server
[controller_server-1] [INFO] [1783570893.896928195] [local_costmap.local_costmap]: 
[controller_server-1] 	local_costmap lifecycle node launched. 
[controller_server-1] 	Waiting on external lifecycle transitions to activate
[controller_server-1] 	See https://design.ros2.org/articles/node_lifecycle.html for more information.
[controller_server-1] [INFO] [1783570893.900163340] [local_costmap.local_costmap]: Creating Costmap
[lifecycle_manager-8] [INFO] [1783570893.962278336] [lifecycle_manager_navigation]: Creating
[bt_navigator-5] [INFO] [1783570893.971998233] [bt_navigator]: 
[bt_navigator-5] 	bt_navigator lifecycle node launched. 
[bt_navigator-5] 	Waiting on external lifecycle transitions to activate
[bt_navigator-5] 	See https://design.ros2.org/articles/node_lifecycle.html for more information.
[bt_navigator-5] [INFO] [1783570893.972422663] [bt_navigator]: Creating
[lifecycle_manager-8] [INFO] [1783570893.975468713] [lifecycle_manager_navigation]: [34m[1mCreating and initializing lifecycle service clients[0m[0m
[lifecycle_manager-8] [INFO] [1783570894.023972262] [lifecycle_manager_navigation]: [34m[1mStarting managed nodes bringup...[0m[0m
[lifecycle_manager-8] [INFO] [1783570894.025968902] [lifecycle_manager_navigation]: [34m[1mConfiguring controller_server[0m[0m
[controller_server-1] [INFO] [1783570894.027678973] [controller_server]: Configuring controller interface
[controller_server-1] [INFO] [1783570894.028059690] [controller_server]: getting goal checker plugins..
[controller_server-1] [INFO] [1783570894.028276016] [controller_server]: Controller frequency set to 10.0000Hz
[controller_server-1] [INFO] [1783570894.028360275] [local_costmap.local_costmap]: Configuring
[controller_server-1] [INFO] [1783570894.038208465] [local_costmap.local_costmap]: Using plugin "obstacle_layer"
[controller_server-1] [INFO] [1783570894.048192275] [local_costmap.local_costmap]: Subscribed to Topics: livox_cloud
[controller_server-1] [INFO] [1783570894.057771752] [local_costmap.local_costmap]: Initialized plugin "obstacle_layer"
[controller_server-1] [INFO] [1783570894.057874379] [local_costmap.local_costmap]: Using plugin "inflation_layer"
[controller_server-1] [INFO] [1783570894.060130996] [local_costmap.local_costmap]: Initialized plugin "inflation_layer"
[controller_server-1] [INFO] [1783570894.079431523] [controller_server]: Created progress_checker : progress_checker of type nav2_controller::SimpleProgressChecker
[controller_server-1] [INFO] [1783570894.081799375] [controller_server]: Created goal checker : general_goal_checker of type nav2_controller::SimpleGoalChecker
[controller_server-1] [INFO] [1783570894.082937300] [controller_server]: Controller Server has general_goal_checker  goal checkers available.
[controller_server-1] [INFO] [1783570894.084286047] [controller_server]: Created controller : FollowPath of type nav2_regulated_pure_pursuit_controller::RegulatedPurePursuitController
[controller_server-1] [INFO] [1783570894.096087484] [controller_server]: Controller Server has FollowPath  controllers available.
[lifecycle_manager-8] [INFO] [1783570894.109508941] [lifecycle_manager_navigation]: [34m[1mConfiguring smoother_server[0m[0m
[smoother_server-2] [INFO] [1783570894.109976444] [smoother_server]: Configuring smoother server
[smoother_server-2] [INFO] [1783570894.131429488] [smoother_server]: Created smoother : simple_smoother of type nav2_smoother::SimpleSmoother
[smoother_server-2] [INFO] [1783570894.137881312] [smoother_server]: Smoother Server has simple_smoother  smoothers available.
[lifecycle_manager-8] [INFO] [1783570894.157598108] [lifecycle_manager_navigation]: [34m[1mConfiguring planner_server[0m[0m
[planner_server-3] [INFO] [1783570894.159518746] [planner_server]: Configuring
[planner_server-3] [INFO] [1783570894.159643038] [global_costmap.global_costmap]: Configuring
[planner_server-3] [INFO] [1783570894.171842376] [global_costmap.global_costmap]: Using plugin "static_layer"
[planner_server-3] [INFO] [1783570894.181386812] [global_costmap.global_costmap]: Subscribing to the map topic (/map) with transient local durability
[planner_server-3] [INFO] [1783570894.184503104] [global_costmap.global_costmap]: Subscribing to updates
[planner_server-3] [INFO] [1783570894.188055603] [global_costmap.global_costmap]: Initialized plugin "static_layer"
[planner_server-3] [INFO] [1783570894.188129973] [global_costmap.global_costmap]: Using plugin "inflation_layer"
[planner_server-3] [INFO] [1783570894.190958224] [global_costmap.global_costmap]: Initialized plugin "inflation_layer"
[planner_server-3] [INFO] [1783570894.213875092] [planner_server]: Created global planner plugin GridBased of type nav2_navfn_planner/NavfnPlanner
[planner_server-3] [INFO] [1783570894.213995927] [planner_server]: Configuring plugin GridBased of type NavfnPlanner
[planner_server-3] [INFO] [1783570894.216232672] [planner_server]: Planner Server has GridBased  planners available.
[lifecycle_manager-8] [INFO] [1783570894.248545138] [lifecycle_manager_navigation]: [34m[1mConfiguring behavior_server[0m[0m
[behavior_server-4] [INFO] [1783570894.249205991] [behavior_server]: Configuring
[behavior_server-4] [INFO] [1783570894.290066253] [behavior_server]: Creating behavior plugin spin of type nav2_behaviors/Spin
[behavior_server-4] [INFO] [1783570894.293090447] [behavior_server]: Configuring spin
[behavior_server-4] [INFO] [1783570894.323586663] [behavior_server]: Creating behavior plugin backup of type nav2_behaviors/BackUp
[behavior_server-4] [INFO] [1783570894.325961331] [behavior_server]: Configuring backup
[behavior_server-4] [INFO] [1783570894.349249762] [behavior_server]: Creating behavior plugin drive_on_heading of type nav2_behaviors/DriveOnHeading
[behavior_server-4] [INFO] [1783570894.351013947] [behavior_server]: Configuring drive_on_heading
[behavior_server-4] [INFO] [1783570894.362321672] [behavior_server]: Creating behavior plugin assisted_teleop of type nav2_behaviors/AssistedTeleop
[behavior_server-4] [INFO] [1783570894.366097378] [behavior_server]: Configuring assisted_teleop
[behavior_server-4] [INFO] [1783570894.385310030] [behavior_server]: Creating behavior plugin wait of type nav2_behaviors/Wait
[behavior_server-4] [INFO] [1783570894.388089543] [behavior_server]: Configuring wait
[lifecycle_manager-8] [INFO] [1783570894.405712160] [lifecycle_manager_navigation]: [34m[1mConfiguring bt_navigator[0m[0m
[bt_navigator-5] [INFO] [1783570894.406340820] [bt_navigator]: Configuring
[lifecycle_manager-8] [INFO] [1783570894.553855755] [lifecycle_manager_navigation]: [34m[1mConfiguring waypoint_follower[0m[0m
[waypoint_follower-6] [INFO] [1783570894.555904333] [waypoint_follower]: Configuring
[waypoint_follower-6] [INFO] [1783570894.587532681] [waypoint_follower]: Created waypoint_task_executor : wait_at_waypoint of type nav2_waypoint_follower::WaitAtWaypoint
[lifecycle_manager-8] [INFO] [1783570894.591762545] [lifecycle_manager_navigation]: [34m[1mConfiguring velocity_smoother[0m[0m
[velocity_smoother-7] [INFO] [1783570894.592465864] [velocity_smoother]: Configuring velocity smoother
[lifecycle_manager-8] [INFO] [1783570894.597332709] [lifecycle_manager_navigation]: [34m[1mActivating controller_server[0m[0m
[controller_server-1] [INFO] [1783570894.597762163] [controller_server]: Activating
[controller_server-1] [INFO] [1783570894.597858614] [local_costmap.local_costmap]: Activating
[controller_server-1] [INFO] [1783570894.597892503] [local_costmap.local_costmap]: Checking transform
[controller_server-1] [INFO] [1783570894.597953657] [local_costmap.local_costmap]: Timed out waiting for transform from relocalization_body to map to become available, tf error: Invalid frame ID "map" passed to canTransform argument target_frame - frame does not exist
[controller_server-1] [INFO] [1783570895.098025340] [local_costmap.local_costmap]: Timed out waiting for transform from relocalization_body to map to become available, tf error: Invalid frame ID "map" passed to canTransform argument target_frame - frame does not exist
[controller_server-1] [INFO] [1783570895.598008957] [local_costmap.local_costmap]: Timed out waiting for transform from relocalization_body to map to become available, tf error: Invalid frame ID "map" passed to canTransform argument target_frame - frame does not exist
[controller_server-1] [INFO] [1783570896.098013182] [local_costmap.local_costmap]: Timed out waiting for transform from relocalization_body to map to become available, tf error: Invalid frame ID "map" passed to canTransform argument target_frame - frame does not exist
[controller_server-1] [INFO] [1783570896.598018527] [local_costmap.local_costmap]: Timed out waiting for transform from relocalization_body to map to become available, tf error: Invalid frame ID "map" passed to canTransform argument target_frame - frame does not exist
[controller_server-1] [INFO] [1783570897.098011424] [local_costmap.local_costmap]: Timed out waiting for transform from relocalization_body to map to become available, tf error: Invalid frame ID "map" passed to canTransform argument target_frame - frame does not exist
[controller_server-1] [INFO] [1783570897.598003872] [local_costmap.local_costmap]: Timed out waiting for transform from relocalization_body to map to become available, tf error: Invalid frame ID "map" passed to canTransform argument target_frame - frame does not exist
[controller_server-1] [INFO] [1783570898.098016610] [local_costmap.local_costmap]: Timed out waiting for transform from relocalization_body to map to become available, tf error: Invalid frame ID "map" passed to canTransform argument target_frame - frame does not exist
[controller_server-1] [INFO] [1783570898.598018371] [local_costmap.local_costmap]: Timed out waiting for transform from relocalization_body to map to become available, tf error: Invalid frame ID "map" passed to canTransform argument target_frame - frame does not exist
[controller_server-1] [INFO] [1783570899.098027268] [local_costmap.local_costmap]: Timed out waiting for transform from relocalization_body to map to become available, tf error: Invalid frame ID "map" passed to canTransform argument target_frame - frame does not exist
[controller_server-1] [INFO] [1783570899.598014468] [local_costmap.local_costmap]: Timed out waiting for transform from relocalization_body to map to become available, tf error: Invalid frame ID "map" passed to canTransform argument target_frame - frame does not exist
[controller_server-1] [INFO] [1783570900.098016389] [local_costmap.local_costmap]: Timed out waiting for transform from relocalization_body to map to become available, tf error: Invalid frame ID "map" passed to canTransform argument target_frame - frame does not exist
[controller_server-1] [INFO] [1783570900.598134698] [local_costmap.local_costmap]: Timed out waiting for transform from relocalization_body to map to become available, tf error: Invalid frame ID "map" passed to canTransform argument target_frame - frame does not exist
[controller_server-1] [INFO] [1783570901.098016455] [local_costmap.local_costmap]: Timed out waiting for transform from relocalization_body to map to become available, tf error: Invalid frame ID "map" passed to canTransform argument target_frame - frame does not exist
[controller_server-1] [INFO] [1783570901.598017000] [local_costmap.local_costmap]: Timed out waiting for transform from relocalization_body to map to become available, tf error: Invalid frame ID "map" passed to canTransform argument target_frame - frame does not exist
[controller_server-1] [INFO] [1783570902.098013641] [local_costmap.local_costmap]: Timed out waiting for transform from relocalization_body to map to become available, tf error: Invalid frame ID "map" passed to canTransform argument target_frame - frame does not exist
[controller_server-1] [INFO] [1783570902.597985673] [local_costmap.local_costmap]: Timed out waiting for transform from relocalization_body to map to become available, tf error: Invalid frame ID "map" passed to canTransform argument target_frame - frame does not exist
[controller_server-1] [INFO] [1783570903.098018987] [local_costmap.local_costmap]: Timed out waiting for transform from relocalization_body to map to become available, tf error: Invalid frame ID "map" passed to canTransform argument target_frame - frame does not exist
[controller_server-1] [INFO] [1783570903.598013356] [local_costmap.local_costmap]: Timed out waiting for transform from relocalization_body to map to become available, tf error: Invalid frame ID "map" passed to canTransform argument target_frame - frame does not exist
[controller_server-1] [INFO] [1783570904.098011885] [local_costmap.local_costmap]: Timed out waiting for transform from relocalization_body to map to become available, tf error: Invalid frame ID "map" passed to canTransform argument target_frame - frame does not exist
[controller_server-1] [INFO] [1783570904.598005869] [local_costmap.local_costmap]: Timed out waiting for transform from relocalization_body to map to become available, tf error: Invalid frame ID "map" passed to canTransform argument target_frame - frame does not exist
[controller_server-1] [INFO] [1783570905.098015823] [local_costmap.local_costmap]: Timed out waiting for transform from relocalization_body to map to become available, tf error: Invalid frame ID "map" passed to canTransform argument target_frame - frame does not exist
[controller_server-1] [INFO] [1783570905.598011248] [local_costmap.local_costmap]: Timed out waiting for transform from relocalization_body to map to become available, tf error: Invalid frame ID "map" passed to canTransform argument target_frame - frame does not exist
[controller_server-1] [INFO] [1783570906.098081011] [local_costmap.local_costmap]: Timed out waiting for transform from relocalization_body to map to become available, tf error: Invalid frame ID "map" passed to canTransform argument target_frame - frame does not exist
[controller_server-1] [INFO] [1783570906.598007825] [local_costmap.local_costmap]: Timed out waiting for transform from relocalization_body to map to become available, tf error: Invalid frame ID "map" passed to canTransform argument target_frame - frame does not exist
[controller_server-1] [INFO] [1783570907.098001330] [local_costmap.local_costmap]: Timed out waiting for transform from relocalization_body to map to become available, tf error: Invalid frame ID "map" passed to canTransform argument target_frame - frame does not exist
[controller_server-1] [INFO] [1783570907.598011187] [local_costmap.local_costmap]: Timed out waiting for transform from relocalization_body to map to become available, tf error: Invalid frame ID "map" passed to canTransform argument target_frame - frame does not exist
[controller_server-1] [INFO] [1783570908.098006004] [local_costmap.local_costmap]: Timed out waiting for transform from relocalization_body to map to become available, tf error: Invalid frame ID "map" passed to canTransform argument target_frame - frame does not exist
[controller_server-1] [INFO] [1783570908.598007349] [local_costmap.local_costmap]: Timed out waiting for transform from relocalization_body to map to become available, tf error: Invalid frame ID "map" passed to canTransform argument target_frame - frame does not exist
[controller_server-1] [INFO] [1783570909.098013270] [local_costmap.local_costmap]: Timed out waiting for transform from relocalization_body to map to become available, tf error: Invalid frame ID "map" passed to canTransform argument target_frame - frame does not exist
[controller_server-1] [INFO] [1783570909.598012599] [local_costmap.local_costmap]: Timed out waiting for transform from relocalization_body to map to become available, tf error: Invalid frame ID "map" passed to canTransform argument target_frame - frame does not exist
[controller_server-1] [INFO] [1783570910.097977879] [local_costmap.local_costmap]: Timed out waiting for transform from relocalization_body to map to become available, tf error: Invalid frame ID "map" passed to canTransform argument target_frame - frame does not exist
[controller_server-1] [INFO] [1783570910.597958295] [local_costmap.local_costmap]: Timed out waiting for transform from relocalization_body to map to become available, tf error: Invalid frame ID "map" passed to canTransform argument target_frame - frame does not exist
[controller_server-1] [INFO] [1783570911.098002426] [local_costmap.local_costmap]: Timed out waiting for transform from relocalization_body to map to become available, tf error: Invalid frame ID "map" passed to canTransform argument target_frame - frame does not exist
[controller_server-1] [INFO] [1783570911.597990970] [local_costmap.local_costmap]: Timed out waiting for transform from relocalization_body to map to become available, tf error: Invalid frame ID "map" passed to canTransform argument target_frame - frame does not exist
[controller_server-1] [INFO] [1783570912.097982331] [local_costmap.local_costmap]: Timed out waiting for transform from relocalization_body to map to become available, tf error: Invalid frame ID "map" passed to canTransform argument target_frame - frame does not exist
[controller_server-1] [INFO] [1783570912.597994716] [local_costmap.local_costmap]: Timed out waiting for transform from relocalization_body to map to become available, tf error: Invalid frame ID "map" passed to canTransform argument target_frame - frame does not exist
[controller_server-1] [INFO] [1783570913.097972764] [local_costmap.local_costmap]: Timed out waiting for transform from relocalization_body to map to become available, tf error: Invalid frame ID "map" passed to canTransform argument target_frame - frame does not exist
[controller_server-1] [INFO] [1783570913.598007358] [local_costmap.local_costmap]: Timed out waiting for transform from relocalization_body to map to become available, tf error: Invalid frame ID "map" passed to canTransform argument target_frame - frame does not exist
[controller_server-1] [INFO] [1783570914.098010847] [local_costmap.local_costmap]: Timed out waiting for transform from relocalization_body to map to become available, tf error: Invalid frame ID "map" passed to canTransform argument target_frame - frame does not exist
[controller_server-1] [INFO] [1783570914.598016257] [local_costmap.local_costmap]: Timed out waiting for transform from relocalization_body to map to become available, tf error: Invalid frame ID "map" passed to canTransform argument target_frame - frame does not exist
[controller_server-1] [INFO] [1783570915.097996769] [local_costmap.local_costmap]: Timed out waiting for transform from relocalization_body to map to become available, tf error: Invalid frame ID "map" passed to canTransform argument target_frame - frame does not exist
[controller_server-1] [INFO] [1783570915.598015106] [local_costmap.local_costmap]: Timed out waiting for transform from relocalization_body to map to become available, tf error: Invalid frame ID "map" passed to canTransform argument target_frame - frame does not exist
[controller_server-1] [INFO] [1783570916.098022212] [local_costmap.local_costmap]: Timed out waiting for transform from relocalization_body to map to become available, tf error: Invalid frame ID "map" passed to canTransform argument target_frame - frame does not exist
[controller_server-1] [INFO] [1783570916.598017412] [local_costmap.local_costmap]: Timed out waiting for transform from relocalization_body to map to become available, tf error: Invalid frame ID "map" passed to canTransform argument target_frame - frame does not exist
[controller_server-1] [INFO] [1783570917.098021061] [local_costmap.local_costmap]: Timed out waiting for transform from relocalization_body to map to become available, tf error: Invalid frame ID "map" passed to canTransform argument target_frame - frame does not exist
[controller_server-1] [INFO] [1783570917.598006982] [local_costmap.local_costmap]: Timed out waiting for transform from relocalization_body to map to become available, tf error: Invalid frame ID "map" passed to canTransform argument target_frame - frame does not exist
[controller_server-1] [INFO] [1783570918.098013383] [local_costmap.local_costmap]: Timed out waiting for transform from relocalization_body to map to become available, tf error: Invalid frame ID "map" passed to canTransform argument target_frame - frame does not exist
[controller_server-1] [INFO] [1783570918.597998439] [local_costmap.local_costmap]: Timed out waiting for transform from relocalization_body to map to become available, tf error: Invalid frame ID "map" passed to canTransform argument target_frame - frame does not exist
[controller_server-1] [INFO] [1783570919.099229136] [local_costmap.local_costmap]: Timed out waiting for transform from relocalization_body to map to become available, tf error: Invalid frame ID "map" passed to canTransform argument target_frame - frame does not exist
[controller_server-1] [INFO] [1783570919.597985961] [local_costmap.local_costmap]: Timed out waiting for transform from relocalization_body to map to become available, tf error: Invalid frame ID "map" passed to canTransform argument target_frame - frame does not exist
[controller_server-1] [INFO] [1783570920.098009835] [local_costmap.local_costmap]: Timed out waiting for transform from relocalization_body to map to become available, tf error: Invalid frame ID "map" passed to canTransform argument target_frame - frame does not exist
[controller_server-1] [INFO] [1783570920.598009740] [local_costmap.local_costmap]: Timed out waiting for transform from relocalization_body to map to become available, tf error: Invalid frame ID "map" passed to canTransform argument target_frame - frame does not exist
[controller_server-1] [INFO] [1783570921.098009740] [local_costmap.local_costmap]: Timed out waiting for transform from relocalization_body to map to become available, tf error: Invalid frame ID "map" passed to canTransform argument target_frame - frame does not exist
[controller_server-1] [INFO] [1783570921.597972172] [local_costmap.local_costmap]: Timed out waiting for transform from relocalization_body to map to become available, tf error: Invalid frame ID "map" passed to canTransform argument target_frame - frame does not exist
[controller_server-1] [INFO] [1783570922.098001966] [local_costmap.local_costmap]: Timed out waiting for transform from relocalization_body to map to become available, tf error: Invalid frame ID "map" passed to canTransform argument target_frame - frame does not exist
[controller_server-1] [INFO] [1783570922.598021680] [local_costmap.local_costmap]: Timed out waiting for transform from relocalization_body to map to become available, tf error: Invalid frame ID "map" passed to canTransform argument target_frame - frame does not exist
[controller_server-1] [INFO] [1783570923.097986031] [local_costmap.local_costmap]: Timed out waiting for transform from relocalization_body to map to become available, tf error: Invalid frame ID "map" passed to canTransform argument target_frame - frame does not exist
[controller_server-1] [INFO] [1783570923.598023154] [local_costmap.local_costmap]: Timed out waiting for transform from relocalization_body to map to become available, tf error: Invalid frame ID "map" passed to canTransform argument target_frame - frame does not exist
[controller_server-1] [INFO] [1783570924.098014482] [local_costmap.local_costmap]: Timed out waiting for transform from relocalization_body to map to become available, tf error: Invalid frame ID "map" passed to canTransform argument target_frame - frame does not exist
[controller_server-1] [INFO] [1783570924.598009779] [local_costmap.local_costmap]: Timed out waiting for transform from relocalization_body to map to become available, tf error: Invalid frame ID "map" passed to canTransform argument target_frame - frame does not exist
[controller_server-1] [INFO] [1783570925.098020596] [local_costmap.local_costmap]: Timed out waiting for transform from relocalization_body to map to become available, tf error: Invalid frame ID "map" passed to canTransform argument target_frame - frame does not exist
[controller_server-1] [INFO] [1783570925.598009909] [local_costmap.local_costmap]: Timed out waiting for transform from relocalization_body to map to become available, tf error: Invalid frame ID "map" passed to canTransform argument target_frame - frame does not exist
[controller_server-1] [INFO] [1783570926.098010518] [local_costmap.local_costmap]: Timed out waiting for transform from relocalization_body to map to become available, tf error: Invalid frame ID "map" passed to canTransform argument target_frame - frame does not exist
[controller_server-1] [INFO] [1783570926.597957109] [local_costmap.local_costmap]: Timed out waiting for transform from relocalization_body to map to become available, tf error: Invalid frame ID "map" passed to canTransform argument target_frame - frame does not exist
[controller_server-1] [INFO] [1783570927.097998263] [local_costmap.local_costmap]: Timed out waiting for transform from relocalization_body to map to become available, tf error: Invalid frame ID "map" passed to canTransform argument target_frame - frame does not exist
[controller_server-1] [INFO] [1783570927.598010969] [local_costmap.local_costmap]: Timed out waiting for transform from relocalization_body to map to become available, tf error: Invalid frame ID "map" passed to canTransform argument target_frame - frame does not exist
[controller_server-1] [INFO] [1783570928.098012410] [local_costmap.local_costmap]: Timed out waiting for transform from relocalization_body to map to become available, tf error: Invalid frame ID "map" passed to canTransform argument target_frame - frame does not exist
[controller_server-1] [INFO] [1783570928.598007770] [local_costmap.local_costmap]: Timed out waiting for transform from relocalization_body to map to become available, tf error: Invalid frame ID "map" passed to canTransform argument target_frame - frame does not exist
[controller_server-1] [INFO] [1783570929.098015292] [local_costmap.local_costmap]: Timed out waiting for transform from relocalization_body to map to become available, tf error: Invalid frame ID "map" passed to canTransform argument target_frame - frame does not exist
[controller_server-1] [INFO] [1783570929.597981723] [local_costmap.local_costmap]: Timed out waiting for transform from relocalization_body to map to become available, tf error: Invalid frame ID "map" passed to canTransform argument target_frame - frame does not exist
[controller_server-1] [INFO] [1783570930.098018462] [local_costmap.local_costmap]: Timed out waiting for transform from relocalization_body to map to become available, tf error: Invalid frame ID "map" passed to canTransform argument target_frame - frame does not exist
[controller_server-1] [INFO] [1783570930.597959901] [local_costmap.local_costmap]: Timed out waiting for transform from relocalization_body to map to become available, tf error: Invalid frame ID "map" passed to canTransform argument target_frame - frame does not exist
[controller_server-1] [INFO] [1783570931.097982438] [local_costmap.local_costmap]: Timed out waiting for transform from relocalization_body to map to become available, tf error: Invalid frame ID "map" passed to canTransform argument target_frame - frame does not exist
[controller_server-1] [INFO] [1783570931.597992974] [local_costmap.local_costmap]: Timed out waiting for transform from relocalization_body to map to become available, tf error: Invalid frame ID "map" passed to canTransform argument target_frame - frame does not exist
[controller_server-1] [INFO] [1783570932.097991926] [local_costmap.local_costmap]: Timed out waiting for transform from relocalization_body to map to become available, tf error: Invalid frame ID "map" passed to canTransform argument target_frame - frame does not exist
[controller_server-1] [INFO] [1783570932.597987229] [local_costmap.local_costmap]: Timed out waiting for transform from relocalization_body to map to become available, tf error: Invalid frame ID "map" passed to canTransform argument target_frame - frame does not exist
[controller_server-1] [INFO] [1783570933.098008358] [local_costmap.local_costmap]: Timed out waiting for transform from relocalization_body to map to become available, tf error: Invalid frame ID "map" passed to canTransform argument target_frame - frame does not exist
[controller_server-1] [INFO] [1783570933.598015566] [local_costmap.local_costmap]: Timed out waiting for transform from relocalization_body to map to become available, tf error: Invalid frame ID "map" passed to canTransform argument target_frame - frame does not exist
[controller_server-1] [INFO] [1783570934.098008277] [local_costmap.local_costmap]: Timed out waiting for transform from relocalization_body to map to become available, tf error: Invalid frame ID "map" passed to canTransform argument target_frame - frame does not exist
[controller_server-1] [INFO] [1783570934.598007517] [local_costmap.local_costmap]: Timed out waiting for transform from relocalization_body to map to become available, tf error: Invalid frame ID "map" passed to canTransform argument target_frame - frame does not exist
[controller_server-1] [INFO] [1783570935.098012261] [local_costmap.local_costmap]: Timed out waiting for transform from relocalization_body to map to become available, tf error: Invalid frame ID "map" passed to canTransform argument target_frame - frame does not exist
[controller_server-1] [INFO] [1783570935.597993292] [local_costmap.local_costmap]: Timed out waiting for transform from relocalization_body to map to become available, tf error: Invalid frame ID "map" passed to canTransform argument target_frame - frame does not exist
[controller_server-1] [INFO] [1783570936.098006100] [local_costmap.local_costmap]: Timed out waiting for transform from relocalization_body to map to become available, tf error: Invalid frame ID "map" passed to canTransform argument target_frame - frame does not exist
[controller_server-1] [INFO] [1783570936.597984859] [local_costmap.local_costmap]: Timed out waiting for transform from relocalization_body to map to become available, tf error: Invalid frame ID "map" passed to canTransform argument target_frame - frame does not exist
[controller_server-1] [INFO] [1783570937.098008516] [local_costmap.local_costmap]: Timed out waiting for transform from relocalization_body to map to become available, tf error: Invalid frame ID "map" passed to canTransform argument target_frame - frame does not exist
[controller_server-1] [INFO] [1783570937.598006923] [local_costmap.local_costmap]: Timed out waiting for transform from relocalization_body to map to become available, tf error: Invalid frame ID "map" passed to canTransform argument target_frame - frame does not exist
[controller_server-1] [INFO] [1783570938.098011091] [local_costmap.local_costmap]: Timed out waiting for transform from relocalization_body to map to become available, tf error: Invalid frame ID "map" passed to canTransform argument target_frame - frame does not exist
[controller_server-1] [INFO] [1783570938.598010139] [local_costmap.local_costmap]: Timed out waiting for transform from relocalization_body to map to become available, tf error: Invalid frame ID "map" passed to canTransform argument target_frame - frame does not exist
[controller_server-1] [INFO] [1783570939.097974657] [local_costmap.local_costmap]: Timed out waiting for transform from relocalization_body to map to become available, tf error: Invalid frame ID "map" passed to canTransform argument target_frame - frame does not exist
[controller_server-1] [INFO] [1783570939.598006858] [local_costmap.local_costmap]: Timed out waiting for transform from relocalization_body to map to become available, tf error: Invalid frame ID "map" passed to canTransform argument target_frame - frame does not exist
[controller_server-1] [INFO] [1783570940.098007858] [local_costmap.local_costmap]: Timed out waiting for transform from relocalization_body to map to become available, tf error: Invalid frame ID "map" passed to canTransform argument target_frame - frame does not exist
[controller_server-1] [INFO] [1783570940.598012410] [local_costmap.local_costmap]: Timed out waiting for transform from relocalization_body to map to become available, tf error: Invalid frame ID "map" passed to canTransform argument target_frame - frame does not exist
[controller_server-1] [INFO] [1783570941.098007681] [local_costmap.local_costmap]: Timed out waiting for transform from relocalization_body to map to become available, tf error: Invalid frame ID "map" passed to canTransform argument target_frame - frame does not exist
[controller_server-1] [INFO] [1783570941.598007945] [local_costmap.local_costmap]: Timed out waiting for transform from relocalization_body to map to become available, tf error: Invalid frame ID "map" passed to canTransform argument target_frame - frame does not exist
[controller_server-1] [INFO] [1783570942.098010353] [local_costmap.local_costmap]: Timed out waiting for transform from relocalization_body to map to become available, tf error: Invalid frame ID "map" passed to canTransform argument target_frame - frame does not exist
[controller_server-1] [INFO] [1783570942.598014713] [local_costmap.local_costmap]: Timed out waiting for transform from relocalization_body to map to become available, tf error: Invalid frame ID "map" passed to canTransform argument target_frame - frame does not exist
[controller_server-1] [INFO] [1783570943.098005056] [local_costmap.local_costmap]: Timed out waiting for transform from relocalization_body to map to become available, tf error: Invalid frame ID "map" passed to canTransform argument target_frame - frame does not exist
[controller_server-1] [INFO] [1783570943.597988871] [local_costmap.local_costmap]: Timed out waiting for transform from relocalization_body to map to become available, tf error: Invalid frame ID "map" passed to canTransform argument target_frame - frame does not exist
[controller_server-1] [INFO] [1783570944.098009712] [local_costmap.local_costmap]: Timed out waiting for transform from relocalization_body to map to become available, tf error: Invalid frame ID "map" passed to canTransform argument target_frame - frame does not exist
[controller_server-1] [INFO] [1783570944.598010776] [local_costmap.local_costmap]: Timed out waiting for transform from relocalization_body to map to become available, tf error: Invalid frame ID "map" passed to canTransform argument target_frame - frame does not exist
[controller_server-1] [INFO] [1783570945.097982654] [local_costmap.local_costmap]: Timed out waiting for transform from relocalization_body to map to become available, tf error: Invalid frame ID "map" passed to canTransform argument target_frame - frame does not exist
[controller_server-1] [INFO] [1783570945.598008583] [local_costmap.local_costmap]: Timed out waiting for transform from relocalization_body to map to become available, tf error: Invalid frame ID "map" passed to canTransform argument target_frame - frame does not exist
[controller_server-1] [INFO] [1783570946.098017967] [local_costmap.local_costmap]: Timed out waiting for transform from relocalization_body to map to become available, tf error: Invalid frame ID "map" passed to canTransform argument target_frame - frame does not exist
[controller_server-1] [INFO] [1783570946.598011670] [local_costmap.local_costmap]: Timed out waiting for transform from relocalization_body to map to become available, tf error: Invalid frame ID "map" passed to canTransform argument target_frame - frame does not exist
[controller_server-1] [INFO] [1783570947.098012766] [local_costmap.local_costmap]: Timed out waiting for transform from relocalization_body to map to become available, tf error: Invalid frame ID "map" passed to canTransform argument target_frame - frame does not exist
[controller_server-1] [INFO] [1783570947.598010470] [local_costmap.local_costmap]: Timed out waiting for transform from relocalization_body to map to become available, tf error: Invalid frame ID "map" passed to canTransform argument target_frame - frame does not exist
[controller_server-1] [INFO] [1783570948.098015598] [local_costmap.local_costmap]: Timed out waiting for transform from relocalization_body to map to become available, tf error: Invalid frame ID "map" passed to canTransform argument target_frame - frame does not exist
[controller_server-1] [INFO] [1783570948.598005749] [local_costmap.local_costmap]: Timed out waiting for transform from relocalization_body to map to become available, tf error: Invalid frame ID "map" passed to canTransform argument target_frame - frame does not exist
[controller_server-1] [INFO] [1783570949.098045822] [local_costmap.local_costmap]: Timed out waiting for transform from relocalization_body to map to become available, tf error: Invalid frame ID "map" passed to canTransform argument target_frame - frame does not exist
[controller_server-1] [INFO] [1783570949.598011685] [local_costmap.local_costmap]: Timed out waiting for transform from relocalization_body to map to become available, tf error: Invalid frame ID "map" passed to canTransform argument target_frame - frame does not exist
[controller_server-1] [INFO] [1783570950.098010092] [local_costmap.local_costmap]: Timed out waiting for transform from relocalization_body to map to become available, tf error: Invalid frame ID "map" passed to canTransform argument target_frame - frame does not exist
[controller_server-1] [INFO] [1783570950.598010740] [local_costmap.local_costmap]: Timed out waiting for transform from relocalization_body to map to become available, tf error: Invalid frame ID "map" passed to canTransform argument target_frame - frame does not exist
[controller_server-1] [INFO] [1783570951.098011964] [local_costmap.local_costmap]: Timed out waiting for transform from relocalization_body to map to become available, tf error: Invalid frame ID "map" passed to canTransform argument target_frame - frame does not exist
[controller_server-1] [INFO] [1783570951.598008996] [local_costmap.local_costmap]: Timed out waiting for transform from relocalization_body to map to become available, tf error: Invalid frame ID "map" passed to canTransform argument target_frame - frame does not exist
[controller_server-1] [INFO] [1783570952.098026604] [local_costmap.local_costmap]: Timed out waiting for transform from relocalization_body to map to become available, tf error: Invalid frame ID "map" passed to canTransform argument target_frame - frame does not exist
[controller_server-1] [INFO] [1783570952.598010099] [local_costmap.local_costmap]: Timed out waiting for transform from relocalization_body to map to become available, tf error: Invalid frame ID "map" passed to canTransform argument target_frame - frame does not exist
[controller_server-1] [INFO] [1783570953.098013307] [local_costmap.local_costmap]: Timed out waiting for transform from relocalization_body to map to become available, tf error: Invalid frame ID "map" passed to canTransform argument target_frame - frame does not exist
[controller_server-1] [INFO] [1783570953.598008771] [local_costmap.local_costmap]: Timed out waiting for transform from relocalization_body to map to become available, tf error: Invalid frame ID "map" passed to canTransform argument target_frame - frame does not exist
[controller_server-1] [INFO] [1783570954.097985001] [local_costmap.local_costmap]: Timed out waiting for transform from relocalization_body to map to become available, tf error: Invalid frame ID "map" passed to canTransform argument target_frame - frame does not exist
[controller_server-1] [INFO] [1783570954.598009202] [local_costmap.local_costmap]: Timed out waiting for transform from relocalization_body to map to become available, tf error: Invalid frame ID "map" passed to canTransform argument target_frame - frame does not exist
[controller_server-1] [INFO] [1783570955.098009914] [local_costmap.local_costmap]: Timed out waiting for transform from relocalization_body to map to become available, tf error: Invalid frame ID "map" passed to canTransform argument target_frame - frame does not exist
[controller_server-1] [INFO] [1783570955.598038626] [local_costmap.local_costmap]: Timed out waiting for transform from relocalization_body to map to become available, tf error: Invalid frame ID "map" passed to canTransform argument target_frame - frame does not exist
[controller_server-1] [INFO] [1783570956.097984296] [local_costmap.local_costmap]: Timed out waiting for transform from relocalization_body to map to become available, tf error: Invalid frame ID "map" passed to canTransform argument target_frame - frame does not exist
[controller_server-1] [INFO] [1783570956.598014769] [local_costmap.local_costmap]: Timed out waiting for transform from relocalization_body to map to become available, tf error: Invalid frame ID "map" passed to canTransform argument target_frame - frame does not exist
[controller_server-1] [INFO] [1783570957.098009657] [local_costmap.local_costmap]: Timed out waiting for transform from relocalization_body to map to become available, tf error: Invalid frame ID "map" passed to canTransform argument target_frame - frame does not exist
[controller_server-1] [INFO] [1783570957.598010176] [local_costmap.local_costmap]: Timed out waiting for transform from relocalization_body to map to become available, tf error: Invalid frame ID "map" passed to canTransform argument target_frame - frame does not exist
[controller_server-1] [INFO] [1783570958.098014504] [local_costmap.local_costmap]: Timed out waiting for transform from relocalization_body to map to become available, tf error: Invalid frame ID "map" passed to canTransform argument target_frame - frame does not exist
[controller_server-1] [INFO] [1783570958.598009072] [local_costmap.local_costmap]: Timed out waiting for transform from relocalization_body to map to become available, tf error: Invalid frame ID "map" passed to canTransform argument target_frame - frame does not exist
[controller_server-1] [INFO] [1783570959.098010072] [local_costmap.local_costmap]: Timed out waiting for transform from relocalization_body to map to become available, tf error: Invalid frame ID "map" passed to canTransform argument target_frame - frame does not exist
[controller_server-1] [INFO] [1783570959.598008511] [local_costmap.local_costmap]: Timed out waiting for transform from relocalization_body to map to become available, tf error: Invalid frame ID "map" passed to canTransform argument target_frame - frame does not exist
[controller_server-1] [INFO] [1783570960.098011207] [local_costmap.local_costmap]: Timed out waiting for transform from relocalization_body to map to become available, tf error: Invalid frame ID "map" passed to canTransform argument target_frame - frame does not exist
[controller_server-1] [INFO] [1783570960.598011215] [local_costmap.local_costmap]: Timed out waiting for transform from relocalization_body to map to become available, tf error: Invalid frame ID "map" passed to canTransform argument target_frame - frame does not exist
[controller_server-1] [INFO] [1783570961.097989782] [local_costmap.local_costmap]: Timed out waiting for transform from relocalization_body to map to become available, tf error: Invalid frame ID "map" passed to canTransform argument target_frame - frame does not exist
[controller_server-1] [INFO] [1783570961.598009598] [local_costmap.local_costmap]: Timed out waiting for transform from relocalization_body to map to become available, tf error: Invalid frame ID "map" passed to canTransform argument target_frame - frame does not exist
[controller_server-1] [INFO] [1783570962.098027847] [local_costmap.local_costmap]: Timed out waiting for transform from relocalization_body to map to become available, tf error: Invalid frame ID "map" passed to canTransform argument target_frame - frame does not exist
[controller_server-1] [INFO] [1783570962.598013966] [local_costmap.local_costmap]: Timed out waiting for transform from relocalization_body to map to become available, tf error: Invalid frame ID "map" passed to canTransform argument target_frame - frame does not exist
[controller_server-1] [INFO] [1783570963.098013045] [local_costmap.local_costmap]: Timed out waiting for transform from relocalization_body to map to become available, tf error: Invalid frame ID "map" passed to canTransform argument target_frame - frame does not exist
[controller_server-1] [INFO] [1783570963.598008797] [local_costmap.local_costmap]: Timed out waiting for transform from relocalization_body to map to become available, tf error: Invalid frame ID "map" passed to canTransform argument target_frame - frame does not exist
[controller_server-1] [INFO] [1783570964.098009701] [local_costmap.local_costmap]: Timed out waiting for transform from relocalization_body to map to become available, tf error: Invalid frame ID "map" passed to canTransform argument target_frame - frame does not exist
[controller_server-1] [INFO] [1783570964.598010381] [local_costmap.local_costmap]: Timed out waiting for transform from relocalization_body to map to become available, tf error: Invalid frame ID "map" passed to canTransform argument target_frame - frame does not exist
[controller_server-1] [INFO] [1783570965.098017845] [local_costmap.local_costmap]: Timed out waiting for transform from relocalization_body to map to become available, tf error: Invalid frame ID "map" passed to canTransform argument target_frame - frame does not exist
[controller_server-1] [INFO] [1783570965.598000604] [local_costmap.local_costmap]: Timed out waiting for transform from relocalization_body to map to become available, tf error: Invalid frame ID "map" passed to canTransform argument target_frame - frame does not exist
[controller_server-1] [INFO] [1783570966.098019812] [local_costmap.local_costmap]: Timed out waiting for transform from relocalization_body to map to become available, tf error: Invalid frame ID "map" passed to canTransform argument target_frame - frame does not exist
[controller_server-1] [INFO] [1783570966.598010059] [local_costmap.local_costmap]: Timed out waiting for transform from relocalization_body to map to become available, tf error: Invalid frame ID "map" passed to canTransform argument target_frame - frame does not exist
[controller_server-1] [INFO] [1783570967.098017971] [local_costmap.local_costmap]: Timed out waiting for transform from relocalization_body to map to become available, tf error: Invalid frame ID "map" passed to canTransform argument target_frame - frame does not exist
[controller_server-1] [INFO] [1783570967.597966681] [local_costmap.local_costmap]: Timed out waiting for transform from relocalization_body to map to become available, tf error: Invalid frame ID "map" passed to canTransform argument target_frame - frame does not exist
[controller_server-1] [INFO] [1783570968.097961313] [local_costmap.local_costmap]: Timed out waiting for transform from relocalization_body to map to become available, tf error: Invalid frame ID "map" passed to canTransform argument target_frame - frame does not exist
[controller_server-1] [INFO] [1783570968.598008554] [local_costmap.local_costmap]: Timed out waiting for transform from relocalization_body to map to become available, tf error: Invalid frame ID "map" passed to canTransform argument target_frame - frame does not exist
[controller_server-1] [INFO] [1783570969.098015634] [local_costmap.local_costmap]: Timed out waiting for transform from relocalization_body to map to become available, tf error: Invalid frame ID "map" passed to canTransform argument target_frame - frame does not exist
[controller_server-1] [INFO] [1783570969.598007130] [local_costmap.local_costmap]: Timed out waiting for transform from relocalization_body to map to become available, tf error: Invalid frame ID "map" passed to canTransform argument target_frame - frame does not exist
[controller_server-1] [INFO] [1783570970.098017794] [local_costmap.local_costmap]: Timed out waiting for transform from relocalization_body to map to become available, tf error: Invalid frame ID "map" passed to canTransform argument target_frame - frame does not exist
[controller_server-1] [INFO] [1783570970.598014313] [local_costmap.local_costmap]: Timed out waiting for transform from relocalization_body to map to become available, tf error: Invalid frame ID "map" passed to canTransform argument target_frame - frame does not exist
[controller_server-1] [INFO] [1783570971.098008529] [local_costmap.local_costmap]: Timed out waiting for transform from relocalization_body to map to become available, tf error: Invalid frame ID "map" passed to canTransform argument target_frame - frame does not exist
[controller_server-1] [INFO] [1783570971.598016249] [local_costmap.local_costmap]: Timed out waiting for transform from relocalization_body to map to become available, tf error: Invalid frame ID "map" passed to canTransform argument target_frame - frame does not exist
[controller_server-1] [INFO] [1783570972.097999552] [local_costmap.local_costmap]: Timed out waiting for transform from relocalization_body to map to become available, tf error: Invalid frame ID "map" passed to canTransform argument target_frame - frame does not exist
[controller_server-1] [INFO] [1783570972.598016904] [local_costmap.local_costmap]: Timed out waiting for transform from relocalization_body to map to become available, tf error: Invalid frame ID "map" passed to canTransform argument target_frame - frame does not exist
[controller_server-1] [INFO] [1783570973.098008528] [local_costmap.local_costmap]: Timed out waiting for transform from relocalization_body to map to become available, tf error: Invalid frame ID "map" passed to canTransform argument target_frame - frame does not exist
[controller_server-1] [INFO] [1783570973.598007576] [local_costmap.local_costmap]: Timed out waiting for transform from relocalization_body to map to become available, tf error: Invalid frame ID "map" passed to canTransform argument target_frame - frame does not exist
[controller_server-1] [INFO] [1783570974.098042528] [local_costmap.local_costmap]: Timed out waiting for transform from relocalization_body to map to become available, tf error: Invalid frame ID "map" passed to canTransform argument target_frame - frame does not exist
[controller_server-1] [INFO] [1783570974.598009639] [local_costmap.local_costmap]: Timed out waiting for transform from relocalization_body to map to become available, tf error: Invalid frame ID "map" passed to canTransform argument target_frame - frame does not exist
[controller_server-1] [INFO] [1783570975.098010831] [local_costmap.local_costmap]: Timed out waiting for transform from relocalization_body to map to become available, tf error: Invalid frame ID "map" passed to canTransform argument target_frame - frame does not exist
[controller_server-1] [INFO] [1783570975.598010967] [local_costmap.local_costmap]: Timed out waiting for transform from relocalization_body to map to become available, tf error: Invalid frame ID "map" passed to canTransform argument target_frame - frame does not exist
[controller_server-1] [INFO] [1783570976.098012606] [local_costmap.local_costmap]: Timed out waiting for transform from relocalization_body to map to become available, tf error: Invalid frame ID "map" passed to canTransform argument target_frame - frame does not exist
[controller_server-1] [INFO] [1783570976.598009510] [local_costmap.local_costmap]: Timed out waiting for transform from relocalization_body to map to become available, tf error: Invalid frame ID "map" passed to canTransform argument target_frame - frame does not exist
[controller_server-1] [INFO] [1783570977.098025294] [local_costmap.local_costmap]: Timed out waiting for transform from relocalization_body to map to become available, tf error: Invalid frame ID "map" passed to canTransform argument target_frame - frame does not exist
[controller_server-1] [INFO] [1783570977.597991381] [local_costmap.local_costmap]: Timed out waiting for transform from relocalization_body to map to become available, tf error: Invalid frame ID "map" passed to canTransform argument target_frame - frame does not exist
[controller_server-1] [INFO] [1783570978.098009661] [local_costmap.local_costmap]: Timed out waiting for transform from relocalization_body to map to become available, tf error: Invalid frame ID "map" passed to canTransform argument target_frame - frame does not exist
[controller_server-1] [INFO] [1783570978.597974052] [local_costmap.local_costmap]: Timed out waiting for transform from relocalization_body to map to become available, tf error: Invalid frame ID "map" passed to canTransform argument target_frame - frame does not exist
[controller_server-1] [INFO] [1783570979.098020173] [local_costmap.local_costmap]: Timed out waiting for transform from relocalization_body to map to become available, tf error: Invalid frame ID "map" passed to canTransform argument target_frame - frame does not exist
[controller_server-1] [INFO] [1783570979.597971859] [local_costmap.local_costmap]: Timed out waiting for transform from relocalization_body to map to become available, tf error: Invalid frame ID "map" passed to canTransform argument target_frame - frame does not exist
[controller_server-1] [INFO] [1783570980.097979291] [local_costmap.local_costmap]: Timed out waiting for transform from relocalization_body to map to become available, tf error: Invalid frame ID "map" passed to canTransform argument target_frame - frame does not exist
[controller_server-1] [INFO] [1783570980.598010468] [local_costmap.local_costmap]: Timed out waiting for transform from relocalization_body to map to become available, tf error: Invalid frame ID "map" passed to canTransform argument target_frame - frame does not exist
[controller_server-1] [INFO] [1783570981.098067533] [local_costmap.local_costmap]: Timed out waiting for transform from relocalization_body to map to become available, tf error: Invalid frame ID "map" passed to canTransform argument target_frame - frame does not exist
[controller_server-1] [INFO] [1783570981.598083158] [local_costmap.local_costmap]: Timed out waiting for transform from relocalization_body to map to become available, tf error: Invalid frame ID "map" passed to canTransform argument target_frame - frame does not exist
[controller_server-1] [INFO] [1783570982.098016603] [local_costmap.local_costmap]: Timed out waiting for transform from relocalization_body to map to become available, tf error: Invalid frame ID "map" passed to canTransform argument target_frame - frame does not exist
[controller_server-1] [INFO] [1783570982.598013539] [local_costmap.local_costmap]: Timed out waiting for transform from relocalization_body to map to become available, tf error: Invalid frame ID "map" passed to canTransform argument target_frame - frame does not exist
[controller_server-1] [INFO] [1783570983.098013419] [local_costmap.local_costmap]: Timed out waiting for transform from relocalization_body to map to become available, tf error: Invalid frame ID "map" passed to canTransform argument target_frame - frame does not exist
[controller_server-1] [INFO] [1783570983.598011314] [local_costmap.local_costmap]: Timed out waiting for transform from relocalization_body to map to become available, tf error: Invalid frame ID "map" passed to canTransform argument target_frame - frame does not exist
[controller_server-1] [INFO] [1783570984.098012250] [local_costmap.local_costmap]: Timed out waiting for transform from relocalization_body to map to become available, tf error: Invalid frame ID "map" passed to canTransform argument target_frame - frame does not exist
[controller_server-1] [INFO] [1783570984.598048611] [local_costmap.local_costmap]: Timed out waiting for transform from relocalization_body to map to become available, tf error: Invalid frame ID "map" passed to canTransform argument target_frame - frame does not exist
[controller_server-1] [INFO] [1783570985.097969032] [local_costmap.local_costmap]: Timed out waiting for transform from relocalization_body to map to become available, tf error: Invalid frame ID "map" passed to canTransform argument target_frame - frame does not exist
[controller_server-1] [INFO] [1783570985.598011121] [local_costmap.local_costmap]: Timed out waiting for transform from relocalization_body to map to become available, tf error: Invalid frame ID "map" passed to canTransform argument target_frame - frame does not exist
[controller_server-1] [INFO] [1783570986.098047034] [local_costmap.local_costmap]: Timed out waiting for transform from relocalization_body to map to become available, tf error: Invalid frame ID "map" passed to canTransform argument target_frame - frame does not exist
[controller_server-1] [INFO] [1783570986.598014433] [local_costmap.local_costmap]: Timed out waiting for transform from relocalization_body to map to become available, tf error: Invalid frame ID "map" passed to canTransform argument target_frame - frame does not exist
[controller_server-1] [INFO] [1783570987.097974791] [local_costmap.local_costmap]: Timed out waiting for transform from relocalization_body to map to become available, tf error: Invalid frame ID "map" passed to canTransform argument target_frame - frame does not exist
[controller_server-1] [INFO] [1783570987.598010000] [local_costmap.local_costmap]: Timed out waiting for transform from relocalization_body to map to become available, tf error: Invalid frame ID "map" passed to canTransform argument target_frame - frame does not exist
[controller_server-1] [INFO] [1783570988.098013400] [local_costmap.local_costmap]: Timed out waiting for transform from relocalization_body to map to become available, tf error: Invalid frame ID "map" passed to canTransform argument target_frame - frame does not exist
[controller_server-1] [INFO] [1783570988.598012160] [local_costmap.local_costmap]: Timed out waiting for transform from relocalization_body to map to become available, tf error: Invalid frame ID "map" passed to canTransform argument target_frame - frame does not exist
[controller_server-1] [INFO] [1783570989.098011975] [local_costmap.local_costmap]: Timed out waiting for transform from relocalization_body to map to become available, tf error: Invalid frame ID "map" passed to canTransform argument target_frame - frame does not exist
[controller_server-1] [INFO] [1783570989.598012687] [local_costmap.local_costmap]: Timed out waiting for transform from relocalization_body to map to become available, tf error: Invalid frame ID "map" passed to canTransform argument target_frame - frame does not exist
[controller_server-1] [INFO] [1783570990.098013079] [local_costmap.local_costmap]: Timed out waiting for transform from relocalization_body to map to become available, tf error: Invalid frame ID "map" passed to canTransform argument target_frame - frame does not exist
[controller_server-1] [INFO] [1783570990.598044288] [local_costmap.local_costmap]: Timed out waiting for transform from relocalization_body to map to become available, tf error: Invalid frame ID "map" passed to canTransform argument target_frame - frame does not exist
[controller_server-1] [INFO] [1783570991.098015654] [local_costmap.local_costmap]: Timed out waiting for transform from relocalization_body to map to become available, tf error: Invalid frame ID "map" passed to canTransform argument target_frame - frame does not exist
[controller_server-1] [INFO] [1783570991.597985997] [local_costmap.local_costmap]: Timed out waiting for transform from relocalization_body to map to become available, tf error: Invalid frame ID "map" passed to canTransform argument target_frame - frame does not exist
[controller_server-1] [INFO] [1783570992.098007637] [local_costmap.local_costmap]: Timed out waiting for transform from relocalization_body to map to become available, tf error: Invalid frame ID "map" passed to canTransform argument target_frame - frame does not exist
[controller_server-1] [INFO] [1783570992.598008893] [local_costmap.local_costmap]: Timed out waiting for transform from relocalization_body to map to become available, tf error: Invalid frame ID "map" passed to canTransform argument target_frame - frame does not exist
[controller_server-1] [INFO] [1783570993.098015237] [local_costmap.local_costmap]: Timed out waiting for transform from relocalization_body to map to become available, tf error: Invalid frame ID "map" passed to canTransform argument target_frame - frame does not exist
[controller_server-1] [INFO] [1783570993.598019181] [local_costmap.local_costmap]: Timed out waiting for transform from relocalization_body to map to become available, tf error: Invalid frame ID "map" passed to canTransform argument target_frame - frame does not exist
[controller_server-1] [INFO] [1783570994.098014869] [local_costmap.local_costmap]: Timed out waiting for transform from relocalization_body to map to become available, tf error: Invalid frame ID "map" passed to canTransform argument target_frame - frame does not exist
[controller_server-1] [INFO] [1783570994.597989211] [local_costmap.local_costmap]: Timed out waiting for transform from relocalization_body to map to become available, tf error: Invalid frame ID "map" passed to canTransform argument target_frame - frame does not exist
[controller_server-1] [INFO] [1783570995.098073318] [local_costmap.local_costmap]: Timed out waiting for transform from relocalization_body to map to become available, tf error: Invalid frame ID "map" passed to canTransform argument target_frame - frame does not exist
[controller_server-1] [INFO] [1783570995.597979787] [local_costmap.local_costmap]: Timed out waiting for transform from relocalization_body to map to become available, tf error: Invalid frame ID "map" passed to canTransform argument target_frame - frame does not exist
[controller_server-1] [INFO] [1783570996.098011411] [local_costmap.local_costmap]: Timed out waiting for transform from relocalization_body to map to become available, tf error: Invalid frame ID "map" passed to canTransform argument target_frame - frame does not exist
[controller_server-1] [INFO] [1783570996.598008315] [local_costmap.local_costmap]: Timed out waiting for transform from relocalization_body to map to become available, tf error: Invalid frame ID "map" passed to canTransform argument target_frame - frame does not exist
[controller_server-1] [INFO] [1783570997.098011683] [local_costmap.local_costmap]: Timed out waiting for transform from relocalization_body to map to become available, tf error: Invalid frame ID "map" passed to canTransform argument target_frame - frame does not exist
[controller_server-1] [INFO] [1783570997.598016171] [local_costmap.local_costmap]: Timed out waiting for transform from relocalization_body to map to become available, tf error: Invalid frame ID "map" passed to canTransform argument target_frame - frame does not exist
[controller_server-1] [INFO] [1783570998.097979473] [local_costmap.local_costmap]: Timed out waiting for transform from relocalization_body to map to become available, tf error: Invalid frame ID "map" passed to canTransform argument target_frame - frame does not exist
[controller_server-1] [INFO] [1783570998.598049467] [local_costmap.local_costmap]: Timed out waiting for transform from relocalization_body to map to become available, tf error: Invalid frame ID "map" passed to canTransform argument target_frame - frame does not exist
[controller_server-1] [INFO] [1783570999.098003265] [local_costmap.local_costmap]: Timed out waiting for transform from relocalization_body to map to become available, tf error: Invalid frame ID "map" passed to canTransform argument target_frame - frame does not exist
[controller_server-1] [INFO] [1783570999.598013578] [local_costmap.local_costmap]: Timed out waiting for transform from relocalization_body to map to become available, tf error: Invalid frame ID "map" passed to canTransform argument target_frame - frame does not exist
[controller_server-1] [INFO] [1783571000.098012337] [local_costmap.local_costmap]: Timed out waiting for transform from relocalization_body to map to become available, tf error: Invalid frame ID "map" passed to canTransform argument target_frame - frame does not exist
[controller_server-1] [INFO] [1783571000.598011257] [local_costmap.local_costmap]: Timed out waiting for transform from relocalization_body to map to become available, tf error: Invalid frame ID "map" passed to canTransform argument target_frame - frame does not exist
[controller_server-1] [INFO] [1783571001.097969759] [local_costmap.local_costmap]: Timed out waiting for transform from relocalization_body to map to become available, tf error: Invalid frame ID "map" passed to canTransform argument target_frame - frame does not exist
[controller_server-1] [INFO] [1783571001.598015177] [local_costmap.local_costmap]: Timed out waiting for transform from relocalization_body to map to become available, tf error: Invalid frame ID "map" passed to canTransform argument target_frame - frame does not exist
[controller_server-1] [INFO] [1783571002.097986543] [local_costmap.local_costmap]: Timed out waiting for transform from relocalization_body to map to become available, tf error: Invalid frame ID "map" passed to canTransform argument target_frame - frame does not exist
[controller_server-1] [INFO] [1783571002.598012760] [local_costmap.local_costmap]: Timed out waiting for transform from relocalization_body to map to become available, tf error: Invalid frame ID "map" passed to canTransform argument target_frame - frame does not exist
[controller_server-1] [INFO] [1783571003.098009215] [local_costmap.local_costmap]: Timed out waiting for transform from relocalization_body to map to become available, tf error: Invalid frame ID "map" passed to canTransform argument target_frame - frame does not exist
[controller_server-1] [INFO] [1783571003.598010759] [local_costmap.local_costmap]: Timed out waiting for transform from relocalization_body to map to become available, tf error: Invalid frame ID "map" passed to canTransform argument target_frame - frame does not exist
[controller_server-1] [INFO] [1783571004.098010575] [local_costmap.local_costmap]: Timed out waiting for transform from relocalization_body to map to become available, tf error: Invalid frame ID "map" passed to canTransform argument target_frame - frame does not exist
[controller_server-1] [INFO] [1783571004.598011063] [local_costmap.local_costmap]: Timed out waiting for transform from relocalization_body to map to become available, tf error: Invalid frame ID "map" passed to canTransform argument target_frame - frame does not exist
[controller_server-1] [INFO] [1783571005.098010334] [local_costmap.local_costmap]: Timed out waiting for transform from relocalization_body to map to become available, tf error: Invalid frame ID "map" passed to canTransform argument target_frame - frame does not exist
[controller_server-1] [INFO] [1783571005.598010118] [local_costmap.local_costmap]: Timed out waiting for transform from relocalization_body to map to become available, tf error: Invalid frame ID "map" passed to canTransform argument target_frame - frame does not exist
[controller_server-1] [INFO] [1783571006.097992045] [local_costmap.local_costmap]: Timed out waiting for transform from relocalization_body to map to become available, tf error: Invalid frame ID "map" passed to canTransform argument target_frame - frame does not exist
[controller_server-1] [INFO] [1783571006.598062071] [local_costmap.local_costmap]: Timed out waiting for transform from relocalization_body to map to become available, tf error: Invalid frame ID "map" passed to canTransform argument target_frame - frame does not exist
[controller_server-1] [INFO] [1783571007.098015454] [local_costmap.local_costmap]: Timed out waiting for transform from relocalization_body to map to become available, tf error: Invalid frame ID "map" passed to canTransform argument target_frame - frame does not exist
[controller_server-1] [INFO] [1783571007.598015109] [local_costmap.local_costmap]: Timed out waiting for transform from relocalization_body to map to become available, tf error: Invalid frame ID "map" passed to canTransform argument target_frame - frame does not exist
[controller_server-1] [INFO] [1783571008.098029293] [local_costmap.local_costmap]: Timed out waiting for transform from relocalization_body to map to become available, tf error: Invalid frame ID "map" passed to canTransform argument target_frame - frame does not exist
[controller_server-1] [INFO] [1783571008.598004788] [local_costmap.local_costmap]: Timed out waiting for transform from relocalization_body to map to become available, tf error: Invalid frame ID "map" passed to canTransform argument target_frame - frame does not exist
[controller_server-1] [INFO] [1783571009.098004604] [local_costmap.local_costmap]: Timed out waiting for transform from relocalization_body to map to become available, tf error: Invalid frame ID "map" passed to canTransform argument target_frame - frame does not exist
[controller_server-1] [INFO] [1783571009.598816959] [local_costmap.local_costmap]: Timed out waiting for transform from relocalization_body to map to become available, tf error: Invalid frame ID "map" passed to canTransform argument target_frame - frame does not exist
[controller_server-1] [INFO] [1783571010.098004107] [local_costmap.local_costmap]: Timed out waiting for transform from relocalization_body to map to become available, tf error: Invalid frame ID "map" passed to canTransform argument target_frame - frame does not exist
[controller_server-1] [INFO] [1783571010.598007923] [local_costmap.local_costmap]: Timed out waiting for transform from relocalization_body to map to become available, tf error: Invalid frame ID "map" passed to canTransform argument target_frame - frame does not exist
[controller_server-1] [INFO] [1783571011.097964634] [local_costmap.local_costmap]: Timed out waiting for transform from relocalization_body to map to become available, tf error: Invalid frame ID "map" passed to canTransform argument target_frame - frame does not exist
[controller_server-1] [INFO] [1783571011.598009955] [local_costmap.local_costmap]: Timed out waiting for transform from relocalization_body to map to become available, tf error: Invalid frame ID "map" passed to canTransform argument target_frame - frame does not exist
[controller_server-1] [INFO] [1783571012.098013771] [local_costmap.local_costmap]: Timed out waiting for transform from relocalization_body to map to become available, tf error: Invalid frame ID "map" passed to canTransform argument target_frame - frame does not exist
[controller_server-1] [INFO] [1783571012.598010770] [local_costmap.local_costmap]: Timed out waiting for transform from relocalization_body to map to become available, tf error: Invalid frame ID "map" passed to canTransform argument target_frame - frame does not exist
[controller_server-1] [INFO] [1783571013.098016538] [local_costmap.local_costmap]: Timed out waiting for transform from relocalization_body to map to become available, tf error: Invalid frame ID "map" passed to canTransform argument target_frame - frame does not exist
[controller_server-1] [INFO] [1783571013.598009506] [local_costmap.local_costmap]: Timed out waiting for transform from relocalization_body to map to become available, tf error: Invalid frame ID "map" passed to canTransform argument target_frame - frame does not exist
[controller_server-1] [INFO] [1783571014.098040619] [local_costmap.local_costmap]: Timed out waiting for transform from relocalization_body to map to become available, tf error: Invalid frame ID "map" passed to canTransform argument target_frame - frame does not exist
[controller_server-1] [INFO] [1783571014.598014097] [local_costmap.local_costmap]: Timed out waiting for transform from relocalization_body to map to become available, tf error: Invalid frame ID "map" passed to canTransform argument target_frame - frame does not exist
[controller_server-1] [INFO] [1783571015.097986552] [local_costmap.local_costmap]: Timed out waiting for transform from relocalization_body to map to become available, tf error: Invalid frame ID "map" passed to canTransform argument target_frame - frame does not exist
[controller_server-1] [INFO] [1783571015.598008289] [local_costmap.local_costmap]: Timed out waiting for transform from relocalization_body to map to become available, tf error: Invalid frame ID "map" passed to canTransform argument target_frame - frame does not exist
[controller_server-1] [INFO] [1783571016.098007432] [local_costmap.local_costmap]: Timed out waiting for transform from relocalization_body to map to become available, tf error: Invalid frame ID "map" passed to canTransform argument target_frame - frame does not exist
[controller_server-1] [INFO] [1783571016.597985519] [local_costmap.local_costmap]: Timed out waiting for transform from relocalization_body to map to become available, tf error: Invalid frame ID "map" passed to canTransform argument target_frame - frame does not exist
[controller_server-1] [INFO] [1783571017.098068954] [local_costmap.local_costmap]: Timed out waiting for transform from relocalization_body to map to become available, tf error: Invalid frame ID "map" passed to canTransform argument target_frame - frame does not exist
[controller_server-1] [INFO] [1783571017.598026624] [local_costmap.local_costmap]: Timed out waiting for transform from relocalization_body to map to become available, tf error: Invalid frame ID "map" passed to canTransform argument target_frame - frame does not exist
[controller_server-1] [INFO] [1783571018.098008135] [local_costmap.local_costmap]: Timed out waiting for transform from relocalization_body to map to become available, tf error: Invalid frame ID "map" passed to canTransform argument target_frame - frame does not exist
[controller_server-1] [INFO] [1783571018.598006863] [local_costmap.local_costmap]: Timed out waiting for transform from relocalization_body to map to become available, tf error: Invalid frame ID "map" passed to canTransform argument target_frame - frame does not exist
[controller_server-1] [INFO] [1783571019.098014359] [local_costmap.local_costmap]: Timed out waiting for transform from relocalization_body to map to become available, tf error: Invalid frame ID "map" passed to canTransform argument target_frame - frame does not exist
[controller_server-1] [INFO] [1783571019.597986974] [local_costmap.local_costmap]: Timed out waiting for transform from relocalization_body to map to become available, tf error: Invalid frame ID "map" passed to canTransform argument target_frame - frame does not exist
[controller_server-1] [INFO] [1783571020.098033607] [local_costmap.local_costmap]: Timed out waiting for transform from relocalization_body to map to become available, tf error: Invalid frame ID "map" passed to canTransform argument target_frame - frame does not exist
[controller_server-1] [INFO] [1783571020.597990861] [local_costmap.local_costmap]: Timed out waiting for transform from relocalization_body to map to become available, tf error: Invalid frame ID "map" passed to canTransform argument target_frame - frame does not exist
[controller_server-1] [INFO] [1783571021.098009526] [local_costmap.local_costmap]: Timed out waiting for transform from relocalization_body to map to become available, tf error: Invalid frame ID "map" passed to canTransform argument target_frame - frame does not exist
[controller_server-1] [INFO] [1783571021.598011933] [local_costmap.local_costmap]: Timed out waiting for transform from relocalization_body to map to become available, tf error: Invalid frame ID "map" passed to canTransform argument target_frame - frame does not exist
[controller_server-1] [INFO] [1783571022.097985508] [local_costmap.local_costmap]: Timed out waiting for transform from relocalization_body to map to become available, tf error: Invalid frame ID "map" passed to canTransform argument target_frame - frame does not exist
[controller_server-1] [INFO] [1783571022.598006765] [local_costmap.local_costmap]: Timed out waiting for transform from relocalization_body to map to become available, tf error: Invalid frame ID "map" passed to canTransform argument target_frame - frame does not exist
[controller_server-1] [INFO] [1783571023.097980820] [local_costmap.local_costmap]: Timed out waiting for transform from relocalization_body to map to become available, tf error: Invalid frame ID "map" passed to canTransform argument target_frame - frame does not exist
[controller_server-1] [INFO] [1783571023.597964507] [local_costmap.local_costmap]: Timed out waiting for transform from relocalization_body to map to become available, tf error: Invalid frame ID "map" passed to canTransform argument target_frame - frame does not exist
[controller_server-1] [INFO] [1783571024.098018148] [local_costmap.local_costmap]: Timed out waiting for transform from relocalization_body to map to become available, tf error: Invalid frame ID "map" passed to canTransform argument target_frame - frame does not exist
[controller_server-1] [INFO] [1783571024.598009356] [local_costmap.local_costmap]: Timed out waiting for transform from relocalization_body to map to become available, tf error: Invalid frame ID "map" passed to canTransform argument target_frame - frame does not exist
[controller_server-1] [INFO] [1783571025.098012564] [local_costmap.local_costmap]: Timed out waiting for transform from relocalization_body to map to become available, tf error: Invalid frame ID "map" passed to canTransform argument target_frame - frame does not exist
[controller_server-1] [INFO] [1783571025.598010043] [local_costmap.local_costmap]: Timed out waiting for transform from relocalization_body to map to become available, tf error: Invalid frame ID "map" passed to canTransform argument target_frame - frame does not exist
[controller_server-1] [INFO] [1783571026.098007171] [local_costmap.local_costmap]: Timed out waiting for transform from relocalization_body to map to become available, tf error: Invalid frame ID "map" passed to canTransform argument target_frame - frame does not exist
[controller_server-1] [INFO] [1783571026.598017803] [local_costmap.local_costmap]: Timed out waiting for transform from relocalization_body to map to become available, tf error: Invalid frame ID "map" passed to canTransform argument target_frame - frame does not exist
[controller_server-1] [INFO] [1783571027.097975345] [local_costmap.local_costmap]: Timed out waiting for transform from relocalization_body to map to become available, tf error: Invalid frame ID "map" passed to canTransform argument target_frame - frame does not exist
[controller_server-1] [INFO] [1783571027.598014778] [local_costmap.local_costmap]: Timed out waiting for transform from relocalization_body to map to become available, tf error: Invalid frame ID "map" passed to canTransform argument target_frame - frame does not exist
[controller_server-1] [INFO] [1783571028.097983617] [local_costmap.local_costmap]: Timed out waiting for transform from relocalization_body to map to become available, tf error: Invalid frame ID "map" passed to canTransform argument target_frame - frame does not exist
[controller_server-1] [INFO] [1783571028.597985161] [local_costmap.local_costmap]: Timed out waiting for transform from relocalization_body to map to become available, tf error: Invalid frame ID "map" passed to canTransform argument target_frame - frame does not exist
[controller_server-1] [INFO] [1783571029.098025554] [local_costmap.local_costmap]: Timed out waiting for transform from relocalization_body to map to become available, tf error: Invalid frame ID "map" passed to canTransform argument target_frame - frame does not exist
[controller_server-1] [INFO] [1783571029.598011545] [local_costmap.local_costmap]: Timed out waiting for transform from relocalization_body to map to become available, tf error: Invalid frame ID "map" passed to canTransform argument target_frame - frame does not exist
[controller_server-1] [INFO] [1783571030.098017153] [local_costmap.local_costmap]: Timed out waiting for transform from relocalization_body to map to become available, tf error: Invalid frame ID "map" passed to canTransform argument target_frame - frame does not exist
[controller_server-1] [INFO] [1783571030.598012937] [local_costmap.local_costmap]: Timed out waiting for transform from relocalization_body to map to become available, tf error: Invalid frame ID "map" passed to canTransform argument target_frame - frame does not exist
[controller_server-1] [INFO] [1783571031.098008560] [local_costmap.local_costmap]: Timed out waiting for transform from relocalization_body to map to become available, tf error: Invalid frame ID "map" passed to canTransform argument target_frame - frame does not exist
[controller_server-1] [INFO] [1783571031.598015160] [local_costmap.local_costmap]: Timed out waiting for transform from relocalization_body to map to become available, tf error: Invalid frame ID "map" passed to canTransform argument target_frame - frame does not exist
[controller_server-1] [INFO] [1783571032.098048993] [local_costmap.local_costmap]: Timed out waiting for transform from relocalization_body to map to become available, tf error: Invalid frame ID "map" passed to canTransform argument target_frame - frame does not exist
[controller_server-1] [INFO] [1783571032.598010727] [local_costmap.local_costmap]: Timed out waiting for transform from relocalization_body to map to become available, tf error: Invalid frame ID "map" passed to canTransform argument target_frame - frame does not exist
[controller_server-1] [INFO] [1783571033.098020975] [local_costmap.local_costmap]: Timed out waiting for transform from relocalization_body to map to become available, tf error: Invalid frame ID "map" passed to canTransform argument target_frame - frame does not exist
[controller_server-1] [INFO] [1783571033.598043480] [local_costmap.local_costmap]: Timed out waiting for transform from relocalization_body to map to become available, tf error: Invalid frame ID "map" passed to canTransform argument target_frame - frame does not exist
[controller_server-1] [INFO] [1783571034.098023839] [local_costmap.local_costmap]: Timed out waiting for transform from relocalization_body to map to become available, tf error: Invalid frame ID "map" passed to canTransform argument target_frame - frame does not exist
[controller_server-1] [INFO] [1783571034.597994982] [local_costmap.local_costmap]: Timed out waiting for transform from relocalization_body to map to become available, tf error: Invalid frame ID "map" passed to canTransform argument target_frame - frame does not exist
[controller_server-1] [INFO] [1783571035.098042991] [local_costmap.local_costmap]: Timed out waiting for transform from relocalization_body to map to become available, tf error: Invalid frame ID "map" passed to canTransform argument target_frame - frame does not exist
[controller_server-1] [INFO] [1783571035.597980085] [local_costmap.local_costmap]: Timed out waiting for transform from relocalization_body to map to become available, tf error: Invalid frame ID "map" passed to canTransform argument target_frame - frame does not exist
[controller_server-1] [INFO] [1783571036.098013054] [local_costmap.local_costmap]: Timed out waiting for transform from relocalization_body to map to become available, tf error: Invalid frame ID "map" passed to canTransform argument target_frame - frame does not exist
[controller_server-1] [INFO] [1783571036.598004421] [local_costmap.local_costmap]: Timed out waiting for transform from relocalization_body to map to become available, tf error: Invalid frame ID "map" passed to canTransform argument target_frame - frame does not exist
[controller_server-1] [INFO] [1783571037.097993804] [local_costmap.local_costmap]: Timed out waiting for transform from relocalization_body to map to become available, tf error: Invalid frame ID "map" passed to canTransform argument target_frame - frame does not exist
[controller_server-1] [INFO] [1783571037.598011957] [local_costmap.local_costmap]: Timed out waiting for transform from relocalization_body to map to become available, tf error: Invalid frame ID "map" passed to canTransform argument target_frame - frame does not exist
[controller_server-1] [INFO] [1783571038.098012252] [local_costmap.local_costmap]: Timed out waiting for transform from relocalization_body to map to become available, tf error: Invalid frame ID "map" passed to canTransform argument target_frame - frame does not exist
[controller_server-1] [INFO] [1783571038.598010916] [local_costmap.local_costmap]: Timed out waiting for transform from relocalization_body to map to become available, tf error: Invalid frame ID "map" passed to canTransform argument target_frame - frame does not exist
[controller_server-1] [INFO] [1783571039.098006508] [local_costmap.local_costmap]: Timed out waiting for transform from relocalization_body to map to become available, tf error: Invalid frame ID "map" passed to canTransform argument target_frame - frame does not exist
[controller_server-1] [INFO] [1783571039.598012852] [local_costmap.local_costmap]: Timed out waiting for transform from relocalization_body to map to become available, tf error: Invalid frame ID "map" passed to canTransform argument target_frame - frame does not exist
[controller_server-1] [INFO] [1783571040.097974234] [local_costmap.local_costmap]: Timed out waiting for transform from relocalization_body to map to become available, tf error: Invalid frame ID "map" passed to canTransform argument target_frame - frame does not exist
[controller_server-1] [INFO] [1783571040.598009955] [local_costmap.local_costmap]: Timed out waiting for transform from relocalization_body to map to become available, tf error: Invalid frame ID "map" passed to canTransform argument target_frame - frame does not exist
[controller_server-1] [INFO] [1783571041.097968137] [local_costmap.local_costmap]: Timed out waiting for transform from relocalization_body to map to become available, tf error: Invalid frame ID "map" passed to canTransform argument target_frame - frame does not exist
[controller_server-1] [INFO] [1783571041.597993394] [local_costmap.local_costmap]: Timed out waiting for transform from relocalization_body to map to become available, tf error: Invalid frame ID "map" passed to canTransform argument target_frame - frame does not exist
[controller_server-1] [INFO] [1783571042.097981497] [local_costmap.local_costmap]: Timed out waiting for transform from relocalization_body to map to become available, tf error: Invalid frame ID "map" passed to canTransform argument target_frame - frame does not exist
[controller_server-1] [INFO] [1783571042.598009570] [local_costmap.local_costmap]: Timed out waiting for transform from relocalization_body to map to become available, tf error: Invalid frame ID "map" passed to canTransform argument target_frame - frame does not exist
[controller_server-1] [INFO] [1783571043.098014570] [local_costmap.local_costmap]: Timed out waiting for transform from relocalization_body to map to become available, tf error: Invalid frame ID "map" passed to canTransform argument target_frame - frame does not exist
[controller_server-1] [INFO] [1783571043.597973040] [local_costmap.local_costmap]: Timed out waiting for transform from relocalization_body to map to become available, tf error: Invalid frame ID "map" passed to canTransform argument target_frame - frame does not exist
[controller_server-1] [INFO] [1783571044.098017401] [local_costmap.local_costmap]: Timed out waiting for transform from relocalization_body to map to become available, tf error: Invalid frame ID "map" passed to canTransform argument target_frame - frame does not exist
[controller_server-1] [INFO] [1783571044.598008289] [local_costmap.local_costmap]: Timed out waiting for transform from relocalization_body to map to become available, tf error: Invalid frame ID "map" passed to canTransform argument target_frame - frame does not exist
[controller_server-1] [INFO] [1783571045.098022249] [local_costmap.local_costmap]: Timed out waiting for transform from relocalization_body to map to become available, tf error: Invalid frame ID "map" passed to canTransform argument target_frame - frame does not exist
[controller_server-1] [INFO] [1783571045.598009488] [local_costmap.local_costmap]: Timed out waiting for transform from relocalization_body to map to become available, tf error: Invalid frame ID "map" passed to canTransform argument target_frame - frame does not exist
[controller_server-1] [INFO] [1783571046.098014648] [local_costmap.local_costmap]: Timed out waiting for transform from relocalization_body to map to become available, tf error: Invalid frame ID "map" passed to canTransform argument target_frame - frame does not exist
[controller_server-1] [INFO] [1783571046.598013344] [local_costmap.local_costmap]: Timed out waiting for transform from relocalization_body to map to become available, tf error: Invalid frame ID "map" passed to canTransform argument target_frame - frame does not exist
[controller_server-1] [INFO] [1783571047.098013032] [local_costmap.local_costmap]: Timed out waiting for transform from relocalization_body to map to become available, tf error: Invalid frame ID "map" passed to canTransform argument target_frame - frame does not exist
[controller_server-1] [INFO] [1783571047.598010575] [local_costmap.local_costmap]: Timed out waiting for transform from relocalization_body to map to become available, tf error: Invalid frame ID "map" passed to canTransform argument target_frame - frame does not exist
[controller_server-1] [INFO] [1783571048.097988662] [local_costmap.local_costmap]: Timed out waiting for transform from relocalization_body to map to become available, tf error: Invalid frame ID "map" passed to canTransform argument target_frame - frame does not exist
[controller_server-1] [INFO] [1783571048.598010783] [local_costmap.local_costmap]: Timed out waiting for transform from relocalization_body to map to become available, tf error: Invalid frame ID "map" passed to canTransform argument target_frame - frame does not exist
[controller_server-1] [INFO] [1783571049.098014471] [local_costmap.local_costmap]: Timed out waiting for transform from relocalization_body to map to become available, tf error: Invalid frame ID "map" passed to canTransform argument target_frame - frame does not exist
[controller_server-1] [INFO] [1783571049.598000622] [local_costmap.local_costmap]: Timed out waiting for transform from relocalization_body to map to become available, tf error: Invalid frame ID "map" passed to canTransform argument target_frame - frame does not exist
[controller_server-1] [INFO] [1783571050.098020822] [local_costmap.local_costmap]: Timed out waiting for transform from relocalization_body to map to become available, tf error: Invalid frame ID "map" passed to canTransform argument target_frame - frame does not exist
[controller_server-1] [INFO] [1783571050.598010046] [local_costmap.local_costmap]: Timed out waiting for transform from relocalization_body to map to become available, tf error: Invalid frame ID "map" passed to canTransform argument target_frame - frame does not exist
[controller_server-1] [INFO] [1783571051.097976996] [local_costmap.local_costmap]: Timed out waiting for transform from relocalization_body to map to become available, tf error: Invalid frame ID "map" passed to canTransform argument target_frame - frame does not exist
[controller_server-1] [INFO] [1783571051.598011725] [local_costmap.local_costmap]: Timed out waiting for transform from relocalization_body to map to become available, tf error: Invalid frame ID "map" passed to canTransform argument target_frame - frame does not exist
[controller_server-1] [INFO] [1783571052.097970931] [local_costmap.local_costmap]: Timed out waiting for transform from relocalization_body to map to become available, tf error: Invalid frame ID "map" passed to canTransform argument target_frame - frame does not exist
[controller_server-1] [INFO] [1783571052.597994012] [local_costmap.local_costmap]: Timed out waiting for transform from relocalization_body to map to become available, tf error: Invalid frame ID "map" passed to canTransform argument target_frame - frame does not exist
[controller_server-1] [INFO] [1783571053.098032325] [local_costmap.local_costmap]: Timed out waiting for transform from relocalization_body to map to become available, tf error: Invalid frame ID "map" passed to canTransform argument target_frame - frame does not exist
[controller_server-1] [INFO] [1783571053.598011116] [local_costmap.local_costmap]: Timed out waiting for transform from relocalization_body to map to become available, tf error: Invalid frame ID "map" passed to canTransform argument target_frame - frame does not exist
[controller_server-1] [INFO] [1783571054.098049525] [local_costmap.local_costmap]: Timed out waiting for transform from relocalization_body to map to become available, tf error: Invalid frame ID "map" passed to canTransform argument target_frame - frame does not exist
[controller_server-1] [INFO] [1783571054.598045757] [local_costmap.local_costmap]: Timed out waiting for transform from relocalization_body to map to become available, tf error: Invalid frame ID "map" passed to canTransform argument target_frame - frame does not exist
[controller_server-1] [INFO] [1783571055.098008387] [local_costmap.local_costmap]: Timed out waiting for transform from relocalization_body to map to become available, tf error: Invalid frame ID "map" passed to canTransform argument target_frame - frame does not exist
[controller_server-1] [INFO] [1783571055.598018027] [local_costmap.local_costmap]: Timed out waiting for transform from relocalization_body to map to become available, tf error: Invalid frame ID "map" passed to canTransform argument target_frame - frame does not exist
[controller_server-1] [INFO] [1783571056.098007538] [local_costmap.local_costmap]: Timed out waiting for transform from relocalization_body to map to become available, tf error: Invalid frame ID "map" passed to canTransform argument target_frame - frame does not exist
[controller_server-1] [INFO] [1783571056.598018267] [local_costmap.local_costmap]: Timed out waiting for transform from relocalization_body to map to become available, tf error: Invalid frame ID "map" passed to canTransform argument target_frame - frame does not exist
[controller_server-1] [INFO] [1783571057.098014306] [local_costmap.local_costmap]: Timed out waiting for transform from relocalization_body to map to become available, tf error: Invalid frame ID "map" passed to canTransform argument target_frame - frame does not exist
[controller_server-1] [INFO] [1783571057.598011530] [local_costmap.local_costmap]: Timed out waiting for transform from relocalization_body to map to become available, tf error: Invalid frame ID "map" passed to canTransform argument target_frame - frame does not exist
[controller_server-1] [INFO] [1783571058.098029266] [local_costmap.local_costmap]: Timed out waiting for transform from relocalization_body to map to become available, tf error: Invalid frame ID "map" passed to canTransform argument target_frame - frame does not exist
[controller_server-1] [INFO] [1783571058.597993177] [local_costmap.local_costmap]: Timed out waiting for transform from relocalization_body to map to become available, tf error: Invalid frame ID "map" passed to canTransform argument target_frame - frame does not exist
[controller_server-1] [INFO] [1783571059.097993216] [local_costmap.local_costmap]: Timed out waiting for transform from relocalization_body to map to become available, tf error: Invalid frame ID "map" passed to canTransform argument target_frame - frame does not exist
[controller_server-1] [INFO] [1783571059.598011369] [local_costmap.local_costmap]: Timed out waiting for transform from relocalization_body to map to become available, tf error: Invalid frame ID "map" passed to canTransform argument target_frame - frame does not exist
[controller_server-1] [INFO] [1783571060.098011024] [local_costmap.local_costmap]: Timed out waiting for transform from relocalization_body to map to become available, tf error: Invalid frame ID "map" passed to canTransform argument target_frame - frame does not exist
[controller_server-1] [INFO] [1783571060.598008312] [local_costmap.local_costmap]: Timed out waiting for transform from relocalization_body to map to become available, tf error: Invalid frame ID "map" passed to canTransform argument target_frame - frame does not exist
[controller_server-1] [INFO] [1783571061.098012704] [local_costmap.local_costmap]: Timed out waiting for transform from relocalization_body to map to become available, tf error: Invalid frame ID "map" passed to canTransform argument target_frame - frame does not exist
[controller_server-1] [INFO] [1783571061.598011880] [local_costmap.local_costmap]: Timed out waiting for transform from relocalization_body to map to become available, tf error: Invalid frame ID "map" passed to canTransform argument target_frame - frame does not exist
[controller_server-1] [INFO] [1783571062.098012847] [local_costmap.local_costmap]: Timed out waiting for transform from relocalization_body to map to become available, tf error: Invalid frame ID "map" passed to canTransform argument target_frame - frame does not exist
[controller_server-1] [INFO] [1783571062.598018903] [local_costmap.local_costmap]: Timed out waiting for transform from relocalization_body to map to become available, tf error: Invalid frame ID "map" passed to canTransform argument target_frame - frame does not exist
[controller_server-1] [INFO] [1783571063.098032319] [local_costmap.local_costmap]: Timed out waiting for transform from relocalization_body to map to become available, tf error: Invalid frame ID "map" passed to canTransform argument target_frame - frame does not exist
[controller_server-1] [INFO] [1783571063.598042024] [local_costmap.local_costmap]: Timed out waiting for transform from relocalization_body to map to become available, tf error: Invalid frame ID "map" passed to canTransform argument target_frame - frame does not exist
[controller_server-1] [INFO] [1783571064.098009550] [local_costmap.local_costmap]: Timed out waiting for transform from relocalization_body to map to become available, tf error: Invalid frame ID "map" passed to canTransform argument target_frame - frame does not exist
[controller_server-1] [INFO] [1783571064.598009494] [local_costmap.local_costmap]: Timed out waiting for transform from relocalization_body to map to become available, tf error: Invalid frame ID "map" passed to canTransform argument target_frame - frame does not exist
[controller_server-1] [INFO] [1783571065.097983677] [local_costmap.local_costmap]: Timed out waiting for transform from relocalization_body to map to become available, tf error: Invalid frame ID "map" passed to canTransform argument target_frame - frame does not exist
[controller_server-1] [INFO] [1783571065.598001669] [local_costmap.local_costmap]: Timed out waiting for transform from relocalization_body to map to become available, tf error: Invalid frame ID "map" passed to canTransform argument target_frame - frame does not exist
[controller_server-1] [INFO] [1783571066.098057135] [local_costmap.local_costmap]: Timed out waiting for transform from relocalization_body to map to become available, tf error: Invalid frame ID "map" passed to canTransform argument target_frame - frame does not exist
[controller_server-1] [INFO] [1783571066.598011061] [local_costmap.local_costmap]: Timed out waiting for transform from relocalization_body to map to become available, tf error: Invalid frame ID "map" passed to canTransform argument target_frame - frame does not exist
[controller_server-1] [INFO] [1783571067.098008348] [local_costmap.local_costmap]: Timed out waiting for transform from relocalization_body to map to become available, tf error: Invalid frame ID "map" passed to canTransform argument target_frame - frame does not exist
[controller_server-1] [INFO] [1783571067.598008484] [local_costmap.local_costmap]: Timed out waiting for transform from relocalization_body to map to become available, tf error: Invalid frame ID "map" passed to canTransform argument target_frame - frame does not exist
[controller_server-1] [INFO] [1783571068.098020108] [local_costmap.local_costmap]: Timed out waiting for transform from relocalization_body to map to become available, tf error: Invalid frame ID "map" passed to canTransform argument target_frame - frame does not exist
[controller_server-1] [INFO] [1783571068.597995571] [local_costmap.local_costmap]: Timed out waiting for transform from relocalization_body to map to become available, tf error: Invalid frame ID "map" passed to canTransform argument target_frame - frame does not exist
[controller_server-1] [INFO] [1783571069.098855448] [local_costmap.local_costmap]: Timed out waiting for transform from relocalization_body to map to become available, tf error: Invalid frame ID "map" passed to canTransform argument target_frame - frame does not exist
[controller_server-1] [INFO] [1783571069.597976130] [local_costmap.local_costmap]: Timed out waiting for transform from relocalization_body to map to become available, tf error: Invalid frame ID "map" passed to canTransform argument target_frame - frame does not exist
[controller_server-1] [INFO] [1783571070.098017739] [local_costmap.local_costmap]: Timed out waiting for transform from relocalization_body to map to become available, tf error: Invalid frame ID "map" passed to canTransform argument target_frame - frame does not exist
[controller_server-1] [INFO] [1783571070.598009043] [local_costmap.local_costmap]: Timed out waiting for transform from relocalization_body to map to become available, tf error: Invalid frame ID "map" passed to canTransform argument target_frame - frame does not exist
[controller_server-1] [INFO] [1783571071.098011578] [local_costmap.local_costmap]: Timed out waiting for transform from relocalization_body to map to become available, tf error: Invalid frame ID "map" passed to canTransform argument target_frame - frame does not exist
[controller_server-1] [INFO] [1783571071.598009858] [local_costmap.local_costmap]: Timed out waiting for transform from relocalization_body to map to become available, tf error: Invalid frame ID "map" passed to canTransform argument target_frame - frame does not exist
[controller_server-1] [INFO] [1783571072.097977481] [local_costmap.local_costmap]: Timed out waiting for transform from relocalization_body to map to become available, tf error: Invalid frame ID "map" passed to canTransform argument target_frame - frame does not exist
[controller_server-1] [INFO] [1783571072.597997457] [local_costmap.local_costmap]: Timed out waiting for transform from relocalization_body to map to become available, tf error: Invalid frame ID "map" passed to canTransform argument target_frame - frame does not exist
[controller_server-1] [INFO] [1783571073.098002073] [local_costmap.local_costmap]: Timed out waiting for transform from relocalization_body to map to become available, tf error: Invalid frame ID "map" passed to canTransform argument target_frame - frame does not exist
[controller_server-1] [INFO] [1783571073.597970752] [local_costmap.local_costmap]: Timed out waiting for transform from relocalization_body to map to become available, tf error: Invalid frame ID "map" passed to canTransform argument target_frame - frame does not exist
[controller_server-1] [INFO] [1783571074.097960359] [local_costmap.local_costmap]: Timed out waiting for transform from relocalization_body to map to become available, tf error: Invalid frame ID "map" passed to canTransform argument target_frame - frame does not exist
[controller_server-1] [INFO] [1783571074.598047506] [local_costmap.local_costmap]: Timed out waiting for transform from relocalization_body to map to become available, tf error: Invalid frame ID "map" passed to canTransform argument target_frame - frame does not exist
[controller_server-1] [INFO] [1783571075.098015160] [local_costmap.local_costmap]: Timed out waiting for transform from relocalization_body to map to become available, tf error: Invalid frame ID "map" passed to canTransform argument target_frame - frame does not exist
[controller_server-1] [INFO] [1783571075.598022944] [local_costmap.local_costmap]: Timed out waiting for transform from relocalization_body to map to become available, tf error: Invalid frame ID "map" passed to canTransform argument target_frame - frame does not exist
[controller_server-1] [INFO] [1783571076.098012136] [local_costmap.local_costmap]: Timed out waiting for transform from relocalization_body to map to become available, tf error: Invalid frame ID "map" passed to canTransform argument target_frame - frame does not exist
[controller_server-1] [INFO] [1783571076.598009263] [local_costmap.local_costmap]: Timed out waiting for transform from relocalization_body to map to become available, tf error: Invalid frame ID "map" passed to canTransform argument target_frame - frame does not exist
[controller_server-1] [INFO] [1783571077.098041176] [local_costmap.local_costmap]: Timed out waiting for transform from relocalization_body to map to become available, tf error: Invalid frame ID "map" passed to canTransform argument target_frame - frame does not exist
[controller_server-1] [INFO] [1783571077.598010879] [local_costmap.local_costmap]: Timed out waiting for transform from relocalization_body to map to become available, tf error: Invalid frame ID "map" passed to canTransform argument target_frame - frame does not exist
[controller_server-1] [INFO] [1783571078.098008902] [local_costmap.local_costmap]: Timed out waiting for transform from relocalization_body to map to become available, tf error: Invalid frame ID "map" passed to canTransform argument target_frame - frame does not exist
[controller_server-1] [INFO] [1783571078.598007022] [local_costmap.local_costmap]: Timed out waiting for transform from relocalization_body to map to become available, tf error: Invalid frame ID "map" passed to canTransform argument target_frame - frame does not exist
[controller_server-1] [INFO] [1783571079.098052631] [local_costmap.local_costmap]: Timed out waiting for transform from relocalization_body to map to become available, tf error: Invalid frame ID "map" passed to canTransform argument target_frame - frame does not exist
[controller_server-1] [INFO] [1783571079.598009502] [local_costmap.local_costmap]: Timed out waiting for transform from relocalization_body to map to become available, tf error: Invalid frame ID "map" passed to canTransform argument target_frame - frame does not exist
[controller_server-1] [INFO] [1783571080.098012806] [local_costmap.local_costmap]: Timed out waiting for transform from relocalization_body to map to become available, tf error: Invalid frame ID "map" passed to canTransform argument target_frame - frame does not exist
[controller_server-1] [INFO] [1783571080.598007021] [local_costmap.local_costmap]: Timed out waiting for transform from relocalization_body to map to become available, tf error: Invalid frame ID "map" passed to canTransform argument target_frame - frame does not exist
[controller_server-1] [INFO] [1783571081.097994708] [local_costmap.local_costmap]: Timed out waiting for transform from relocalization_body to map to become available, tf error: Invalid frame ID "map" passed to canTransform argument target_frame - frame does not exist
[controller_server-1] [INFO] [1783571081.598009917] [local_costmap.local_costmap]: Timed out waiting for transform from relocalization_body to map to become available, tf error: Invalid frame ID "map" passed to canTransform argument target_frame - frame does not exist
[controller_server-1] [INFO] [1783571082.098011940] [local_costmap.local_costmap]: Timed out waiting for transform from relocalization_body to map to become available, tf error: Invalid frame ID "map" passed to canTransform argument target_frame - frame does not exist
[controller_server-1] [INFO] [1783571082.598014412] [local_costmap.local_costmap]: Timed out waiting for transform from relocalization_body to map to become available, tf error: Invalid frame ID "map" passed to canTransform argument target_frame - frame does not exist
[controller_server-1] [INFO] [1783571083.098008052] [local_costmap.local_costmap]: Timed out waiting for transform from relocalization_body to map to become available, tf error: Invalid frame ID "map" passed to canTransform argument target_frame - frame does not exist
[controller_server-1] [INFO] [1783571083.598012252] [local_costmap.local_costmap]: Timed out waiting for transform from relocalization_body to map to become available, tf error: Invalid frame ID "map" passed to canTransform argument target_frame - frame does not exist
[controller_server-1] [INFO] [1783571084.098016387] [local_costmap.local_costmap]: Timed out waiting for transform from relocalization_body to map to become available, tf error: Invalid frame ID "map" passed to canTransform argument target_frame - frame does not exist
[controller_server-1] [INFO] [1783571084.598014635] [local_costmap.local_costmap]: Timed out waiting for transform from relocalization_body to map to become available, tf error: Invalid frame ID "map" passed to canTransform argument target_frame - frame does not exist
[controller_server-1] [INFO] [1783571085.098009043] [local_costmap.local_costmap]: Timed out waiting for transform from relocalization_body to map to become available, tf error: Invalid frame ID "map" passed to canTransform argument target_frame - frame does not exist
[controller_server-1] [INFO] [1783571085.597959033] [local_costmap.local_costmap]: Timed out waiting for transform from relocalization_body to map to become available, tf error: Invalid frame ID "map" passed to canTransform argument target_frame - frame does not exist
[controller_server-1] [INFO] [1783571086.098006242] [local_costmap.local_costmap]: Timed out waiting for transform from relocalization_body to map to become available, tf error: Invalid frame ID "map" passed to canTransform argument target_frame - frame does not exist
[controller_server-1] [INFO] [1783571086.598007306] [local_costmap.local_costmap]: Timed out waiting for transform from relocalization_body to map to become available, tf error: Invalid frame ID "map" passed to canTransform argument target_frame - frame does not exist
[controller_server-1] [INFO] [1783571087.098009554] [local_costmap.local_costmap]: Timed out waiting for transform from relocalization_body to map to become available, tf error: Invalid frame ID "map" passed to canTransform argument target_frame - frame does not exist
[controller_server-1] [INFO] [1783571087.597964056] [local_costmap.local_costmap]: Timed out waiting for transform from relocalization_body to map to become available, tf error: Invalid frame ID "map" passed to canTransform argument target_frame - frame does not exist
[controller_server-1] [INFO] [1783571088.098007841] [local_costmap.local_costmap]: Timed out waiting for transform from relocalization_body to map to become available, tf error: Invalid frame ID "map" passed to canTransform argument target_frame - frame does not exist
[controller_server-1] [INFO] [1783571088.598013385] [local_costmap.local_costmap]: Timed out waiting for transform from relocalization_body to map to become available, tf error: Invalid frame ID "map" passed to canTransform argument target_frame - frame does not exist
[controller_server-1] [INFO] [1783571089.097992144] [local_costmap.local_costmap]: Timed out waiting for transform from relocalization_body to map to become available, tf error: Invalid frame ID "map" passed to canTransform argument target_frame - frame does not exist
[controller_server-1] [INFO] [1783571089.598012504] [local_costmap.local_costmap]: Timed out waiting for transform from relocalization_body to map to become available, tf error: Invalid frame ID "map" passed to canTransform argument target_frame - frame does not exist
[controller_server-1] [INFO] [1783571090.098004480] [local_costmap.local_costmap]: Timed out waiting for transform from relocalization_body to map to become available, tf error: Invalid frame ID "map" passed to canTransform argument target_frame - frame does not exist
[controller_server-1] [INFO] [1783571090.598019816] [local_costmap.local_costmap]: Timed out waiting for transform from relocalization_body to map to become available, tf error: Invalid frame ID "map" passed to canTransform argument target_frame - frame does not exist
[controller_server-1] [INFO] [1783571091.098027408] [local_costmap.local_costmap]: Timed out waiting for transform from relocalization_body to map to become available, tf error: Invalid frame ID "map" passed to canTransform argument target_frame - frame does not exist
[controller_server-1] [INFO] [1783571091.598005207] [local_costmap.local_costmap]: Timed out waiting for transform from relocalization_body to map to become available, tf error: Invalid frame ID "map" passed to canTransform argument target_frame - frame does not exist
[controller_server-1] [INFO] [1783571092.098009855] [local_costmap.local_costmap]: Timed out waiting for transform from relocalization_body to map to become available, tf error: Invalid frame ID "map" passed to canTransform argument target_frame - frame does not exist
[controller_server-1] [INFO] [1783571092.598008807] [local_costmap.local_costmap]: Timed out waiting for transform from relocalization_body to map to become available, tf error: Invalid frame ID "map" passed to canTransform argument target_frame - frame does not exist
[controller_server-1] [INFO] [1783571093.098009550] [local_costmap.local_costmap]: Timed out waiting for transform from relocalization_body to map to become available, tf error: Invalid frame ID "map" passed to canTransform argument target_frame - frame does not exist
[controller_server-1] [INFO] [1783571093.597977909] [local_costmap.local_costmap]: Timed out waiting for transform from relocalization_body to map to become available, tf error: Invalid frame ID "map" passed to canTransform argument target_frame - frame does not exist
[controller_server-1] [INFO] [1783571094.098037215] [local_costmap.local_costmap]: Timed out waiting for transform from relocalization_body to map to become available, tf error: Invalid frame ID "map" passed to canTransform argument target_frame - frame does not exist
[controller_server-1] [INFO] [1783571094.597979940] [local_costmap.local_costmap]: Timed out waiting for transform from relocalization_body to map to become available, tf error: Invalid frame ID "map" passed to canTransform argument target_frame - frame does not exist
[controller_server-1] [INFO] [1783571095.098008525] [local_costmap.local_costmap]: Timed out waiting for transform from relocalization_body to map to become available, tf error: Invalid frame ID "map" passed to canTransform argument target_frame - frame does not exist
[controller_server-1] [INFO] [1783571095.598011701] [local_costmap.local_costmap]: Timed out waiting for transform from relocalization_body to map to become available, tf error: Invalid frame ID "map" passed to canTransform argument target_frame - frame does not exist
[controller_server-1] [INFO] [1783571096.098036606] [local_costmap.local_costmap]: Timed out waiting for transform from relocalization_body to map to become available, tf error: Invalid frame ID "map" passed to canTransform argument target_frame - frame does not exist
[controller_server-1] [INFO] [1783571096.597965059] [local_costmap.local_costmap]: Timed out waiting for transform from relocalization_body to map to become available, tf error: Invalid frame ID "map" passed to canTransform argument target_frame - frame does not exist
[controller_server-1] [INFO] [1783571097.098008780] [local_costmap.local_costmap]: Timed out waiting for transform from relocalization_body to map to become available, tf error: Invalid frame ID "map" passed to canTransform argument target_frame - frame does not exist
[controller_server-1] [INFO] [1783571097.598014036] [local_costmap.local_costmap]: Timed out waiting for transform from relocalization_body to map to become available, tf error: Invalid frame ID "map" passed to canTransform argument target_frame - frame does not exist
[controller_server-1] [INFO] [1783571098.097964954] [local_costmap.local_costmap]: Timed out waiting for transform from relocalization_body to map to become available, tf error: Invalid frame ID "map" passed to canTransform argument target_frame - frame does not exist
[controller_server-1] [INFO] [1783571098.598017028] [local_costmap.local_costmap]: Timed out waiting for transform from relocalization_body to map to become available, tf error: Invalid frame ID "map" passed to canTransform argument target_frame - frame does not exist
[controller_server-1] [INFO] [1783571099.098010283] [local_costmap.local_costmap]: Timed out waiting for transform from relocalization_body to map to become available, tf error: Invalid frame ID "map" passed to canTransform argument target_frame - frame does not exist
[controller_server-1] [INFO] [1783571099.598011123] [local_costmap.local_costmap]: Timed out waiting for transform from relocalization_body to map to become available, tf error: Invalid frame ID "map" passed to canTransform argument target_frame - frame does not exist
[controller_server-1] [INFO] [1783571100.097979929] [local_costmap.local_costmap]: Timed out waiting for transform from relocalization_body to map to become available, tf error: Invalid frame ID "map" passed to canTransform argument target_frame - frame does not exist
[controller_server-1] [INFO] [1783571100.597988738] [local_costmap.local_costmap]: Timed out waiting for transform from relocalization_body to map to become available, tf error: Invalid frame ID "map" passed to canTransform argument target_frame - frame does not exist
[controller_server-1] [INFO] [1783571101.098007178] [local_costmap.local_costmap]: Timed out waiting for transform from relocalization_body to map to become available, tf error: Invalid frame ID "map" passed to canTransform argument target_frame - frame does not exist
[controller_server-1] [INFO] [1783571101.598012498] [local_costmap.local_costmap]: Timed out waiting for transform from relocalization_body to map to become available, tf error: Invalid frame ID "map" passed to canTransform argument target_frame - frame does not exist
[controller_server-1] [INFO] [1783571102.098009593] [local_costmap.local_costmap]: Timed out waiting for transform from relocalization_body to map to become available, tf error: Invalid frame ID "map" passed to canTransform argument target_frame - frame does not exist
[controller_server-1] [INFO] [1783571102.598016385] [local_costmap.local_costmap]: Timed out waiting for transform from relocalization_body to map to become available, tf error: Invalid frame ID "map" passed to canTransform argument target_frame - frame does not exist
[controller_server-1] [INFO] [1783571103.098048714] [local_costmap.local_costmap]: Timed out waiting for transform from relocalization_body to map to become available, tf error: Invalid frame ID "map" passed to canTransform argument target_frame - frame does not exist
[controller_server-1] [INFO] [1783571103.598010385] [local_costmap.local_costmap]: Timed out waiting for transform from relocalization_body to map to become available, tf error: Invalid frame ID "map" passed to canTransform argument target_frame - frame does not exist
[controller_server-1] [INFO] [1783571104.097994296] [local_costmap.local_costmap]: Timed out waiting for transform from relocalization_body to map to become available, tf error: Invalid frame ID "map" passed to canTransform argument target_frame - frame does not exist
[controller_server-1] [INFO] [1783571104.597986911] [local_costmap.local_costmap]: Timed out waiting for transform from relocalization_body to map to become available, tf error: Invalid frame ID "map" passed to canTransform argument target_frame - frame does not exist
[controller_server-1] [INFO] [1783571105.098014984] [local_costmap.local_costmap]: Timed out waiting for transform from relocalization_body to map to become available, tf error: Invalid frame ID "map" passed to canTransform argument target_frame - frame does not exist
[controller_server-1] [INFO] [1783571105.598006383] [local_costmap.local_costmap]: Timed out waiting for transform from relocalization_body to map to become available, tf error: Invalid frame ID "map" passed to canTransform argument target_frame - frame does not exist
[controller_server-1] [INFO] [1783571106.098006103] [local_costmap.local_costmap]: Timed out waiting for transform from relocalization_body to map to become available, tf error: Invalid frame ID "map" passed to canTransform argument target_frame - frame does not exist
[controller_server-1] [INFO] [1783571106.598008607] [local_costmap.local_costmap]: Timed out waiting for transform from relocalization_body to map to become available, tf error: Invalid frame ID "map" passed to canTransform argument target_frame - frame does not exist
[controller_server-1] [INFO] [1783571107.098024167] [local_costmap.local_costmap]: Timed out waiting for transform from relocalization_body to map to become available, tf error: Invalid frame ID "map" passed to canTransform argument target_frame - frame does not exist
[controller_server-1] [INFO] [1783571107.598042255] [local_costmap.local_costmap]: Timed out waiting for transform from relocalization_body to map to become available, tf error: Invalid frame ID "map" passed to canTransform argument target_frame - frame does not exist
[controller_server-1] [INFO] [1783571108.097994070] [local_costmap.local_costmap]: Timed out waiting for transform from relocalization_body to map to become available, tf error: Invalid frame ID "map" passed to canTransform argument target_frame - frame does not exist
[controller_server-1] [INFO] [1783571108.598005758] [local_costmap.local_costmap]: Timed out waiting for transform from relocalization_body to map to become available, tf error: Invalid frame ID "map" passed to canTransform argument target_frame - frame does not exist
[controller_server-1] [INFO] [1783571109.098010342] [local_costmap.local_costmap]: Timed out waiting for transform from relocalization_body to map to become available, tf error: Invalid frame ID "map" passed to canTransform argument target_frame - frame does not exist
[controller_server-1] [INFO] [1783571109.598010605] [local_costmap.local_costmap]: Timed out waiting for transform from relocalization_body to map to become available, tf error: Invalid frame ID "map" passed to canTransform argument target_frame - frame does not exist
[controller_server-1] [INFO] [1783571110.098011861] [local_costmap.local_costmap]: Timed out waiting for transform from relocalization_body to map to become available, tf error: Invalid frame ID "map" passed to canTransform argument target_frame - frame does not exist
[controller_server-1] [INFO] [1783571110.598007357] [local_costmap.local_costmap]: Timed out waiting for transform from relocalization_body to map to become available, tf error: Invalid frame ID "map" passed to canTransform argument target_frame - frame does not exist
[controller_server-1] [INFO] [1783571111.098010533] [local_costmap.local_costmap]: Timed out waiting for transform from relocalization_body to map to become available, tf error: Invalid frame ID "map" passed to canTransform argument target_frame - frame does not exist
[controller_server-1] [INFO] [1783571111.597960331] [local_costmap.local_costmap]: Timed out waiting for transform from relocalization_body to map to become available, tf error: Invalid frame ID "map" passed to canTransform argument target_frame - frame does not exist
[controller_server-1] [INFO] [1783571112.097990963] [local_costmap.local_costmap]: Timed out waiting for transform from relocalization_body to map to become available, tf error: Invalid frame ID "map" passed to canTransform argument target_frame - frame does not exist
[controller_server-1] [INFO] [1783571112.598015676] [local_costmap.local_costmap]: Timed out waiting for transform from relocalization_body to map to become available, tf error: Invalid frame ID "map" passed to canTransform argument target_frame - frame does not exist
[controller_server-1] [INFO] [1783571113.098008451] [local_costmap.local_costmap]: Timed out waiting for transform from relocalization_body to map to become available, tf error: Invalid frame ID "map" passed to canTransform argument target_frame - frame does not exist
[controller_server-1] [INFO] [1783571113.598010315] [local_costmap.local_costmap]: Timed out waiting for transform from relocalization_body to map to become available, tf error: Invalid frame ID "map" passed to canTransform argument target_frame - frame does not exist
[controller_server-1] [INFO] [1783571114.097994322] [local_costmap.local_costmap]: Timed out waiting for transform from relocalization_body to map to become available, tf error: Invalid frame ID "map" passed to canTransform argument target_frame - frame does not exist
[controller_server-1] [INFO] [1783571114.598021915] [local_costmap.local_costmap]: Timed out waiting for transform from relocalization_body to map to become available, tf error: Invalid frame ID "map" passed to canTransform argument target_frame - frame does not exist
[controller_server-1] [INFO] [1783571115.097989794] [local_costmap.local_costmap]: Timed out waiting for transform from relocalization_body to map to become available, tf error: Invalid frame ID "map" passed to canTransform argument target_frame - frame does not exist
[controller_server-1] [INFO] [1783571115.598009386] [local_costmap.local_costmap]: Timed out waiting for transform from relocalization_body to map to become available, tf error: Invalid frame ID "map" passed to canTransform argument target_frame - frame does not exist
[controller_server-1] [INFO] [1783571116.098019986] [local_costmap.local_costmap]: Timed out waiting for transform from relocalization_body to map to become available, tf error: Invalid frame ID "map" passed to canTransform argument target_frame - frame does not exist
[controller_server-1] [INFO] [1783571116.598012890] [local_costmap.local_costmap]: Timed out waiting for transform from relocalization_body to map to become available, tf error: Invalid frame ID "map" passed to canTransform argument target_frame - frame does not exist
[controller_server-1] [INFO] [1783571117.097992801] [local_costmap.local_costmap]: Timed out waiting for transform from relocalization_body to map to become available, tf error: Invalid frame ID "map" passed to canTransform argument target_frame - frame does not exist
[controller_server-1] [INFO] [1783571117.598009673] [local_costmap.local_costmap]: Timed out waiting for transform from relocalization_body to map to become available, tf error: Invalid frame ID "map" passed to canTransform argument target_frame - frame does not exist
[controller_server-1] [INFO] [1783571118.098006225] [local_costmap.local_costmap]: Timed out waiting for transform from relocalization_body to map to become available, tf error: Invalid frame ID "map" passed to canTransform argument target_frame - frame does not exist
[controller_server-1] [INFO] [1783571118.598009080] [local_costmap.local_costmap]: Timed out waiting for transform from relocalization_body to map to become available, tf error: Invalid frame ID "map" passed to canTransform argument target_frame - frame does not exist
[controller_server-1] [INFO] [1783571119.098012000] [local_costmap.local_costmap]: Timed out waiting for transform from relocalization_body to map to become available, tf error: Invalid frame ID "map" passed to canTransform argument target_frame - frame does not exist
[controller_server-1] [INFO] [1783571119.598006376] [local_costmap.local_costmap]: Timed out waiting for transform from relocalization_body to map to become available, tf error: Invalid frame ID "map" passed to canTransform argument target_frame - frame does not exist
[controller_server-1] [INFO] [1783571120.098008432] [local_costmap.local_costmap]: Timed out waiting for transform from relocalization_body to map to become available, tf error: Invalid frame ID "map" passed to canTransform argument target_frame - frame does not exist
[controller_server-1] [INFO] [1783571120.598011671] [local_costmap.local_costmap]: Timed out waiting for transform from relocalization_body to map to become available, tf error: Invalid frame ID "map" passed to canTransform argument target_frame - frame does not exist
[controller_server-1] [INFO] [1783571121.098017759] [local_costmap.local_costmap]: Timed out waiting for transform from relocalization_body to map to become available, tf error: Invalid frame ID "map" passed to canTransform argument target_frame - frame does not exist
[controller_server-1] [INFO] [1783571121.598007239] [local_costmap.local_costmap]: Timed out waiting for transform from relocalization_body to map to become available, tf error: Invalid frame ID "map" passed to canTransform argument target_frame - frame does not exist
[controller_server-1] [INFO] [1783571122.098008366] [local_costmap.local_costmap]: Timed out waiting for transform from relocalization_body to map to become available, tf error: Invalid frame ID "map" passed to canTransform argument target_frame - frame does not exist
[controller_server-1] [INFO] [1783571122.598016438] [local_costmap.local_costmap]: Timed out waiting for transform from relocalization_body to map to become available, tf error: Invalid frame ID "map" passed to canTransform argument target_frame - frame does not exist
[controller_server-1] [INFO] [1783571123.098002718] [local_costmap.local_costmap]: Timed out waiting for transform from relocalization_body to map to become available, tf error: Invalid frame ID "map" passed to canTransform argument target_frame - frame does not exist
[controller_server-1] [INFO] [1783571123.598009798] [local_costmap.local_costmap]: Timed out waiting for transform from relocalization_body to map to become available, tf error: Invalid frame ID "map" passed to canTransform argument target_frame - frame does not exist
[controller_server-1] [INFO] [1783571124.098008173] [local_costmap.local_costmap]: Timed out waiting for transform from relocalization_body to map to become available, tf error: Invalid frame ID "map" passed to canTransform argument target_frame - frame does not exist
[controller_server-1] [INFO] [1783571124.598009173] [local_costmap.local_costmap]: Timed out waiting for transform from relocalization_body to map to become available, tf error: Invalid frame ID "map" passed to canTransform argument target_frame - frame does not exist
[controller_server-1] [INFO] [1783571125.098129921] [local_costmap.local_costmap]: Timed out waiting for transform from relocalization_body to map to become available, tf error: Invalid frame ID "map" passed to canTransform argument target_frame - frame does not exist
[controller_server-1] [INFO] [1783571125.598021797] [local_costmap.local_costmap]: Timed out waiting for transform from relocalization_body to map to become available, tf error: Invalid frame ID "map" passed to canTransform argument target_frame - frame does not exist
[controller_server-1] [INFO] [1783571126.098005388] [local_costmap.local_costmap]: Timed out waiting for transform from relocalization_body to map to become available, tf error: Invalid frame ID "map" passed to canTransform argument target_frame - frame does not exist
[controller_server-1] [INFO] [1783571126.598007956] [local_costmap.local_costmap]: Timed out waiting for transform from relocalization_body to map to become available, tf error: Invalid frame ID "map" passed to canTransform argument target_frame - frame does not exist
[controller_server-1] [INFO] [1783571127.098010876] [local_costmap.local_costmap]: Timed out waiting for transform from relocalization_body to map to become available, tf error: Invalid frame ID "map" passed to canTransform argument target_frame - frame does not exist
[controller_server-1] [INFO] [1783571127.598006883] [local_costmap.local_costmap]: Timed out waiting for transform from relocalization_body to map to become available, tf error: Invalid frame ID "map" passed to canTransform argument target_frame - frame does not exist
[controller_server-1] [INFO] [1783571128.098010315] [local_costmap.local_costmap]: Timed out waiting for transform from relocalization_body to map to become available, tf error: Invalid frame ID "map" passed to canTransform argument target_frame - frame does not exist
[controller_server-1] [INFO] [1783571128.598013875] [local_costmap.local_costmap]: Timed out waiting for transform from relocalization_body to map to become available, tf error: Invalid frame ID "map" passed to canTransform argument target_frame - frame does not exist
[controller_server-1] [INFO] [1783571129.098011387] [local_costmap.local_costmap]: Timed out waiting for transform from relocalization_body to map to become available, tf error: Invalid frame ID "map" passed to canTransform argument target_frame - frame does not exist
[controller_server-1] [INFO] [1783571129.598002946] [local_costmap.local_costmap]: Timed out waiting for transform from relocalization_body to map to become available, tf error: Invalid frame ID "map" passed to canTransform argument target_frame - frame does not exist
[controller_server-1] [INFO] [1783571130.098012426] [local_costmap.local_costmap]: Timed out waiting for transform from relocalization_body to map to become available, tf error: Invalid frame ID "map" passed to canTransform argument target_frame - frame does not exist
[controller_server-1] [INFO] [1783571130.597974481] [local_costmap.local_costmap]: Timed out waiting for transform from relocalization_body to map to become available, tf error: Invalid frame ID "map" passed to canTransform argument target_frame - frame does not exist
[controller_server-1] [INFO] [1783571131.098003609] [local_costmap.local_costmap]: Timed out waiting for transform from relocalization_body to map to become available, tf error: Invalid frame ID "map" passed to canTransform argument target_frame - frame does not exist
[controller_server-1] [INFO] [1783571131.598005441] [local_costmap.local_costmap]: Timed out waiting for transform from relocalization_body to map to become available, tf error: Invalid frame ID "map" passed to canTransform argument target_frame - frame does not exist
[controller_server-1] [INFO] [1783571132.097978184] [local_costmap.local_costmap]: Timed out waiting for transform from relocalization_body to map to become available, tf error: Invalid frame ID "map" passed to canTransform argument target_frame - frame does not exist
[controller_server-1] [INFO] [1783571132.598010097] [local_costmap.local_costmap]: Timed out waiting for transform from relocalization_body to map to become available, tf error: Invalid frame ID "map" passed to canTransform argument target_frame - frame does not exist
[controller_server-1] [INFO] [1783571133.098008056] [local_costmap.local_costmap]: Timed out waiting for transform from relocalization_body to map to become available, tf error: Invalid frame ID "map" passed to canTransform argument target_frame - frame does not exist
[controller_server-1] [INFO] [1783571133.597970911] [local_costmap.local_costmap]: Timed out waiting for transform from relocalization_body to map to become available, tf error: Invalid frame ID "map" passed to canTransform argument target_frame - frame does not exist
[controller_server-1] [INFO] [1783571134.098011944] [local_costmap.local_costmap]: Timed out waiting for transform from relocalization_body to map to become available, tf error: Invalid frame ID "map" passed to canTransform argument target_frame - frame does not exist
[controller_server-1] [INFO] [1783571134.598011888] [local_costmap.local_costmap]: Timed out waiting for transform from relocalization_body to map to become available, tf error: Invalid frame ID "map" passed to canTransform argument target_frame - frame does not exist
[controller_server-1] [INFO] [1783571135.098005495] [local_costmap.local_costmap]: Timed out waiting for transform from relocalization_body to map to become available, tf error: Invalid frame ID "map" passed to canTransform argument target_frame - frame does not exist
[controller_server-1] [INFO] [1783571135.598009471] [local_costmap.local_costmap]: Timed out waiting for transform from relocalization_body to map to become available, tf error: Invalid frame ID "map" passed to canTransform argument target_frame - frame does not exist
[controller_server-1] [INFO] [1783571136.098013031] [local_costmap.local_costmap]: Timed out waiting for transform from relocalization_body to map to become available, tf error: Invalid frame ID "map" passed to canTransform argument target_frame - frame does not exist
[controller_server-1] [INFO] [1783571136.598010287] [local_costmap.local_costmap]: Timed out waiting for transform from relocalization_body to map to become available, tf error: Invalid frame ID "map" passed to canTransform argument target_frame - frame does not exist
[controller_server-1] [INFO] [1783571137.098011606] [local_costmap.local_costmap]: Timed out waiting for transform from relocalization_body to map to become available, tf error: Invalid frame ID "map" passed to canTransform argument target_frame - frame does not exist
[controller_server-1] [INFO] [1783571137.598013630] [local_costmap.local_costmap]: Timed out waiting for transform from relocalization_body to map to become available, tf error: Invalid frame ID "map" passed to canTransform argument target_frame - frame does not exist
[controller_server-1] [INFO] [1783571138.098005158] [local_costmap.local_costmap]: Timed out waiting for transform from relocalization_body to map to become available, tf error: Invalid frame ID "map" passed to canTransform argument target_frame - frame does not exist
[controller_server-1] [INFO] [1783571138.598009261] [local_costmap.local_costmap]: Timed out waiting for transform from relocalization_body to map to become available, tf error: Invalid frame ID "map" passed to canTransform argument target_frame - frame does not exist
[controller_server-1] [INFO] [1783571139.098009525] [local_costmap.local_costmap]: Timed out waiting for transform from relocalization_body to map to become available, tf error: Invalid frame ID "map" passed to canTransform argument target_frame - frame does not exist
[controller_server-1] [INFO] [1783571139.598006589] [local_costmap.local_costmap]: Timed out waiting for transform from relocalization_body to map to become available, tf error: Invalid frame ID "map" passed to canTransform argument target_frame - frame does not exist
[controller_server-1] [INFO] [1783571140.098005476] [local_costmap.local_costmap]: Timed out waiting for transform from relocalization_body to map to become available, tf error: Invalid frame ID "map" passed to canTransform argument target_frame - frame does not exist
[controller_server-1] [INFO] [1783571140.598009356] [local_costmap.local_costmap]: Timed out waiting for transform from relocalization_body to map to become available, tf error: Invalid frame ID "map" passed to canTransform argument target_frame - frame does not exist
[controller_server-1] [INFO] [1783571141.098017140] [local_costmap.local_costmap]: Timed out waiting for transform from relocalization_body to map to become available, tf error: Invalid frame ID "map" passed to canTransform argument target_frame - frame does not exist
[controller_server-1] [INFO] [1783571141.598019036] [local_costmap.local_costmap]: Timed out waiting for transform from relocalization_body to map to become available, tf error: Invalid frame ID "map" passed to canTransform argument target_frame - frame does not exist
[controller_server-1] [INFO] [1783571142.098014660] [local_costmap.local_costmap]: Timed out waiting for transform from relocalization_body to map to become available, tf error: Invalid frame ID "map" passed to canTransform argument target_frame - frame does not exist
[controller_server-1] [INFO] [1783571142.598011467] [local_costmap.local_costmap]: Timed out waiting for transform from relocalization_body to map to become available, tf error: Invalid frame ID "map" passed to canTransform argument target_frame - frame does not exist
[controller_server-1] [INFO] [1783571143.098009203] [local_costmap.local_costmap]: Timed out waiting for transform from relocalization_body to map to become available, tf error: Invalid frame ID "map" passed to canTransform argument target_frame - frame does not exist
[controller_server-1] [INFO] [1783571143.598007835] [local_costmap.local_costmap]: Timed out waiting for transform from relocalization_body to map to become available, tf error: Invalid frame ID "map" passed to canTransform argument target_frame - frame does not exist
[controller_server-1] [INFO] [1783571144.098004450] [local_costmap.local_costmap]: Timed out waiting for transform from relocalization_body to map to become available, tf error: Invalid frame ID "map" passed to canTransform argument target_frame - frame does not exist
[controller_server-1] [INFO] [1783571144.597971721] [local_costmap.local_costmap]: Timed out waiting for transform from relocalization_body to map to become available, tf error: Invalid frame ID "map" passed to canTransform argument target_frame - frame does not exist
[controller_server-1] [INFO] [1783571145.097978865] [local_costmap.local_costmap]: Timed out waiting for transform from relocalization_body to map to become available, tf error: Invalid frame ID "map" passed to canTransform argument target_frame - frame does not exist
[controller_server-1] [INFO] [1783571145.598014778] [local_costmap.local_costmap]: Timed out waiting for transform from relocalization_body to map to become available, tf error: Invalid frame ID "map" passed to canTransform argument target_frame - frame does not exist
[controller_server-1] [INFO] [1783571146.098024642] [local_costmap.local_costmap]: Timed out waiting for transform from relocalization_body to map to become available, tf error: Invalid frame ID "map" passed to canTransform argument target_frame - frame does not exist
[controller_server-1] [INFO] [1783571146.598007529] [local_costmap.local_costmap]: Timed out waiting for transform from relocalization_body to map to become available, tf error: Invalid frame ID "map" passed to canTransform argument target_frame - frame does not exist
[controller_server-1] [INFO] [1783571147.097987824] [local_costmap.local_costmap]: Timed out waiting for transform from relocalization_body to map to become available, tf error: Invalid frame ID "map" passed to canTransform argument target_frame - frame does not exist
[controller_server-1] [INFO] [1783571147.598013337] [local_costmap.local_costmap]: Timed out waiting for transform from relocalization_body to map to become available, tf error: Invalid frame ID "map" passed to canTransform argument target_frame - frame does not exist
[controller_server-1] [INFO] [1783571148.098008640] [local_costmap.local_costmap]: Timed out waiting for transform from relocalization_body to map to become available, tf error: Invalid frame ID "map" passed to canTransform argument target_frame - frame does not exist
[controller_server-1] [INFO] [1783571148.598016840] [local_costmap.local_costmap]: Timed out waiting for transform from relocalization_body to map to become available, tf error: Invalid frame ID "map" passed to canTransform argument target_frame - frame does not exist
[controller_server-1] [INFO] [1783571149.098007824] [local_costmap.local_costmap]: Timed out waiting for transform from relocalization_body to map to become available, tf error: Invalid frame ID "map" passed to canTransform argument target_frame - frame does not exist
[controller_server-1] [INFO] [1783571149.598008631] [local_costmap.local_costmap]: Timed out waiting for transform from relocalization_body to map to become available, tf error: Invalid frame ID "map" passed to canTransform argument target_frame - frame does not exist
[controller_server-1] [INFO] [1783571150.098006623] [local_costmap.local_costmap]: Timed out waiting for transform from relocalization_body to map to become available, tf error: Invalid frame ID "map" passed to canTransform argument target_frame - frame does not exist
[controller_server-1] [INFO] [1783571150.598012935] [local_costmap.local_costmap]: Timed out waiting for transform from relocalization_body to map to become available, tf error: Invalid frame ID "map" passed to canTransform argument target_frame - frame does not exist
[controller_server-1] [INFO] [1783571151.098015247] [local_costmap.local_costmap]: Timed out waiting for transform from relocalization_body to map to become available, tf error: Invalid frame ID "map" passed to canTransform argument target_frame - frame does not exist
[controller_server-1] [INFO] [1783571151.598013110] [local_costmap.local_costmap]: Timed out waiting for transform from relocalization_body to map to become available, tf error: Invalid frame ID "map" passed to canTransform argument target_frame - frame does not exist
[controller_server-1] [INFO] [1783571152.098015070] [local_costmap.local_costmap]: Timed out waiting for transform from relocalization_body to map to become available, tf error: Invalid frame ID "map" passed to canTransform argument target_frame - frame does not exist
[controller_server-1] [INFO] [1783571152.598013094] [local_costmap.local_costmap]: Timed out waiting for transform from relocalization_body to map to become available, tf error: Invalid frame ID "map" passed to canTransform argument target_frame - frame does not exist
[controller_server-1] [INFO] [1783571153.098001229] [local_costmap.local_costmap]: Timed out waiting for transform from relocalization_body to map to become available, tf error: Invalid frame ID "map" passed to canTransform argument target_frame - frame does not exist
[controller_server-1] [INFO] [1783571153.597979956] [local_costmap.local_costmap]: Timed out waiting for transform from relocalization_body to map to become available, tf error: Invalid frame ID "map" passed to canTransform argument target_frame - frame does not exist
[controller_server-1] [INFO] [1783571154.098004541] [local_costmap.local_costmap]: Timed out waiting for transform from relocalization_body to map to become available, tf error: Invalid frame ID "map" passed to canTransform argument target_frame - frame does not exist
[controller_server-1] [INFO] [1783571154.598011301] [local_costmap.local_costmap]: Timed out waiting for transform from relocalization_body to map to become available, tf error: Invalid frame ID "map" passed to canTransform argument target_frame - frame does not exist
[controller_server-1] [INFO] [1783571155.098737413] [local_costmap.local_costmap]: Timed out waiting for transform from relocalization_body to map to become available, tf error: Invalid frame ID "map" passed to canTransform argument target_frame - frame does not exist
[controller_server-1] [INFO] [1783571155.598004308] [local_costmap.local_costmap]: Timed out waiting for transform from relocalization_body to map to become available, tf error: Invalid frame ID "map" passed to canTransform argument target_frame - frame does not exist
[controller_server-1] [INFO] [1783571156.098020412] [local_costmap.local_costmap]: Timed out waiting for transform from relocalization_body to map to become available, tf error: Invalid frame ID "map" passed to canTransform argument target_frame - frame does not exist
[controller_server-1] [INFO] [1783571156.597996867] [local_costmap.local_costmap]: Timed out waiting for transform from relocalization_body to map to become available, tf error: Invalid frame ID "map" passed to canTransform argument target_frame - frame does not exist
[controller_server-1] [INFO] [1783571157.098007915] [local_costmap.local_costmap]: Timed out waiting for transform from relocalization_body to map to become available, tf error: Invalid frame ID "map" passed to canTransform argument target_frame - frame does not exist
[controller_server-1] [INFO] [1783571157.598013075] [local_costmap.local_costmap]: Timed out waiting for transform from relocalization_body to map to become available, tf error: Invalid frame ID "map" passed to canTransform argument target_frame - frame does not exist
[controller_server-1] [INFO] [1783571158.098012731] [local_costmap.local_costmap]: Timed out waiting for transform from relocalization_body to map to become available, tf error: Invalid frame ID "map" passed to canTransform argument target_frame - frame does not exist
[controller_server-1] [INFO] [1783571158.598008450] [local_costmap.local_costmap]: Timed out waiting for transform from relocalization_body to map to become available, tf error: Invalid frame ID "map" passed to canTransform argument target_frame - frame does not exist
[controller_server-1] [INFO] [1783571159.097979529] [local_costmap.local_costmap]: Timed out waiting for transform from relocalization_body to map to become available, tf error: Invalid frame ID "map" passed to canTransform argument target_frame - frame does not exist
[controller_server-1] [INFO] [1783571159.598005330] [local_costmap.local_costmap]: Timed out waiting for transform from relocalization_body to map to become available, tf error: Invalid frame ID "map" passed to canTransform argument target_frame - frame does not exist
[controller_server-1] [INFO] [1783571160.098012666] [local_costmap.local_costmap]: Timed out waiting for transform from relocalization_body to map to become available, tf error: Invalid frame ID "map" passed to canTransform argument target_frame - frame does not exist
[controller_server-1] [INFO] [1783571160.598010337] [local_costmap.local_costmap]: Timed out waiting for transform from relocalization_body to map to become available, tf error: Invalid frame ID "map" passed to canTransform argument target_frame - frame does not exist
[controller_server-1] [INFO] [1783571161.097974184] [local_costmap.local_costmap]: Timed out waiting for transform from relocalization_body to map to become available, tf error: Invalid frame ID "map" passed to canTransform argument target_frame - frame does not exist
[controller_server-1] [INFO] [1783571161.597991088] [local_costmap.local_costmap]: Timed out waiting for transform from relocalization_body to map to become available, tf error: Invalid frame ID "map" passed to canTransform argument target_frame - frame does not exist
[controller_server-1] [INFO] [1783571162.098016601] [local_costmap.local_costmap]: Timed out waiting for transform from relocalization_body to map to become available, tf error: Invalid frame ID "map" passed to canTransform argument target_frame - frame does not exist
[controller_server-1] [INFO] [1783571162.598011008] [local_costmap.local_costmap]: Timed out waiting for transform from relocalization_body to map to become available, tf error: Invalid frame ID "map" passed to canTransform argument target_frame - frame does not exist
[controller_server-1] [INFO] [1783571163.098011848] [local_costmap.local_costmap]: Timed out waiting for transform from relocalization_body to map to become available, tf error: Invalid frame ID "map" passed to canTransform argument target_frame - frame does not exist
[controller_server-1] [INFO] [1783571163.597962702] [local_costmap.local_costmap]: Timed out waiting for transform from relocalization_body to map to become available, tf error: Invalid frame ID "map" passed to canTransform argument target_frame - frame does not exist
[controller_server-1] [INFO] [1783571164.097966582] [local_costmap.local_costmap]: Timed out waiting for transform from relocalization_body to map to become available, tf error: Invalid frame ID "map" passed to canTransform argument target_frame - frame does not exist
[controller_server-1] [INFO] [1783571164.597979070] [local_costmap.local_costmap]: Timed out waiting for transform from relocalization_body to map to become available, tf error: Invalid frame ID "map" passed to canTransform argument target_frame - frame does not exist
[controller_server-1] [INFO] [1783571165.097969030] [local_costmap.local_costmap]: Timed out waiting for transform from relocalization_body to map to become available, tf error: Invalid frame ID "map" passed to canTransform argument target_frame - frame does not exist
[controller_server-1] [INFO] [1783571165.598009583] [local_costmap.local_costmap]: Timed out waiting for transform from relocalization_body to map to become available, tf error: Invalid frame ID "map" passed to canTransform argument target_frame - frame does not exist
[controller_server-1] [INFO] [1783571166.098000950] [local_costmap.local_costmap]: Timed out waiting for transform from relocalization_body to map to become available, tf error: Invalid frame ID "map" passed to canTransform argument target_frame - frame does not exist
[controller_server-1] [INFO] [1783571166.598010878] [local_costmap.local_costmap]: Timed out waiting for transform from relocalization_body to map to become available, tf error: Invalid frame ID "map" passed to canTransform argument target_frame - frame does not exist
[controller_server-1] [INFO] [1783571167.097981317] [local_costmap.local_costmap]: Timed out waiting for transform from relocalization_body to map to become available, tf error: Invalid frame ID "map" passed to canTransform argument target_frame - frame does not exist
[controller_server-1] [INFO] [1783571167.598012718] [local_costmap.local_costmap]: Timed out waiting for transform from relocalization_body to map to become available, tf error: Invalid frame ID "map" passed to canTransform argument target_frame - frame does not exist
[controller_server-1] [INFO] [1783571168.098009877] [local_costmap.local_costmap]: Timed out waiting for transform from relocalization_body to map to become available, tf error: Invalid frame ID "map" passed to canTransform argument target_frame - frame does not exist
[controller_server-1] [INFO] [1783571168.598016445] [local_costmap.local_costmap]: Timed out waiting for transform from relocalization_body to map to become available, tf error: Invalid frame ID "map" passed to canTransform argument target_frame - frame does not exist
[controller_server-1] [INFO] [1783571169.098014245] [local_costmap.local_costmap]: Timed out waiting for transform from relocalization_body to map to become available, tf error: Invalid frame ID "map" passed to canTransform argument target_frame - frame does not exist
[controller_server-1] [INFO] [1783571169.598012653] [local_costmap.local_costmap]: Timed out waiting for transform from relocalization_body to map to become available, tf error: Invalid frame ID "map" passed to canTransform argument target_frame - frame does not exist
[controller_server-1] [INFO] [1783571170.098010996] [local_costmap.local_costmap]: Timed out waiting for transform from relocalization_body to map to become available, tf error: Invalid frame ID "map" passed to canTransform argument target_frame - frame does not exist
[controller_server-1] [INFO] [1783571170.598004028] [local_costmap.local_costmap]: Timed out waiting for transform from relocalization_body to map to become available, tf error: Invalid frame ID "map" passed to canTransform argument target_frame - frame does not exist
[controller_server-1] [INFO] [1783571171.098011652] [local_costmap.local_costmap]: Timed out waiting for transform from relocalization_body to map to become available, tf error: Invalid frame ID "map" passed to canTransform argument target_frame - frame does not exist
[controller_server-1] [INFO] [1783571171.598000523] [local_costmap.local_costmap]: Timed out waiting for transform from relocalization_body to map to become available, tf error: Invalid frame ID "map" passed to canTransform argument target_frame - frame does not exist
[controller_server-1] [INFO] [1783571172.098011379] [local_costmap.local_costmap]: Timed out waiting for transform from relocalization_body to map to become available, tf error: Invalid frame ID "map" passed to canTransform argument target_frame - frame does not exist
[controller_server-1] [INFO] [1783571172.598009339] [local_costmap.local_costmap]: Timed out waiting for transform from relocalization_body to map to become available, tf error: Invalid frame ID "map" passed to canTransform argument target_frame - frame does not exist
[controller_server-1] [INFO] [1783571173.098011715] [local_costmap.local_costmap]: Timed out waiting for transform from relocalization_body to map to become available, tf error: Invalid frame ID "map" passed to canTransform argument target_frame - frame does not exist
[controller_server-1] [INFO] [1783571173.598011530] [local_costmap.local_costmap]: Timed out waiting for transform from relocalization_body to map to become available, tf error: Invalid frame ID "map" passed to canTransform argument target_frame - frame does not exist
[controller_server-1] [INFO] [1783571174.098010994] [local_costmap.local_costmap]: Timed out waiting for transform from relocalization_body to map to become available, tf error: Invalid frame ID "map" passed to canTransform argument target_frame - frame does not exist
[controller_server-1] [INFO] [1783571174.597992697] [local_costmap.local_costmap]: Timed out waiting for transform from relocalization_body to map to become available, tf error: Invalid frame ID "map" passed to canTransform argument target_frame - frame does not exist
[controller_server-1] [INFO] [1783571175.098004833] [local_costmap.local_costmap]: Timed out waiting for transform from relocalization_body to map to become available, tf error: Invalid frame ID "map" passed to canTransform argument target_frame - frame does not exist
[controller_server-1] [INFO] [1783571175.598008073] [local_costmap.local_costmap]: Timed out waiting for transform from relocalization_body to map to become available, tf error: Invalid frame ID "map" passed to canTransform argument target_frame - frame does not exist
[controller_server-1] [INFO] [1783571176.098011409] [local_costmap.local_costmap]: Timed out waiting for transform from relocalization_body to map to become available, tf error: Invalid frame ID "map" passed to canTransform argument target_frame - frame does not exist
[controller_server-1] [INFO] [1783571176.598009753] [local_costmap.local_costmap]: Timed out waiting for transform from relocalization_body to map to become available, tf error: Invalid frame ID "map" passed to canTransform argument target_frame - frame does not exist
[controller_server-1] [INFO] [1783571177.097970399] [local_costmap.local_costmap]: Timed out waiting for transform from relocalization_body to map to become available, tf error: Invalid frame ID "map" passed to canTransform argument target_frame - frame does not exist
[controller_server-1] [INFO] [1783571177.598011560] [local_costmap.local_costmap]: Timed out waiting for transform from relocalization_body to map to become available, tf error: Invalid frame ID "map" passed to canTransform argument target_frame - frame does not exist
[controller_server-1] [INFO] [1783571178.098010512] [local_costmap.local_costmap]: Timed out waiting for transform from relocalization_body to map to become available, tf error: Invalid frame ID "map" passed to canTransform argument target_frame - frame does not exist
[controller_server-1] [INFO] [1783571178.598006839] [local_costmap.local_costmap]: Timed out waiting for transform from relocalization_body to map to become available, tf error: Invalid frame ID "map" passed to canTransform argument target_frame - frame does not exist
[controller_server-1] [INFO] [1783571179.098007935] [local_costmap.local_costmap]: Timed out waiting for transform from relocalization_body to map to become available, tf error: Invalid frame ID "map" passed to canTransform argument target_frame - frame does not exist
[controller_server-1] [INFO] [1783571179.598004007] [local_costmap.local_costmap]: Timed out waiting for transform from relocalization_body to map to become available, tf error: Invalid frame ID "map" passed to canTransform argument target_frame - frame does not exist
[controller_server-1] [INFO] [1783571180.098009071] [local_costmap.local_costmap]: Timed out waiting for transform from relocalization_body to map to become available, tf error: Invalid frame ID "map" passed to canTransform argument target_frame - frame does not exist
[controller_server-1] [INFO] [1783571180.598008534] [local_costmap.local_costmap]: Timed out waiting for transform from relocalization_body to map to become available, tf error: Invalid frame ID "map" passed to canTransform argument target_frame - frame does not exist
