[INFO] [1786512968.550560610] [map_odom_tf_bridge_cpp]: bridging /relocalization_pose and /odom into map->odom at 10.0 Hz and publishing direct map->base_link on /nav_tf; reset_topic=/initialpose_relay; localization->base xyz=(-0.1153,0.4681,-0.5922) rpy=(0.00709,-0.80175,1.57080)
[WARN] [1786512968.650731968] [map_odom_tf_bridge_cpp]: waiting for fresh /relocalization_pose and /odom
[WARN] [1786512970.650757837] [map_odom_tf_bridge_cpp]: waiting for fresh /relocalization_pose and /odom
[WARN] [1786512972.650814652] [map_odom_tf_bridge_cpp]: waiting for fresh /relocalization_pose and /odom
[WARN] [1786512974.650921037] [map_odom_tf_bridge_cpp]: waiting for fresh /relocalization_pose and /odom
[WARN] [1786512976.650970236] [map_odom_tf_bridge_cpp]: waiting for fresh /relocalization_pose and /odom
[WARN] [1786512978.651061484] [map_odom_tf_bridge_cpp]: waiting for fresh /relocalization_pose and /odom
[WARN] [1786512980.651084762] [map_odom_tf_bridge_cpp]: waiting for fresh /relocalization_pose and /odom
[WARN] [1786512982.651222380] [map_odom_tf_bridge_cpp]: waiting for fresh /relocalization_pose and /odom
[WARN] [1786512984.651265530] [map_odom_tf_bridge_cpp]: waiting for fresh /relocalization_pose and /odom
[WARN] [1786512986.651731512] [map_odom_tf_bridge_cpp]: waiting for fresh /relocalization_pose and /odom
[WARN] [1786512988.751431217] [map_odom_tf_bridge_cpp]: waiting for fresh /relocalization_pose and /odom
[WARN] [1786512990.751486848] [map_odom_tf_bridge_cpp]: waiting for fresh /relocalization_pose and /odom
[WARN] [1786512992.751592721] [map_odom_tf_bridge_cpp]: waiting for fresh /relocalization_pose and /odom
[WARN] [1786512994.751666177] [map_odom_tf_bridge_cpp]: waiting for fresh /relocalization_pose and /odom
[WARN] [1786512996.751714127] [map_odom_tf_bridge_cpp]: waiting for fresh /relocalization_pose and /odom
[WARN] [1786512998.751756158] [map_odom_tf_bridge_cpp]: waiting for fresh /relocalization_pose and /odom
[WARN] [1786513000.751881999] [map_odom_tf_bridge_cpp]: waiting for fresh /relocalization_pose and /odom
[WARN] [1786513002.751934718] [map_odom_tf_bridge_cpp]: waiting for fresh /relocalization_pose and /odom
[WARN] [1786513004.751989357] [map_odom_tf_bridge_cpp]: waiting for fresh /relocalization_pose and /odom
[WARN] [1786513006.752068445] [map_odom_tf_bridge_cpp]: waiting for fresh /relocalization_pose and /odom
[WARN] [1786513008.752134188] [map_odom_tf_bridge_cpp]: waiting for fresh /relocalization_pose and /odom
[WARN] [1786513010.752193723] [map_odom_tf_bridge_cpp]: waiting for fresh /relocalization_pose and /odom
[WARN] [1786513012.752285451] [map_odom_tf_bridge_cpp]: waiting for fresh /relocalization_pose and /odom
[WARN] [1786513014.752346683] [map_odom_tf_bridge_cpp]: waiting for fresh /relocalization_pose and /odom
[WARN] [1786513016.752445547] [map_odom_tf_bridge_cpp]: waiting for fresh /relocalization_pose and /odom
[WARN] [1786513018.752499674] [map_odom_tf_bridge_cpp]: waiting for fresh /relocalization_pose and /odom
[WARN] [1786513020.752559849] [map_odom_tf_bridge_cpp]: waiting for fresh /relocalization_pose and /odom
[WARN] [1786513022.752642777] [map_odom_tf_bridge_cpp]: waiting for fresh /relocalization_pose and /odom
[WARN] [1786513024.752681671] [map_odom_tf_bridge_cpp]: waiting for fresh /relocalization_pose and /odom
[WARN] [1786513026.752817529] [map_odom_tf_bridge_cpp]: waiting for fresh /relocalization_pose and /odom
[WARN] [1786513028.752870312] [map_odom_tf_bridge_cpp]: waiting for fresh /relocalization_pose and /odom
[WARN] [1786513030.752954008] [map_odom_tf_bridge_cpp]: waiting for fresh /relocalization_pose and /odom
[WARN] [1786513032.753027976] [map_odom_tf_bridge_cpp]: waiting for fresh /relocalization_pose and /odom
[WARN] [1786513034.753076822] [map_odom_tf_bridge_cpp]: waiting for fresh /relocalization_pose and /odom
[WARN] [1786513036.753164230] [map_odom_tf_bridge_cpp]: waiting for fresh /relocalization_pose and /odom
[WARN] [1786513038.753251287] [map_odom_tf_bridge_cpp]: waiting for fresh /relocalization_pose and /odom
[WARN] [1786513040.753313926] [map_odom_tf_bridge_cpp]: waiting for fresh /relocalization_pose and /odom
[WARN] [1786513042.753361716] [map_odom_tf_bridge_cpp]: waiting for fresh /relocalization_pose and /odom
[WARN] [1786513044.753449189] [map_odom_tf_bridge_cpp]: waiting for fresh /relocalization_pose and /odom
[WARN] [1786513046.753531700] [map_odom_tf_bridge_cpp]: waiting for fresh /relocalization_pose and /odom
[WARN] [1786513048.753608420] [map_odom_tf_bridge_cpp]: waiting for fresh /relocalization_pose and /odom
[WARN] [1786513050.640241908] [map_odom_tf_bridge_cpp]: initial pose received on /initialpose_relay; cleared the old map->odom anchor
[INFO] [1786513050.653839586] [map_odom_tf_bridge_cpp]: updated map->odom from new localization pose (odom dt=0.001 s)
[WARN] [1786513050.827483121] [map_odom_tf_bridge_cpp]: initial pose received on /initialpose_relay; cleared the old map->odom anchor
[WARN] [1786513050.853784783] [map_odom_tf_bridge_cpp]: waiting for fresh /relocalization_pose and /odom
[WARN] [1786513052.853763707] [map_odom_tf_bridge_cpp]: waiting for fresh /relocalization_pose and /odom
[INFO] [1786513053.353832400] [map_odom_tf_bridge_cpp]: updated map->odom from new localization pose (odom dt=0.007 s)
[INFO] [1786513056.053886177] [map_odom_tf_bridge_cpp]: updated map->odom from new localization pose (odom dt=0.002 s)
[INFO] [1786513057.053963274] [map_odom_tf_bridge_cpp]: updated map->odom from new localization pose (odom dt=0.008 s)
[INFO] [1786513058.154080076] [map_odom_tf_bridge_cpp]: updated map->odom from new localization pose (odom dt=0.001 s)
[INFO] [1786513059.154312475] [map_odom_tf_bridge_cpp]: updated map->odom from new localization pose (odom dt=0.001 s)
[INFO] [1786513060.253993452] [map_odom_tf_bridge_cpp]: updated map->odom from new localization pose (odom dt=0.001 s)
[INFO] [1786513061.254159321] [map_odom_tf_bridge_cpp]: updated map->odom from new localization pose (odom dt=0.001 s)
[INFO] [1786513062.354120981] [map_odom_tf_bridge_cpp]: updated map->odom from new localization pose (odom dt=0.001 s)
[INFO] [1786513063.354270305] [map_odom_tf_bridge_cpp]: updated map->odom from new localization pose (odom dt=0.001 s)
[INFO] [1786513064.454335745] [map_odom_tf_bridge_cpp]: updated map->odom from new localization pose (odom dt=0.001 s)
[INFO] [1786513065.554243195] [map_odom_tf_bridge_cpp]: updated map->odom from new localization pose (odom dt=0.000 s)
[INFO] [1786513066.554264802] [map_odom_tf_bridge_cpp]: updated map->odom from new localization pose (odom dt=0.001 s)
[INFO] [1786513067.554340587] [map_odom_tf_bridge_cpp]: updated map->odom from new localization pose (odom dt=0.001 s)
[INFO] [1786513068.754315007] [map_odom_tf_bridge_cpp]: updated map->odom from new localization pose (odom dt=0.001 s)
[INFO] [1786513069.754390728] [map_odom_tf_bridge_cpp]: updated map->odom from new localization pose (odom dt=0.001 s)
[INFO] [1786513070.754784125] [map_odom_tf_bridge_cpp]: updated map->odom from new localization pose (odom dt=0.001 s)
[INFO] [1786513071.954541801] [map_odom_tf_bridge_cpp]: updated map->odom from new localization pose (odom dt=0.002 s)
[INFO] [1786513072.954577553] [map_odom_tf_bridge_cpp]: updated map->odom from new localization pose (odom dt=0.001 s)
[INFO] [1786513074.054557005] [map_odom_tf_bridge_cpp]: updated map->odom from new localization pose (odom dt=0.000 s)
[INFO] [1786513075.154583916] [map_odom_tf_bridge_cpp]: updated map->odom from new localization pose (odom dt=0.001 s)
[INFO] [1786513076.154594003] [map_odom_tf_bridge_cpp]: updated map->odom from new localization pose (odom dt=0.001 s)
[INFO] [1786513077.254709108] [map_odom_tf_bridge_cpp]: updated map->odom from new localization pose (odom dt=0.001 s)
[INFO] [1786513078.254737948] [map_odom_tf_bridge_cpp]: updated map->odom from new localization pose (odom dt=0.001 s)
[INFO] [1786513079.354787387] [map_odom_tf_bridge_cpp]: updated map->odom from new localization pose (odom dt=0.001 s)
[INFO] [1786513080.354860012] [map_odom_tf_bridge_cpp]: updated map->odom from new localization pose (odom dt=0.001 s)
[INFO] [1786513081.454805839] [map_odom_tf_bridge_cpp]: updated map->odom from new localization pose (odom dt=0.001 s)
[INFO] [1786513082.454881197] [map_odom_tf_bridge_cpp]: updated map->odom from new localization pose (odom dt=0.001 s)
[INFO] [1786513083.454888041] [map_odom_tf_bridge_cpp]: updated map->odom from new localization pose (odom dt=0.001 s)
[INFO] [1786513084.554967472] [map_odom_tf_bridge_cpp]: updated map->odom from new localization pose (odom dt=0.001 s)
[INFO] [1786513085.655020183] [map_odom_tf_bridge_cpp]: updated map->odom from new localization pose (odom dt=0.001 s)
[INFO] [1786513086.655029715] [map_odom_tf_bridge_cpp]: updated map->odom from new localization pose (odom dt=0.001 s)
[INFO] [1786513087.655085872] [map_odom_tf_bridge_cpp]: updated map->odom from new localization pose (odom dt=0.001 s)
[INFO] [1786513088.755110166] [map_odom_tf_bridge_cpp]: updated map->odom from new localization pose (odom dt=0.001 s)
[INFO] [1786513089.755156371] [map_odom_tf_bridge_cpp]: updated map->odom from new localization pose (odom dt=0.001 s)
[INFO] [1786513090.955206146] [map_odom_tf_bridge_cpp]: updated map->odom from new localization pose (odom dt=0.002 s)
[INFO] [1786513092.055204551] [map_odom_tf_bridge_cpp]: updated map->odom from new localization pose (odom dt=0.001 s)
[INFO] [1786513093.055286597] [map_odom_tf_bridge_cpp]: updated map->odom from new localization pose (odom dt=0.002 s)
[INFO] [1786513094.155313387] [map_odom_tf_bridge_cpp]: updated map->odom from new localization pose (odom dt=0.001 s)
[INFO] [1786513095.155344840] [map_odom_tf_bridge_cpp]: updated map->odom from new localization pose (odom dt=0.001 s)
[INFO] [1786513096.255323339] [map_odom_tf_bridge_cpp]: updated map->odom from new localization pose (odom dt=0.001 s)
[INFO] [1786513097.255394890] [map_odom_tf_bridge_cpp]: updated map->odom from new localization pose (odom dt=0.001 s)
[INFO] [1786513098.355477137] [map_odom_tf_bridge_cpp]: updated map->odom from new localization pose (odom dt=0.000 s)
[INFO] [1786513099.355513998] [map_odom_tf_bridge_cpp]: updated map->odom from new localization pose (odom dt=0.001 s)
[INFO] [1786513100.355553515] [map_odom_tf_bridge_cpp]: updated map->odom from new localization pose (odom dt=0.001 s)
[INFO] [1786513101.355578983] [map_odom_tf_bridge_cpp]: updated map->odom from new localization pose (odom dt=0.001 s)
[INFO] [1786513102.355634949] [map_odom_tf_bridge_cpp]: updated map->odom from new localization pose (odom dt=0.001 s)
[INFO] [1786513103.455651498] [map_odom_tf_bridge_cpp]: updated map->odom from new localization pose (odom dt=0.002 s)
[INFO] [1786513104.655706394] [map_odom_tf_bridge_cpp]: updated map->odom from new localization pose (odom dt=0.001 s)
[INFO] [1786513105.655723798] [map_odom_tf_bridge_cpp]: updated map->odom from new localization pose (odom dt=0.001 s)
[INFO] [1786513106.655777139] [map_odom_tf_bridge_cpp]: updated map->odom from new localization pose (odom dt=0.001 s)
[INFO] [1786513107.655832401] [map_odom_tf_bridge_cpp]: updated map->odom from new localization pose (odom dt=0.001 s)
[INFO] [1786513108.655866574] [map_odom_tf_bridge_cpp]: updated map->odom from new localization pose (odom dt=0.001 s)
[INFO] [1786513109.655885162] [map_odom_tf_bridge_cpp]: updated map->odom from new localization pose (odom dt=0.001 s)
[INFO] [1786513110.755937360] [map_odom_tf_bridge_cpp]: updated map->odom from new localization pose (odom dt=0.001 s)
[INFO] [1786513111.855982295] [map_odom_tf_bridge_cpp]: updated map->odom from new localization pose (odom dt=0.001 s)
[INFO] [1786513112.855996243] [map_odom_tf_bridge_cpp]: updated map->odom from new localization pose (odom dt=0.001 s)
[INFO] [1786513113.856066321] [map_odom_tf_bridge_cpp]: updated map->odom from new localization pose (odom dt=0.001 s)
[INFO] [1786513115.056100608] [map_odom_tf_bridge_cpp]: updated map->odom from new localization pose (odom dt=0.001 s)
[INFO] [1786513116.056118396] [map_odom_tf_bridge_cpp]: updated map->odom from new localization pose (odom dt=0.001 s)
[INFO] [1786513117.156158562] [map_odom_tf_bridge_cpp]: updated map->odom from new localization pose (odom dt=0.001 s)
[INFO] [1786513118.156166910] [map_odom_tf_bridge_cpp]: updated map->odom from new localization pose (odom dt=0.001 s)
[INFO] [1786513119.156239996] [map_odom_tf_bridge_cpp]: updated map->odom from new localization pose (odom dt=0.001 s)
[INFO] [1786513120.356250666] [map_odom_tf_bridge_cpp]: updated map->odom from new localization pose (odom dt=0.001 s)
[INFO] [1786513121.456281872] [map_odom_tf_bridge_cpp]: updated map->odom from new localization pose (odom dt=0.001 s)
[INFO] [1786513122.456319725] [map_odom_tf_bridge_cpp]: updated map->odom from new localization pose (odom dt=0.001 s)
[INFO] [1786513123.456447469] [map_odom_tf_bridge_cpp]: updated map->odom from new localization pose (odom dt=0.001 s)
[INFO] [1786513124.556404496] [map_odom_tf_bridge_cpp]: updated map->odom from new localization pose (odom dt=0.001 s)
[INFO] [1786513125.656560570] [map_odom_tf_bridge_cpp]: updated map->odom from new localization pose (odom dt=0.001 s)
[INFO] [1786513126.756736197] [map_odom_tf_bridge_cpp]: updated map->odom from new localization pose (odom dt=0.001 s)
[INFO] [1786513127.856548547] [map_odom_tf_bridge_cpp]: updated map->odom from new localization pose (odom dt=0.001 s)
[INFO] [1786513128.856576511] [map_odom_tf_bridge_cpp]: updated map->odom from new localization pose (odom dt=0.001 s)
[INFO] [1786513129.956647143] [map_odom_tf_bridge_cpp]: updated map->odom from new localization pose (odom dt=0.001 s)
[INFO] [1786513131.056682861] [map_odom_tf_bridge_cpp]: updated map->odom from new localization pose (odom dt=0.008 s)
[INFO] [1786513132.156722611] [map_odom_tf_bridge_cpp]: updated map->odom from new localization pose (odom dt=0.001 s)
[INFO] [1786513133.156750799] [map_odom_tf_bridge_cpp]: updated map->odom from new localization pose (odom dt=0.001 s)
[INFO] [1786513134.256752308] [map_odom_tf_bridge_cpp]: updated map->odom from new localization pose (odom dt=0.001 s)
[INFO] [1786513135.256803665] [map_odom_tf_bridge_cpp]: updated map->odom from new localization pose (odom dt=0.001 s)
[INFO] [1786513136.256882096] [map_odom_tf_bridge_cpp]: updated map->odom from new localization pose (odom dt=0.001 s)
[INFO] [1786513137.256904780] [map_odom_tf_bridge_cpp]: updated map->odom from new localization pose (odom dt=0.001 s)
[INFO] [1786513138.356943474] [map_odom_tf_bridge_cpp]: updated map->odom from new localization pose (odom dt=0.001 s)
[INFO] [1786513139.356965838] [map_odom_tf_bridge_cpp]: updated map->odom from new localization pose (odom dt=0.001 s)
[INFO] [1786513140.357097134] [map_odom_tf_bridge_cpp]: updated map->odom from new localization pose (odom dt=0.001 s)
[INFO] [1786513141.457117428] [map_odom_tf_bridge_cpp]: updated map->odom from new localization pose (odom dt=0.001 s)
[INFO] [1786513142.657092545] [map_odom_tf_bridge_cpp]: updated map->odom from new localization pose (odom dt=0.001 s)
[INFO] [1786513143.657136542] [map_odom_tf_bridge_cpp]: updated map->odom from new localization pose (odom dt=0.001 s)
[INFO] [1786513144.757175588] [map_odom_tf_bridge_cpp]: updated map->odom from new localization pose (odom dt=0.001 s)
[INFO] [1786513145.757215073] [map_odom_tf_bridge_cpp]: updated map->odom from new localization pose (odom dt=0.001 s)
[INFO] [1786513146.857253863] [map_odom_tf_bridge_cpp]: updated map->odom from new localization pose (odom dt=0.001 s)
[INFO] [1786513147.857317637] [map_odom_tf_bridge_cpp]: updated map->odom from new localization pose (odom dt=0.001 s)
[INFO] [1786513148.957326538] [map_odom_tf_bridge_cpp]: updated map->odom from new localization pose (odom dt=0.001 s)
[INFO] [1786513149.957354726] [map_odom_tf_bridge_cpp]: updated map->odom from new localization pose (odom dt=0.001 s)
[INFO] [1786513151.057448654] [map_odom_tf_bridge_cpp]: updated map->odom from new localization pose (odom dt=0.005 s)
[INFO] [1786513152.059023203] [map_odom_tf_bridge_cpp]: updated map->odom from new localization pose (odom dt=0.001 s)
[INFO] [1786513153.257481113] [map_odom_tf_bridge_cpp]: updated map->odom from new localization pose (odom dt=0.001 s)
[INFO] [1786513154.357515486] [map_odom_tf_bridge_cpp]: updated map->odom from new localization pose (odom dt=0.001 s)
[INFO] [1786513155.457553636] [map_odom_tf_bridge_cpp]: updated map->odom from new localization pose (odom dt=0.001 s)
[INFO] [1786513156.457589313] [map_odom_tf_bridge_cpp]: updated map->odom from new localization pose (odom dt=0.001 s)
[INFO] [1786513157.457617374] [map_odom_tf_bridge_cpp]: updated map->odom from new localization pose (odom dt=0.001 s)
[INFO] [1786513158.457798336] [map_odom_tf_bridge_cpp]: updated map->odom from new localization pose (odom dt=0.001 s)
[INFO] [1786513159.557709825] [map_odom_tf_bridge_cpp]: updated map->odom from new localization pose (odom dt=0.001 s)
[INFO] [1786513160.657730823] [map_odom_tf_bridge_cpp]: updated map->odom from new localization pose (odom dt=0.001 s)
[INFO] [1786513161.657759043] [map_odom_tf_bridge_cpp]: updated map->odom from new localization pose (odom dt=0.001 s)
[INFO] [1786513162.757816746] [map_odom_tf_bridge_cpp]: updated map->odom from new localization pose (odom dt=0.001 s)
[INFO] [1786513163.757859399] [map_odom_tf_bridge_cpp]: updated map->odom from new localization pose (odom dt=0.001 s)
[INFO] [1786513164.857911533] [map_odom_tf_bridge_cpp]: updated map->odom from new localization pose (odom dt=0.001 s)
[INFO] [1786513165.857941258] [map_odom_tf_bridge_cpp]: updated map->odom from new localization pose (odom dt=0.001 s)
[INFO] [1786513166.857972935] [map_odom_tf_bridge_cpp]: updated map->odom from new localization pose (odom dt=0.001 s)
[INFO] [1786513167.858026180] [map_odom_tf_bridge_cpp]: updated map->odom from new localization pose (odom dt=0.001 s)
[INFO] [1786513168.858054337] [map_odom_tf_bridge_cpp]: updated map->odom from new localization pose (odom dt=0.001 s)
[INFO] [1786513169.858067004] [map_odom_tf_bridge_cpp]: updated map->odom from new localization pose (odom dt=0.001 s)
[INFO] [1786513170.858112346] [map_odom_tf_bridge_cpp]: updated map->odom from new localization pose (odom dt=0.001 s)
[INFO] [1786513171.958178465] [map_odom_tf_bridge_cpp]: updated map->odom from new localization pose (odom dt=0.008 s)
[INFO] [1786513172.958206589] [map_odom_tf_bridge_cpp]: updated map->odom from new localization pose (odom dt=0.008 s)
[INFO] [1786513173.958260731] [map_odom_tf_bridge_cpp]: updated map->odom from new localization pose (odom dt=0.001 s)
[INFO] [1786513175.158276073] [map_odom_tf_bridge_cpp]: updated map->odom from new localization pose (odom dt=0.001 s)
[INFO] [1786513176.158307494] [map_odom_tf_bridge_cpp]: updated map->odom from new localization pose (odom dt=0.002 s)
[INFO] [1786513177.258363436] [map_odom_tf_bridge_cpp]: updated map->odom from new localization pose (odom dt=0.001 s)
[INFO] [1786513178.258387401] [map_odom_tf_bridge_cpp]: updated map->odom from new localization pose (odom dt=0.001 s)
[INFO] [1786513179.258415013] [map_odom_tf_bridge_cpp]: updated map->odom from new localization pose (odom dt=0.001 s)
[INFO] [1786513180.358462763] [map_odom_tf_bridge_cpp]: updated map->odom from new localization pose (odom dt=0.001 s)
[INFO] [1786513181.358543658] [map_odom_tf_bridge_cpp]: updated map->odom from new localization pose (odom dt=0.001 s)
[INFO] [1786513182.458631218] [map_odom_tf_bridge_cpp]: updated map->odom from new localization pose (odom dt=0.001 s)
[INFO] [1786513183.558572884] [map_odom_tf_bridge_cpp]: updated map->odom from new localization pose (odom dt=0.001 s)
[INFO] [1786513184.558659731] [map_odom_tf_bridge_cpp]: updated map->odom from new localization pose (odom dt=0.001 s)
[INFO] [1786513185.658760795] [map_odom_tf_bridge_cpp]: updated map->odom from new localization pose (odom dt=0.001 s)
[INFO] [1786513186.659048481] [map_odom_tf_bridge_cpp]: updated map->odom from new localization pose (odom dt=0.002 s)
[INFO] [1786513187.858766693] [map_odom_tf_bridge_cpp]: updated map->odom from new localization pose (odom dt=0.004 s)
[INFO] [1786513188.858788033] [map_odom_tf_bridge_cpp]: updated map->odom from new localization pose (odom dt=0.001 s)
[INFO] [1786513189.858842622] [map_odom_tf_bridge_cpp]: updated map->odom from new localization pose (odom dt=0.001 s)
[INFO] [1786513190.858854298] [map_odom_tf_bridge_cpp]: updated map->odom from new localization pose (odom dt=0.002 s)
[INFO] [1786513191.858887319] [map_odom_tf_bridge_cpp]: updated map->odom from new localization pose (odom dt=0.001 s)
[INFO] [1786513192.958929501] [map_odom_tf_bridge_cpp]: updated map->odom from new localization pose (odom dt=0.001 s)
[INFO] [1786513193.958994011] [map_odom_tf_bridge_cpp]: updated map->odom from new localization pose (odom dt=0.001 s)
[INFO] [1786513194.959071993] [map_odom_tf_bridge_cpp]: updated map->odom from new localization pose (odom dt=0.006 s)
[INFO] [1786513196.059076606] [map_odom_tf_bridge_cpp]: updated map->odom from new localization pose (odom dt=0.001 s)
[INFO] [1786513197.159080963] [map_odom_tf_bridge_cpp]: updated map->odom from new localization pose (odom dt=0.001 s)
[INFO] [1786513198.159143489] [map_odom_tf_bridge_cpp]: updated map->odom from new localization pose (odom dt=0.002 s)
[INFO] [1786513199.159155293] [map_odom_tf_bridge_cpp]: updated map->odom from new localization pose (odom dt=0.001 s)
[INFO] [1786513200.259226660] [map_odom_tf_bridge_cpp]: updated map->odom from new localization pose (odom dt=0.001 s)
[INFO] [1786513201.259247136] [map_odom_tf_bridge_cpp]: updated map->odom from new localization pose (odom dt=0.001 s)
[INFO] [1786513202.259285661] [map_odom_tf_bridge_cpp]: updated map->odom from new localization pose (odom dt=0.002 s)
[INFO] [1786513203.359466024] [map_odom_tf_bridge_cpp]: updated map->odom from new localization pose (odom dt=0.002 s)
[INFO] [1786513204.559348690] [map_odom_tf_bridge_cpp]: updated map->odom from new localization pose (odom dt=0.001 s)
[INFO] [1786513205.559382990] [map_odom_tf_bridge_cpp]: updated map->odom from new localization pose (odom dt=0.001 s)
[INFO] [1786513206.659441525] [map_odom_tf_bridge_cpp]: updated map->odom from new localization pose (odom dt=0.001 s)
[INFO] [1786513207.659472722] [map_odom_tf_bridge_cpp]: updated map->odom from new localization pose (odom dt=0.001 s)
[INFO] [1786513208.759802850] [map_odom_tf_bridge_cpp]: updated map->odom from new localization pose (odom dt=0.002 s)
[INFO] [1786513209.860091218] [map_odom_tf_bridge_cpp]: updated map->odom from new localization pose (odom dt=0.006 s)
[INFO] [1786513211.059588333] [map_odom_tf_bridge_cpp]: updated map->odom from new localization pose (odom dt=0.003 s)
[INFO] [1786513212.159730455] [map_odom_tf_bridge_cpp]: updated map->odom from new localization pose (odom dt=0.001 s)
[INFO] [1786513213.259647032] [map_odom_tf_bridge_cpp]: updated map->odom from new localization pose (odom dt=0.001 s)
[INFO] [1786513214.259751288] [map_odom_tf_bridge_cpp]: updated map->odom from new localization pose (odom dt=0.001 s)
[INFO] [1786513215.359732636] [map_odom_tf_bridge_cpp]: updated map->odom from new localization pose (odom dt=0.001 s)
[INFO] [1786513216.359778393] [map_odom_tf_bridge_cpp]: updated map->odom from new localization pose (odom dt=0.002 s)
[INFO] [1786513217.359831318] [map_odom_tf_bridge_cpp]: updated map->odom from new localization pose (odom dt=0.001 s)
[INFO] [1786513218.359893940] [map_odom_tf_bridge_cpp]: updated map->odom from new localization pose (odom dt=0.002 s)
[INFO] [1786513219.559934275] [map_odom_tf_bridge_cpp]: updated map->odom from new localization pose (odom dt=0.001 s)
[INFO] [1786513220.559956639] [map_odom_tf_bridge_cpp]: updated map->odom from new localization pose (odom dt=0.002 s)
[INFO] [1786513221.559979068] [map_odom_tf_bridge_cpp]: updated map->odom from new localization pose (odom dt=0.002 s)
[INFO] [1786513222.559997752] [map_odom_tf_bridge_cpp]: updated map->odom from new localization pose (odom dt=0.001 s)
[INFO] [1786513223.660166211] [map_odom_tf_bridge_cpp]: updated map->odom from new localization pose (odom dt=0.002 s)
[INFO] [1786513224.760395568] [map_odom_tf_bridge_cpp]: updated map->odom from new localization pose (odom dt=0.001 s)
[INFO] [1786513225.860168524] [map_odom_tf_bridge_cpp]: updated map->odom from new localization pose (odom dt=0.001 s)
[INFO] [1786513226.860191720] [map_odom_tf_bridge_cpp]: updated map->odom from new localization pose (odom dt=0.001 s)
[INFO] [1786513227.962129524] [map_odom_tf_bridge_cpp]: updated map->odom from new localization pose (odom dt=0.002 s)
[INFO] [1786513229.060328663] [map_odom_tf_bridge_cpp]: updated map->odom from new localization pose (odom dt=0.002 s)
[INFO] [1786513230.160386205] [map_odom_tf_bridge_cpp]: updated map->odom from new localization pose (odom dt=0.001 s)
[INFO] [1786513231.161255225] [map_odom_tf_bridge_cpp]: updated map->odom from new localization pose (odom dt=0.002 s)
[INFO] [1786513232.360279555] [map_odom_tf_bridge_cpp]: updated map->odom from new localization pose (odom dt=0.001 s)
[INFO] [1786513233.360377186] [map_odom_tf_bridge_cpp]: updated map->odom from new localization pose (odom dt=0.001 s)
[INFO] [1786513234.460471626] [map_odom_tf_bridge_cpp]: updated map->odom from new localization pose (odom dt=0.001 s)
[INFO] [1786513235.460477478] [map_odom_tf_bridge_cpp]: updated map->odom from new localization pose (odom dt=0.002 s)
[INFO] [1786513236.461016021] [map_odom_tf_bridge_cpp]: updated map->odom from new localization pose (odom dt=0.002 s)
[INFO] [1786513237.461840590] [map_odom_tf_bridge_cpp]: updated map->odom from new localization pose (odom dt=0.001 s)
[INFO] [1786513238.660517836] [map_odom_tf_bridge_cpp]: updated map->odom from new localization pose (odom dt=0.001 s)
[INFO] [1786513239.760522097] [map_odom_tf_bridge_cpp]: updated map->odom from new localization pose (odom dt=0.003 s)
[INFO] [1786513240.760687698] [map_odom_tf_bridge_cpp]: updated map->odom from new localization pose (odom dt=0.002 s)
[INFO] [1786513241.863069262] [map_odom_tf_bridge_cpp]: updated map->odom from new localization pose (odom dt=0.003 s)
[INFO] [1786513243.060964271] [map_odom_tf_bridge_cpp]: updated map->odom from new localization pose (odom dt=0.006 s)
[INFO] [1786513244.260889082] [map_odom_tf_bridge_cpp]: updated map->odom from new localization pose (odom dt=0.002 s)
[INFO] [1786513245.461199507] [map_odom_tf_bridge_cpp]: updated map->odom from new localization pose (odom dt=0.000 s)
[INFO] [1786513246.561645768] [map_odom_tf_bridge_cpp]: updated map->odom from new localization pose (odom dt=0.001 s)
[INFO] [1786513247.661306560] [map_odom_tf_bridge_cpp]: updated map->odom from new localization pose (odom dt=0.002 s)
[INFO] [1786513248.761128766] [map_odom_tf_bridge_cpp]: updated map->odom from new localization pose (odom dt=0.002 s)
[INFO] [1786513249.761329761] [map_odom_tf_bridge_cpp]: updated map->odom from new localization pose (odom dt=0.002 s)
[INFO] [1786513250.861024282] [map_odom_tf_bridge_cpp]: updated map->odom from new localization pose (odom dt=0.001 s)
[INFO] [1786513251.961448238] [map_odom_tf_bridge_cpp]: updated map->odom from new localization pose (odom dt=0.002 s)
[INFO] [1786513253.061220459] [map_odom_tf_bridge_cpp]: updated map->odom from new localization pose (odom dt=0.003 s)
[INFO] [1786513254.161270289] [map_odom_tf_bridge_cpp]: updated map->odom from new localization pose (odom dt=0.002 s)
[INFO] [1786513255.261364313] [map_odom_tf_bridge_cpp]: updated map->odom from new localization pose (odom dt=0.003 s)
[INFO] [1786513256.261581629] [map_odom_tf_bridge_cpp]: updated map->odom from new localization pose (odom dt=0.002 s)
[INFO] [1786513257.462244547] [map_odom_tf_bridge_cpp]: updated map->odom from new localization pose (odom dt=0.001 s)
[INFO] [1786513258.561313573] [map_odom_tf_bridge_cpp]: updated map->odom from new localization pose (odom dt=0.002 s)
[INFO] [1786513259.661344107] [map_odom_tf_bridge_cpp]: updated map->odom from new localization pose (odom dt=0.002 s)
[INFO] [1786513260.661376456] [map_odom_tf_bridge_cpp]: updated map->odom from new localization pose (odom dt=0.002 s)
[INFO] [1786513261.661405604] [map_odom_tf_bridge_cpp]: updated map->odom from new localization pose (odom dt=0.002 s)
[INFO] [1786513262.661854864] [map_odom_tf_bridge_cpp]: updated map->odom from new localization pose (odom dt=0.002 s)
[INFO] [1786513263.861490833] [map_odom_tf_bridge_cpp]: updated map->odom from new localization pose (odom dt=0.001 s)
[INFO] [1786513264.961540727] [map_odom_tf_bridge_cpp]: updated map->odom from new localization pose (odom dt=0.004 s)
[INFO] [1786513265.961569460] [map_odom_tf_bridge_cpp]: updated map->odom from new localization pose (odom dt=0.001 s)
[INFO] [1786513267.061632346] [map_odom_tf_bridge_cpp]: updated map->odom from new localization pose (odom dt=0.001 s)
[INFO] [1786513268.061659287] [map_odom_tf_bridge_cpp]: updated map->odom from new localization pose (odom dt=0.003 s)
[INFO] [1786513269.163220597] [map_odom_tf_bridge_cpp]: updated map->odom from new localization pose (odom dt=0.002 s)
[INFO] [1786513270.261741923] [map_odom_tf_bridge_cpp]: updated map->odom from new localization pose (odom dt=0.002 s)
[INFO] [1786513271.361750824] [map_odom_tf_bridge_cpp]: updated map->odom from new localization pose (odom dt=0.002 s)
[INFO] [1786513272.361819046] [map_odom_tf_bridge_cpp]: updated map->odom from new localization pose (odom dt=0.003 s)
[INFO] [1786513273.362657856] [map_odom_tf_bridge_cpp]: updated map->odom from new localization pose (odom dt=0.001 s)
[INFO] [1786513274.561864529] [map_odom_tf_bridge_cpp]: updated map->odom from new localization pose (odom dt=0.000 s)
[INFO] [1786513275.563180125] [map_odom_tf_bridge_cpp]: updated map->odom from new localization pose (odom dt=0.001 s)
[INFO] [1786513276.761984511] [map_odom_tf_bridge_cpp]: updated map->odom from new localization pose (odom dt=0.001 s)
[INFO] [1786513277.762005947] [map_odom_tf_bridge_cpp]: updated map->odom from new localization pose (odom dt=0.002 s)
[INFO] [1786513278.863313199] [map_odom_tf_bridge_cpp]: updated map->odom from new localization pose (odom dt=0.002 s)
[INFO] [1786513279.963089676] [map_odom_tf_bridge_cpp]: updated map->odom from new localization pose (odom dt=0.005 s)
[INFO] [1786513281.162276412] [map_odom_tf_bridge_cpp]: updated map->odom from new localization pose (odom dt=0.002 s)
[INFO] [1786513282.262154492] [map_odom_tf_bridge_cpp]: updated map->odom from new localization pose (odom dt=0.000 s)
[INFO] [1786513283.362198594] [map_odom_tf_bridge_cpp]: updated map->odom from new localization pose (odom dt=0.002 s)
[INFO] [1786513284.469779228] [map_odom_tf_bridge_cpp]: updated map->odom from new localization pose (odom dt=0.002 s)
[INFO] [1786513285.563136910] [map_odom_tf_bridge_cpp]: updated map->odom from new localization pose (odom dt=0.001 s)
[INFO] [1786513286.662700418] [map_odom_tf_bridge_cpp]: updated map->odom from new localization pose (odom dt=0.002 s)
[INFO] [1786513287.763131895] [map_odom_tf_bridge_cpp]: updated map->odom from new localization pose (odom dt=0.001 s)
[INFO] [1786513288.962411754] [map_odom_tf_bridge_cpp]: updated map->odom from new localization pose (odom dt=0.006 s)
[INFO] [1786513289.962459528] [map_odom_tf_bridge_cpp]: updated map->odom from new localization pose (odom dt=0.001 s)
[INFO] [1786513290.962470915] [map_odom_tf_bridge_cpp]: updated map->odom from new localization pose (odom dt=0.001 s)
[INFO] [1786513291.962543746] [map_odom_tf_bridge_cpp]: updated map->odom from new localization pose (odom dt=0.007 s)
[INFO] [1786513292.962581150] [map_odom_tf_bridge_cpp]: updated map->odom from new localization pose (odom dt=0.010 s)
[INFO] [1786513293.962608347] [map_odom_tf_bridge_cpp]: updated map->odom from new localization pose (odom dt=0.002 s)
[INFO] [1786513294.962692313] [map_odom_tf_bridge_cpp]: updated map->odom from new localization pose (odom dt=0.002 s)
[INFO] [1786513296.062691102] [map_odom_tf_bridge_cpp]: updated map->odom from new localization pose (odom dt=0.006 s)
[INFO] [1786513297.162726564] [map_odom_tf_bridge_cpp]: updated map->odom from new localization pose (odom dt=0.007 s)
[INFO] [1786513298.162768513] [map_odom_tf_bridge_cpp]: updated map->odom from new localization pose (odom dt=0.002 s)
[INFO] [1786513299.163161867] [map_odom_tf_bridge_cpp]: updated map->odom from new localization pose (odom dt=0.001 s)
[INFO] [1786513300.362883950] [map_odom_tf_bridge_cpp]: updated map->odom from new localization pose (odom dt=0.000 s)
[INFO] [1786513301.362901867] [map_odom_tf_bridge_cpp]: updated map->odom from new localization pose (odom dt=0.001 s)
[INFO] [1786513302.362955080] [map_odom_tf_bridge_cpp]: updated map->odom from new localization pose (odom dt=0.002 s)
[INFO] [1786513303.363527832] [map_odom_tf_bridge_cpp]: updated map->odom from new localization pose (odom dt=0.002 s)
[INFO] [1786513304.563000467] [map_odom_tf_bridge_cpp]: updated map->odom from new localization pose (odom dt=0.002 s)
[INFO] [1786513305.863042987] [map_odom_tf_bridge_cpp]: updated map->odom from new localization pose (odom dt=0.002 s)
[INFO] [1786513306.863094601] [map_odom_tf_bridge_cpp]: updated map->odom from new localization pose (odom dt=0.000 s)
[INFO] [1786513307.863143366] [map_odom_tf_bridge_cpp]: updated map->odom from new localization pose (odom dt=0.006 s)
[INFO] [1786513308.863164610] [map_odom_tf_bridge_cpp]: updated map->odom from new localization pose (odom dt=0.002 s)
[INFO] [1786513309.863272258] [map_odom_tf_bridge_cpp]: updated map->odom from new localization pose (odom dt=0.001 s)
[INFO] [1786513310.863791248] [map_odom_tf_bridge_cpp]: updated map->odom from new localization pose (odom dt=0.000 s)
[INFO] [1786513311.864529447] [map_odom_tf_bridge_cpp]: updated map->odom from new localization pose (odom dt=0.004 s)
[INFO] [1786513312.966691002] [map_odom_tf_bridge_cpp]: updated map->odom from new localization pose (odom dt=0.009 s)
[INFO] [1786513314.064311560] [map_odom_tf_bridge_cpp]: updated map->odom from new localization pose (odom dt=0.002 s)
[INFO] [1786513315.163430092] [map_odom_tf_bridge_cpp]: updated map->odom from new localization pose (odom dt=0.007 s)
[INFO] [1786513316.363450811] [map_odom_tf_bridge_cpp]: updated map->odom from new localization pose (odom dt=0.005 s)
[INFO] [1786513317.363483543] [map_odom_tf_bridge_cpp]: updated map->odom from new localization pose (odom dt=0.004 s)
[INFO] [1786513318.363534325] [map_odom_tf_bridge_cpp]: updated map->odom from new localization pose (odom dt=0.002 s)
[INFO] [1786513319.363575570] [map_odom_tf_bridge_cpp]: updated map->odom from new localization pose (odom dt=0.004 s)
[INFO] [1786513320.463537653] [map_odom_tf_bridge_cpp]: updated map->odom from new localization pose (odom dt=0.000 s)
[INFO] [1786513321.563655838] [map_odom_tf_bridge_cpp]: updated map->odom from new localization pose (odom dt=0.002 s)
[INFO] [1786513322.663670787] [map_odom_tf_bridge_cpp]: updated map->odom from new localization pose (odom dt=0.002 s)
[INFO] [1786513323.663675615] [map_odom_tf_bridge_cpp]: updated map->odom from new localization pose (odom dt=0.000 s)
[INFO] [1786513324.663753629] [map_odom_tf_bridge_cpp]: updated map->odom from new localization pose (odom dt=0.001 s)
[INFO] [1786513325.663779994] [map_odom_tf_bridge_cpp]: updated map->odom from new localization pose (odom dt=0.002 s)
[INFO] [1786513326.763951364] [map_odom_tf_bridge_cpp]: updated map->odom from new localization pose (odom dt=0.003 s)
[INFO] [1786513327.863837797] [map_odom_tf_bridge_cpp]: updated map->odom from new localization pose (odom dt=0.002 s)
[INFO] [1786513328.863886626] [map_odom_tf_bridge_cpp]: updated map->odom from new localization pose (odom dt=0.002 s)
[INFO] [1786513329.863932287] [map_odom_tf_bridge_cpp]: updated map->odom from new localization pose (odom dt=0.004 s)
[INFO] [1786513330.863990877] [map_odom_tf_bridge_cpp]: updated map->odom from new localization pose (odom dt=0.002 s)
[INFO] [1786513331.864017401] [map_odom_tf_bridge_cpp]: updated map->odom from new localization pose (odom dt=0.002 s)
[INFO] [1786513332.864039574] [map_odom_tf_bridge_cpp]: updated map->odom from new localization pose (odom dt=0.002 s)
[INFO] [1786513333.964293604] [map_odom_tf_bridge_cpp]: updated map->odom from new localization pose (odom dt=0.004 s)
[INFO] [1786513335.164124779] [map_odom_tf_bridge_cpp]: updated map->odom from new localization pose (odom dt=0.002 s)
[INFO] [1786513336.264161393] [map_odom_tf_bridge_cpp]: updated map->odom from new localization pose (odom dt=0.002 s)
[INFO] [1786513337.264310450] [map_odom_tf_bridge_cpp]: updated map->odom from new localization pose (odom dt=0.002 s)
[INFO] [1786513338.364393306] [map_odom_tf_bridge_cpp]: updated map->odom from new localization pose (odom dt=0.001 s)
[INFO] [1786513339.564282150] [map_odom_tf_bridge_cpp]: updated map->odom from new localization pose (odom dt=0.002 s)
[INFO] [1786513340.564333879] [map_odom_tf_bridge_cpp]: updated map->odom from new localization pose (odom dt=0.001 s)
[INFO] [1786513341.564857943] [map_odom_tf_bridge_cpp]: updated map->odom from new localization pose (odom dt=0.001 s)
[INFO] [1786513342.668557114] [map_odom_tf_bridge_cpp]: updated map->odom from new localization pose (odom dt=0.002 s)
[INFO] [1786513343.764418332] [map_odom_tf_bridge_cpp]: updated map->odom from new localization pose (odom dt=0.001 s)
[INFO] [1786513344.765082145] [map_odom_tf_bridge_cpp]: updated map->odom from new localization pose (odom dt=0.001 s)
[INFO] [1786513345.864492439] [map_odom_tf_bridge_cpp]: updated map->odom from new localization pose (odom dt=0.003 s)
[INFO] [1786513346.964864078] [map_odom_tf_bridge_cpp]: updated map->odom from new localization pose (odom dt=0.010 s)
[INFO] [1786513348.065099711] [map_odom_tf_bridge_cpp]: updated map->odom from new localization pose (odom dt=0.001 s)
[INFO] [1786513349.164600921] [map_odom_tf_bridge_cpp]: updated map->odom from new localization pose (odom dt=0.000 s)
[INFO] [1786513350.164643145] [map_odom_tf_bridge_cpp]: updated map->odom from new localization pose (odom dt=0.005 s)
[INFO] [1786513351.264673908] [map_odom_tf_bridge_cpp]: updated map->odom from new localization pose (odom dt=0.001 s)
[INFO] [1786513352.364739680] [map_odom_tf_bridge_cpp]: updated map->odom from new localization pose (odom dt=0.002 s)
[INFO] [1786513353.364791761] [map_odom_tf_bridge_cpp]: updated map->odom from new localization pose (odom dt=0.001 s)
[INFO] [1786513354.464822940] [map_odom_tf_bridge_cpp]: updated map->odom from new localization pose (odom dt=0.001 s)
[INFO] [1786513355.664838178] [map_odom_tf_bridge_cpp]: updated map->odom from new localization pose (odom dt=0.003 s)
[INFO] [1786513356.665632843] [map_odom_tf_bridge_cpp]: updated map->odom from new localization pose (odom dt=0.001 s)
[INFO] [1786513357.864946745] [map_odom_tf_bridge_cpp]: updated map->odom from new localization pose (odom dt=0.001 s)
[INFO] [1786513359.065220999] [map_odom_tf_bridge_cpp]: updated map->odom from new localization pose (odom dt=0.004 s)
[INFO] [1786513360.264934883] [map_odom_tf_bridge_cpp]: updated map->odom from new localization pose (odom dt=0.002 s)
[INFO] [1786513361.264988435] [map_odom_tf_bridge_cpp]: updated map->odom from new localization pose (odom dt=0.002 s)
[INFO] [1786513362.265040356] [map_odom_tf_bridge_cpp]: updated map->odom from new localization pose (odom dt=0.001 s)
[INFO] [1786513363.365087056] [map_odom_tf_bridge_cpp]: updated map->odom from new localization pose (odom dt=0.001 s)
[INFO] [1786513364.465105402] [map_odom_tf_bridge_cpp]: updated map->odom from new localization pose (odom dt=0.002 s)
[INFO] [1786513365.465272687] [map_odom_tf_bridge_cpp]: updated map->odom from new localization pose (odom dt=0.000 s)
[INFO] [1786513366.565187830] [map_odom_tf_bridge_cpp]: updated map->odom from new localization pose (odom dt=0.002 s)
[INFO] [1786513367.665212897] [map_odom_tf_bridge_cpp]: updated map->odom from new localization pose (odom dt=0.000 s)
[INFO] [1786513368.665243152] [map_odom_tf_bridge_cpp]: updated map->odom from new localization pose (odom dt=0.001 s)
[INFO] [1786513369.665277408] [map_odom_tf_bridge_cpp]: updated map->odom from new localization pose (odom dt=0.002 s)
[INFO] [1786513370.865333959] [map_odom_tf_bridge_cpp]: updated map->odom from new localization pose (odom dt=0.001 s)
[INFO] [1786513371.965344882] [map_odom_tf_bridge_cpp]: updated map->odom from new localization pose (odom dt=0.007 s)
[INFO] [1786513373.065323195] [map_odom_tf_bridge_cpp]: updated map->odom from new localization pose (odom dt=0.001 s)
[INFO] [1786513374.165424008] [map_odom_tf_bridge_cpp]: updated map->odom from new localization pose (odom dt=0.000 s)
[INFO] [1786513375.165427063] [map_odom_tf_bridge_cpp]: updated map->odom from new localization pose (odom dt=0.000 s)
[INFO] [1786513376.165488552] [map_odom_tf_bridge_cpp]: updated map->odom from new localization pose (odom dt=0.002 s)
[INFO] [1786513377.366770423] [map_odom_tf_bridge_cpp]: updated map->odom from new localization pose (odom dt=0.007 s)
[INFO] [1786513378.565603062] [map_odom_tf_bridge_cpp]: updated map->odom from new localization pose (odom dt=0.002 s)
[INFO] [1786513379.565806028] [map_odom_tf_bridge_cpp]: updated map->odom from new localization pose (odom dt=0.001 s)
[INFO] [1786513380.665855575] [map_odom_tf_bridge_cpp]: updated map->odom from new localization pose (odom dt=0.001 s)
[INFO] [1786513381.765722173] [map_odom_tf_bridge_cpp]: updated map->odom from new localization pose (odom dt=0.001 s)
[INFO] [1786513382.765988756] [map_odom_tf_bridge_cpp]: updated map->odom from new localization pose (odom dt=0.003 s)
[INFO] [1786513383.965745074] [map_odom_tf_bridge_cpp]: updated map->odom from new localization pose (odom dt=0.002 s)
[INFO] [1786513385.065787101] [map_odom_tf_bridge_cpp]: updated map->odom from new localization pose (odom dt=0.003 s)
[INFO] [1786513386.065818285] [map_odom_tf_bridge_cpp]: updated map->odom from new localization pose (odom dt=0.001 s)
[INFO] [1786513387.066153351] [map_odom_tf_bridge_cpp]: updated map->odom from new localization pose (odom dt=0.002 s)
[INFO] [1786513388.066251289] [map_odom_tf_bridge_cpp]: updated map->odom from new localization pose (odom dt=0.002 s)
[INFO] [1786513389.165938809] [map_odom_tf_bridge_cpp]: updated map->odom from new localization pose (odom dt=0.001 s)
[INFO] [1786513390.165982889] [map_odom_tf_bridge_cpp]: updated map->odom from new localization pose (odom dt=0.003 s)
[INFO] [1786513391.266046261] [map_odom_tf_bridge_cpp]: updated map->odom from new localization pose (odom dt=0.002 s)
[INFO] [1786513392.366037663] [map_odom_tf_bridge_cpp]: updated map->odom from new localization pose (odom dt=0.002 s)
[INFO] [1786513393.366093359] [map_odom_tf_bridge_cpp]: updated map->odom from new localization pose (odom dt=0.003 s)
[INFO] [1786513394.366096254] [map_odom_tf_bridge_cpp]: updated map->odom from new localization pose (odom dt=0.002 s)
[INFO] [1786513395.366144655] [map_odom_tf_bridge_cpp]: updated map->odom from new localization pose (odom dt=0.002 s)
[INFO] [1786513396.566192117] [map_odom_tf_bridge_cpp]: updated map->odom from new localization pose (odom dt=0.002 s)
[INFO] [1786513397.566210917] [map_odom_tf_bridge_cpp]: updated map->odom from new localization pose (odom dt=0.003 s)
[INFO] [1786513398.566257493] [map_odom_tf_bridge_cpp]: updated map->odom from new localization pose (odom dt=0.000 s)
[INFO] [1786513399.566260868] [map_odom_tf_bridge_cpp]: updated map->odom from new localization pose (odom dt=0.001 s)
[INFO] [1786513400.666384146] [map_odom_tf_bridge_cpp]: updated map->odom from new localization pose (odom dt=0.002 s)
[INFO] [1786513401.766336187] [map_odom_tf_bridge_cpp]: updated map->odom from new localization pose (odom dt=0.001 s)
[INFO] [1786513402.766379883] [map_odom_tf_bridge_cpp]: updated map->odom from new localization pose (odom dt=0.002 s)
[INFO] [1786513403.766398843] [map_odom_tf_bridge_cpp]: updated map->odom from new localization pose (odom dt=0.002 s)
[INFO] [1786513404.866437318] [map_odom_tf_bridge_cpp]: updated map->odom from new localization pose (odom dt=0.001 s)
[INFO] [1786513405.966566836] [map_odom_tf_bridge_cpp]: updated map->odom from new localization pose (odom dt=0.003 s)
[INFO] [1786513407.066589311] [map_odom_tf_bridge_cpp]: updated map->odom from new localization pose (odom dt=0.009 s)
[INFO] [1786513408.166540583] [map_odom_tf_bridge_cpp]: updated map->odom from new localization pose (odom dt=0.001 s)
[INFO] [1786513409.266597235] [map_odom_tf_bridge_cpp]: updated map->odom from new localization pose (odom dt=0.001 s)
[INFO] [1786513410.268774314] [map_odom_tf_bridge_cpp]: updated map->odom from new localization pose (odom dt=0.002 s)
[INFO] [1786513411.466895153] [map_odom_tf_bridge_cpp]: updated map->odom from new localization pose (odom dt=0.001 s)
[INFO] [1786513412.566654803] [map_odom_tf_bridge_cpp]: updated map->odom from new localization pose (odom dt=0.004 s)
[INFO] [1786513413.666706079] [map_odom_tf_bridge_cpp]: updated map->odom from new localization pose (odom dt=0.001 s)
[INFO] [1786513414.666788144] [map_odom_tf_bridge_cpp]: updated map->odom from new localization pose (odom dt=0.001 s)
[INFO] [1786513415.666809120] [map_odom_tf_bridge_cpp]: updated map->odom from new localization pose (odom dt=0.002 s)
[INFO] [1786513416.666848784] [map_odom_tf_bridge_cpp]: updated map->odom from new localization pose (odom dt=0.002 s)
[INFO] [1786513417.666920161] [map_odom_tf_bridge_cpp]: updated map->odom from new localization pose (odom dt=0.003 s)
[INFO] [1786513418.667152696] [map_odom_tf_bridge_cpp]: updated map->odom from new localization pose (odom dt=0.007 s)
[INFO] [1786513419.766936475] [map_odom_tf_bridge_cpp]: updated map->odom from new localization pose (odom dt=0.002 s)
[INFO] [1786513420.966954912] [map_odom_tf_bridge_cpp]: updated map->odom from new localization pose (odom dt=0.004 s)
[INFO] [1786513422.066984427] [map_odom_tf_bridge_cpp]: updated map->odom from new localization pose (odom dt=0.001 s)
[INFO] [1786513423.167041527] [map_odom_tf_bridge_cpp]: updated map->odom from new localization pose (odom dt=0.004 s)
[INFO] [1786513424.167076071] [map_odom_tf_bridge_cpp]: updated map->odom from new localization pose (odom dt=0.001 s)
[INFO] [1786513425.167118519] [map_odom_tf_bridge_cpp]: updated map->odom from new localization pose (odom dt=0.002 s)
[INFO] [1786513426.267159555] [map_odom_tf_bridge_cpp]: updated map->odom from new localization pose (odom dt=0.001 s)
[INFO] [1786513427.267181298] [map_odom_tf_bridge_cpp]: updated map->odom from new localization pose (odom dt=0.001 s)
[INFO] [1786513428.267224835] [map_odom_tf_bridge_cpp]: updated map->odom from new localization pose (odom dt=0.001 s)
[INFO] [1786513429.367246093] [map_odom_tf_bridge_cpp]: updated map->odom from new localization pose (odom dt=0.001 s)
[INFO] [1786513430.367275997] [map_odom_tf_bridge_cpp]: updated map->odom from new localization pose (odom dt=0.002 s)
[INFO] [1786513431.367321006] [map_odom_tf_bridge_cpp]: updated map->odom from new localization pose (odom dt=0.001 s)
[INFO] [1786513432.367387167] [map_odom_tf_bridge_cpp]: updated map->odom from new localization pose (odom dt=0.001 s)
[INFO] [1786513433.468737269] [map_odom_tf_bridge_cpp]: updated map->odom from new localization pose (odom dt=0.001 s)
[INFO] [1786513434.567567544] [map_odom_tf_bridge_cpp]: updated map->odom from new localization pose (odom dt=0.000 s)
[INFO] [1786513435.667464095] [map_odom_tf_bridge_cpp]: updated map->odom from new localization pose (odom dt=0.001 s)
[INFO] [1786513436.667490543] [map_odom_tf_bridge_cpp]: updated map->odom from new localization pose (odom dt=0.002 s)
[INFO] [1786513437.767523386] [map_odom_tf_bridge_cpp]: updated map->odom from new localization pose (odom dt=0.002 s)
[INFO] [1786513438.767569706] [map_odom_tf_bridge_cpp]: updated map->odom from new localization pose (odom dt=0.002 s)
[INFO] [1786513439.867593813] [map_odom_tf_bridge_cpp]: updated map->odom from new localization pose (odom dt=0.001 s)
[INFO] [1786513440.867653862] [map_odom_tf_bridge_cpp]: updated map->odom from new localization pose (odom dt=0.001 s)
[INFO] [1786513441.869213576] [map_odom_tf_bridge_cpp]: updated map->odom from new localization pose (odom dt=0.001 s)
[INFO] [1786513442.967726273] [map_odom_tf_bridge_cpp]: updated map->odom from new localization pose (odom dt=0.001 s)
[INFO] [1786513444.167739175] [map_odom_tf_bridge_cpp]: updated map->odom from new localization pose (odom dt=0.006 s)
[INFO] [1786513445.167756822] [map_odom_tf_bridge_cpp]: updated map->odom from new localization pose (odom dt=0.001 s)
[INFO] [1786513446.167795878] [map_odom_tf_bridge_cpp]: updated map->odom from new localization pose (odom dt=0.001 s)
[INFO] [1786513447.267852882] [map_odom_tf_bridge_cpp]: updated map->odom from new localization pose (odom dt=0.001 s)
[INFO] [1786513448.367892125] [map_odom_tf_bridge_cpp]: updated map->odom from new localization pose (odom dt=0.001 s)
[INFO] [1786513449.367989072] [map_odom_tf_bridge_cpp]: updated map->odom from new localization pose (odom dt=0.001 s)
[INFO] [1786513450.567956852] [map_odom_tf_bridge_cpp]: updated map->odom from new localization pose (odom dt=0.004 s)
[INFO] [1786513451.768051420] [map_odom_tf_bridge_cpp]: updated map->odom from new localization pose (odom dt=0.001 s)
[INFO] [1786513452.868068678] [map_odom_tf_bridge_cpp]: updated map->odom from new localization pose (odom dt=0.003 s)
[INFO] [1786513453.968100337] [map_odom_tf_bridge_cpp]: updated map->odom from new localization pose (odom dt=0.004 s)
[INFO] [1786513455.068103003] [map_odom_tf_bridge_cpp]: updated map->odom from new localization pose (odom dt=0.007 s)
[INFO] [1786513456.268148642] [map_odom_tf_bridge_cpp]: updated map->odom from new localization pose (odom dt=0.002 s)
[INFO] [1786513457.268244436] [map_odom_tf_bridge_cpp]: updated map->odom from new localization pose (odom dt=0.001 s)
[INFO] [1786513458.468549699] [map_odom_tf_bridge_cpp]: updated map->odom from new localization pose (odom dt=0.001 s)
[INFO] [1786513459.668717582] [map_odom_tf_bridge_cpp]: updated map->odom from new localization pose (odom dt=0.001 s)
[INFO] [1786513460.768304906] [map_odom_tf_bridge_cpp]: updated map->odom from new localization pose (odom dt=0.002 s)
[INFO] [1786513461.968372145] [map_odom_tf_bridge_cpp]: updated map->odom from new localization pose (odom dt=0.001 s)
[INFO] [1786513463.168908136] [map_odom_tf_bridge_cpp]: updated map->odom from new localization pose (odom dt=0.001 s)
[INFO] [1786513464.368393564] [map_odom_tf_bridge_cpp]: updated map->odom from new localization pose (odom dt=0.002 s)
[INFO] [1786513465.368444333] [map_odom_tf_bridge_cpp]: updated map->odom from new localization pose (odom dt=0.001 s)
[INFO] [1786513466.368465916] [map_odom_tf_bridge_cpp]: updated map->odom from new localization pose (odom dt=0.001 s)
[INFO] [1786513467.368492460] [map_odom_tf_bridge_cpp]: updated map->odom from new localization pose (odom dt=0.003 s)
[INFO] [1786513468.368549853] [map_odom_tf_bridge_cpp]: updated map->odom from new localization pose (odom dt=0.005 s)
[INFO] [1786513469.368577933] [map_odom_tf_bridge_cpp]: updated map->odom from new localization pose (odom dt=0.001 s)
[INFO] [1786513470.368644446] [map_odom_tf_bridge_cpp]: updated map->odom from new localization pose (odom dt=0.003 s)
[INFO] [1786513471.468635815] [map_odom_tf_bridge_cpp]: updated map->odom from new localization pose (odom dt=0.001 s)
[INFO] [1786513472.468679128] [map_odom_tf_bridge_cpp]: updated map->odom from new localization pose (odom dt=0.001 s)
[INFO] [1786513473.568703363] [map_odom_tf_bridge_cpp]: updated map->odom from new localization pose (odom dt=0.002 s)
[INFO] [1786513474.568733554] [map_odom_tf_bridge_cpp]: updated map->odom from new localization pose (odom dt=0.001 s)
[INFO] [1786513475.568772771] [map_odom_tf_bridge_cpp]: updated map->odom from new localization pose (odom dt=0.001 s)
[INFO] [1786513476.668822222] [map_odom_tf_bridge_cpp]: updated map->odom from new localization pose (odom dt=0.000 s)
[INFO] [1786513477.668852126] [map_odom_tf_bridge_cpp]: updated map->odom from new localization pose (odom dt=0.000 s)
[INFO] [1786513478.668853517] [map_odom_tf_bridge_cpp]: updated map->odom from new localization pose (odom dt=0.002 s)
[INFO] [1786513479.668904830] [map_odom_tf_bridge_cpp]: updated map->odom from new localization pose (odom dt=0.002 s)
[INFO] [1786513480.668946766] [map_odom_tf_bridge_cpp]: updated map->odom from new localization pose (odom dt=0.001 s)
[INFO] [1786513481.668969501] [map_odom_tf_bridge_cpp]: updated map->odom from new localization pose (odom dt=0.002 s)
[INFO] [1786513482.669186100] [map_odom_tf_bridge_cpp]: updated map->odom from new localization pose (odom dt=0.003 s)
[INFO] [1786513483.669221636] [map_odom_tf_bridge_cpp]: updated map->odom from new localization pose (odom dt=0.003 s)
[INFO] [1786513484.770338706] [map_odom_tf_bridge_cpp]: updated map->odom from new localization pose (odom dt=0.002 s)
[INFO] [1786513485.869164438] [map_odom_tf_bridge_cpp]: updated map->odom from new localization pose (odom dt=0.001 s)
[INFO] [1786513486.869181509] [map_odom_tf_bridge_cpp]: updated map->odom from new localization pose (odom dt=0.002 s)
[INFO] [1786513488.069176970] [map_odom_tf_bridge_cpp]: updated map->odom from new localization pose (odom dt=0.005 s)
[INFO] [1786513489.169225750] [map_odom_tf_bridge_cpp]: updated map->odom from new localization pose (odom dt=0.002 s)
[INFO] [1786513490.269245536] [map_odom_tf_bridge_cpp]: updated map->odom from new localization pose (odom dt=0.001 s)
[INFO] [1786513491.269317169] [map_odom_tf_bridge_cpp]: updated map->odom from new localization pose (odom dt=0.001 s)
[INFO] [1786513492.269354466] [map_odom_tf_bridge_cpp]: updated map->odom from new localization pose (odom dt=0.000 s)
[INFO] [1786513493.369361996] [map_odom_tf_bridge_cpp]: updated map->odom from new localization pose (odom dt=0.000 s)
[INFO] [1786513494.369919981] [map_odom_tf_bridge_cpp]: updated map->odom from new localization pose (odom dt=0.002 s)
[INFO] [1786513495.469434087] [map_odom_tf_bridge_cpp]: updated map->odom from new localization pose (odom dt=0.000 s)
[INFO] [1786513496.469506904] [map_odom_tf_bridge_cpp]: updated map->odom from new localization pose (odom dt=0.002 s)
[INFO] [1786513497.769547386] [map_odom_tf_bridge_cpp]: updated map->odom from new localization pose (odom dt=0.001 s)
[INFO] [1786513498.969544191] [map_odom_tf_bridge_cpp]: updated map->odom from new localization pose (odom dt=0.001 s)
[INFO] [1786513499.969600528] [map_odom_tf_bridge_cpp]: updated map->odom from new localization pose (odom dt=0.004 s)
[INFO] [1786513501.069609210] [map_odom_tf_bridge_cpp]: updated map->odom from new localization pose (odom dt=0.002 s)
[INFO] [1786513502.170067219] [map_odom_tf_bridge_cpp]: updated map->odom from new localization pose (odom dt=0.004 s)
[INFO] [1786513503.269700657] [map_odom_tf_bridge_cpp]: updated map->odom from new localization pose (odom dt=0.007 s)
[INFO] [1786513504.369728604] [map_odom_tf_bridge_cpp]: updated map->odom from new localization pose (odom dt=0.002 s)
[INFO] [1786513505.369848590] [map_odom_tf_bridge_cpp]: updated map->odom from new localization pose (odom dt=0.001 s)
[INFO] [1786513506.469790967] [map_odom_tf_bridge_cpp]: updated map->odom from new localization pose (odom dt=0.002 s)
[INFO] [1786513507.570345619] [map_odom_tf_bridge_cpp]: updated map->odom from new localization pose (odom dt=0.000 s)
[INFO] [1786513508.669852109] [map_odom_tf_bridge_cpp]: updated map->odom from new localization pose (odom dt=0.001 s)
[INFO] [1786513509.669891293] [map_odom_tf_bridge_cpp]: updated map->odom from new localization pose (odom dt=0.002 s)
[INFO] [1786513510.669971086] [map_odom_tf_bridge_cpp]: updated map->odom from new localization pose (odom dt=0.000 s)
[INFO] [1786513511.869963123] [map_odom_tf_bridge_cpp]: updated map->odom from new localization pose (odom dt=0.002 s)
[INFO] [1786513512.869984547] [map_odom_tf_bridge_cpp]: updated map->odom from new localization pose (odom dt=0.002 s)
[INFO] [1786513513.870236634] [map_odom_tf_bridge_cpp]: updated map->odom from new localization pose (odom dt=0.001 s)
[INFO] [1786513514.970333703] [map_odom_tf_bridge_cpp]: updated map->odom from new localization pose (odom dt=0.006 s)
[INFO] [1786513516.070122890] [map_odom_tf_bridge_cpp]: updated map->odom from new localization pose (odom dt=0.010 s)
[INFO] [1786513517.070178075] [map_odom_tf_bridge_cpp]: updated map->odom from new localization pose (odom dt=0.008 s)
[INFO] [1786513518.070272525] [map_odom_tf_bridge_cpp]: updated map->odom from new localization pose (odom dt=0.009 s)
[INFO] [1786513519.270228752] [map_odom_tf_bridge_cpp]: updated map->odom from new localization pose (odom dt=0.001 s)
[INFO] [1786513520.270262400] [map_odom_tf_bridge_cpp]: updated map->odom from new localization pose (odom dt=0.000 s)
[INFO] [1786513521.270295568] [map_odom_tf_bridge_cpp]: updated map->odom from new localization pose (odom dt=0.002 s)
[INFO] [1786513522.275239426] [map_odom_tf_bridge_cpp]: updated map->odom from new localization pose (odom dt=0.004 s)
[INFO] [1786513523.370347787] [map_odom_tf_bridge_cpp]: updated map->odom from new localization pose (odom dt=0.003 s)
[INFO] [1786513524.370361786] [map_odom_tf_bridge_cpp]: updated map->odom from new localization pose (odom dt=0.003 s)
[INFO] [1786513525.470452647] [map_odom_tf_bridge_cpp]: updated map->odom from new localization pose (odom dt=0.001 s)
[INFO] [1786513526.470457014] [map_odom_tf_bridge_cpp]: updated map->odom from new localization pose (odom dt=0.003 s)
[INFO] [1786513527.470483174] [map_odom_tf_bridge_cpp]: updated map->odom from new localization pose (odom dt=0.001 s)
[INFO] [1786513528.670616175] [map_odom_tf_bridge_cpp]: updated map->odom from new localization pose (odom dt=0.001 s)
[INFO] [1786513529.870619733] [map_odom_tf_bridge_cpp]: updated map->odom from new localization pose (odom dt=0.001 s)
[INFO] [1786513530.970682881] [map_odom_tf_bridge_cpp]: updated map->odom from new localization pose (odom dt=0.000 s)
[INFO] [1786513532.070680619] [map_odom_tf_bridge_cpp]: updated map->odom from new localization pose (odom dt=0.002 s)
[INFO] [1786513533.071197482] [map_odom_tf_bridge_cpp]: updated map->odom from new localization pose (odom dt=0.002 s)
[INFO] [1786513534.270715040] [map_odom_tf_bridge_cpp]: updated map->odom from new localization pose (odom dt=0.003 s)
[INFO] [1786513535.470739942] [map_odom_tf_bridge_cpp]: updated map->odom from new localization pose (odom dt=0.002 s)
[INFO] [1786513536.470785974] [map_odom_tf_bridge_cpp]: updated map->odom from new localization pose (odom dt=0.000 s)
[INFO] [1786513537.570797824] [map_odom_tf_bridge_cpp]: updated map->odom from new localization pose (odom dt=0.001 s)
[INFO] [1786513538.570878130] [map_odom_tf_bridge_cpp]: updated map->odom from new localization pose (odom dt=0.002 s)
[INFO] [1786513539.570930722] [map_odom_tf_bridge_cpp]: updated map->odom from new localization pose (odom dt=0.005 s)
[INFO] [1786513540.673270233] [map_odom_tf_bridge_cpp]: updated map->odom from new localization pose (odom dt=0.002 s)
[INFO] [1786513541.870942226] [map_odom_tf_bridge_cpp]: updated map->odom from new localization pose (odom dt=0.001 s)
[INFO] [1786513542.871035684] [map_odom_tf_bridge_cpp]: updated map->odom from new localization pose (odom dt=0.002 s)
[INFO] [1786513543.971021613] [map_odom_tf_bridge_cpp]: updated map->odom from new localization pose (odom dt=0.009 s)
[INFO] [1786513544.971657169] [map_odom_tf_bridge_cpp]: updated map->odom from new localization pose (odom dt=0.001 s)
[INFO] [1786513545.972736932] [map_odom_tf_bridge_cpp]: updated map->odom from new localization pose (odom dt=0.008 s)
[INFO] [1786513547.271147887] [map_odom_tf_bridge_cpp]: updated map->odom from new localization pose (odom dt=0.004 s)
[INFO] [1786513548.272478794] [map_odom_tf_bridge_cpp]: updated map->odom from new localization pose (odom dt=0.001 s)
[INFO] [1786513549.971222253] [map_odom_tf_bridge_cpp]: updated map->odom from new localization pose (odom dt=0.001 s)
[INFO] [1786513550.971256125] [map_odom_tf_bridge_cpp]: updated map->odom from new localization pose (odom dt=0.001 s)
[INFO] [1786513551.971279629] [map_odom_tf_bridge_cpp]: updated map->odom from new localization pose (odom dt=0.003 s)
[INFO] [1786513553.071323160] [map_odom_tf_bridge_cpp]: updated map->odom from new localization pose (odom dt=0.007 s)
[INFO] [1786513554.071477484] [map_odom_tf_bridge_cpp]: updated map->odom from new localization pose (odom dt=0.001 s)
[INFO] [1786513555.171378355] [map_odom_tf_bridge_cpp]: updated map->odom from new localization pose (odom dt=0.001 s)
[INFO] [1786513556.171434884] [map_odom_tf_bridge_cpp]: updated map->odom from new localization pose (odom dt=0.000 s)
[INFO] [1786513557.271480975] [map_odom_tf_bridge_cpp]: updated map->odom from new localization pose (odom dt=0.001 s)
[INFO] [1786513558.271500863] [map_odom_tf_bridge_cpp]: updated map->odom from new localization pose (odom dt=0.001 s)
[INFO] [1786513559.371531562] [map_odom_tf_bridge_cpp]: updated map->odom from new localization pose (odom dt=0.001 s)
[INFO] [1786513560.471558581] [map_odom_tf_bridge_cpp]: updated map->odom from new localization pose (odom dt=0.000 s)
[INFO] [1786513561.571998733] [map_odom_tf_bridge_cpp]: updated map->odom from new localization pose (odom dt=0.000 s)
[INFO] [1786513562.671645964] [map_odom_tf_bridge_cpp]: updated map->odom from new localization pose (odom dt=0.000 s)
[INFO] [1786513563.671672187] [map_odom_tf_bridge_cpp]: updated map->odom from new localization pose (odom dt=0.000 s)
[INFO] [1786513564.671707947] [map_odom_tf_bridge_cpp]: updated map->odom from new localization pose (odom dt=0.000 s)
[INFO] [1786513565.671787901] [map_odom_tf_bridge_cpp]: updated map->odom from new localization pose (odom dt=0.001 s)
[INFO] [1786513566.771784583] [map_odom_tf_bridge_cpp]: updated map->odom from new localization pose (odom dt=0.001 s)
[INFO] [1786513567.871805265] [map_odom_tf_bridge_cpp]: updated map->odom from new localization pose (odom dt=0.000 s)
[INFO] [1786513568.871985574] [map_odom_tf_bridge_cpp]: updated map->odom from new localization pose (odom dt=0.001 s)
[INFO] [1786513569.971875341] [map_odom_tf_bridge_cpp]: updated map->odom from new localization pose (odom dt=0.002 s)
[INFO] [1786513570.973296810] [map_odom_tf_bridge_cpp]: updated map->odom from new localization pose (odom dt=0.005 s)
[INFO] [1786513572.072128654] [map_odom_tf_bridge_cpp]: updated map->odom from new localization pose (odom dt=0.000 s)
[INFO] [1786513573.171986643] [map_odom_tf_bridge_cpp]: updated map->odom from new localization pose (odom dt=0.000 s)
[INFO] [1786513574.172013795] [map_odom_tf_bridge_cpp]: updated map->odom from new localization pose (odom dt=0.000 s)
[INFO] [1786513575.272075119] [map_odom_tf_bridge_cpp]: updated map->odom from new localization pose (odom dt=0.000 s)
[INFO] [1786513576.272101631] [map_odom_tf_bridge_cpp]: updated map->odom from new localization pose (odom dt=0.000 s)
[INFO] [1786513577.272138287] [map_odom_tf_bridge_cpp]: updated map->odom from new localization pose (odom dt=0.000 s)
[INFO] [1786513578.372176314] [map_odom_tf_bridge_cpp]: updated map->odom from new localization pose (odom dt=0.001 s)
[INFO] [1786513579.372194377] [map_odom_tf_bridge_cpp]: updated map->odom from new localization pose (odom dt=0.001 s)
[INFO] [1786513580.472230805] [map_odom_tf_bridge_cpp]: updated map->odom from new localization pose (odom dt=0.001 s)
[INFO] [1786513581.472236324] [map_odom_tf_bridge_cpp]: updated map->odom from new localization pose (odom dt=0.001 s)
[INFO] [1786513582.572266575] [map_odom_tf_bridge_cpp]: updated map->odom from new localization pose (odom dt=0.001 s)
[INFO] [1786513583.672345723] [map_odom_tf_bridge_cpp]: updated map->odom from new localization pose (odom dt=0.000 s)
[INFO] [1786513584.672347498] [map_odom_tf_bridge_cpp]: updated map->odom from new localization pose (odom dt=0.000 s)
[INFO] [1786513585.672394043] [map_odom_tf_bridge_cpp]: updated map->odom from new localization pose (odom dt=0.001 s)
[INFO] [1786513586.672416170] [map_odom_tf_bridge_cpp]: updated map->odom from new localization pose (odom dt=0.001 s)
[INFO] [1786513587.672470523] [map_odom_tf_bridge_cpp]: updated map->odom from new localization pose (odom dt=0.000 s)
[INFO] [1786513588.672487082] [map_odom_tf_bridge_cpp]: updated map->odom from new localization pose (odom dt=0.001 s)
[INFO] [1786513589.672602941] [map_odom_tf_bridge_cpp]: updated map->odom from new localization pose (odom dt=0.000 s)
[INFO] [1786513590.673714129] [map_odom_tf_bridge_cpp]: updated map->odom from new localization pose (odom dt=0.001 s)
[INFO] [1786513591.872592529] [map_odom_tf_bridge_cpp]: updated map->odom from new localization pose (odom dt=0.002 s)
[INFO] [1786513592.872648609] [map_odom_tf_bridge_cpp]: updated map->odom from new localization pose (odom dt=0.001 s)
[INFO] [1786513594.072683048] [map_odom_tf_bridge_cpp]: updated map->odom from new localization pose (odom dt=0.007 s)
[INFO] [1786513595.074458833] [map_odom_tf_bridge_cpp]: updated map->odom from new localization pose (odom dt=0.001 s)
[INFO] [1786513596.372769657] [map_odom_tf_bridge_cpp]: updated map->odom from new localization pose (odom dt=0.001 s)
[INFO] [1786513597.472778884] [map_odom_tf_bridge_cpp]: updated map->odom from new localization pose (odom dt=0.001 s)
[INFO] [1786513598.472805364] [map_odom_tf_bridge_cpp]: updated map->odom from new localization pose (odom dt=0.001 s)
[INFO] [1786513599.572870272] [map_odom_tf_bridge_cpp]: updated map->odom from new localization pose (odom dt=0.000 s)
[INFO] [1786513600.672888522] [map_odom_tf_bridge_cpp]: updated map->odom from new localization pose (odom dt=0.001 s)
[INFO] [1786513601.672910938] [map_odom_tf_bridge_cpp]: updated map->odom from new localization pose (odom dt=0.001 s)
[INFO] [1786513602.672957962] [map_odom_tf_bridge_cpp]: updated map->odom from new localization pose (odom dt=0.000 s)
[INFO] [1786513603.772963124] [map_odom_tf_bridge_cpp]: updated map->odom from new localization pose (odom dt=0.000 s)
[INFO] [1786513604.773009893] [map_odom_tf_bridge_cpp]: updated map->odom from new localization pose (odom dt=0.001 s)
[INFO] [1786513605.873046416] [map_odom_tf_bridge_cpp]: updated map->odom from new localization pose (odom dt=0.001 s)
[INFO] [1786513606.876985377] [map_odom_tf_bridge_cpp]: updated map->odom from new localization pose (odom dt=0.001 s)
[INFO] [1786513607.973172973] [map_odom_tf_bridge_cpp]: updated map->odom from new localization pose (odom dt=0.007 s)
[INFO] [1786513608.973185532] [map_odom_tf_bridge_cpp]: updated map->odom from new localization pose (odom dt=0.010 s)
[INFO] [1786513610.073199335] [map_odom_tf_bridge_cpp]: updated map->odom from new localization pose (odom dt=0.010 s)
[INFO] [1786513611.173257587] [map_odom_tf_bridge_cpp]: updated map->odom from new localization pose (odom dt=0.001 s)
[INFO] [1786513612.273307454] [map_odom_tf_bridge_cpp]: updated map->odom from new localization pose (odom dt=0.001 s)
[INFO] [1786513613.373264519] [map_odom_tf_bridge_cpp]: updated map->odom from new localization pose (odom dt=0.000 s)
[INFO] [1786513614.373342904] [map_odom_tf_bridge_cpp]: updated map->odom from new localization pose (odom dt=0.001 s)
[INFO] [1786513615.573398015] [map_odom_tf_bridge_cpp]: updated map->odom from new localization pose (odom dt=0.000 s)
[INFO] [1786513616.673405865] [map_odom_tf_bridge_cpp]: updated map->odom from new localization pose (odom dt=0.001 s)
[INFO] [1786513617.673433145] [map_odom_tf_bridge_cpp]: updated map->odom from new localization pose (odom dt=0.000 s)
[INFO] [1786513618.673470409] [map_odom_tf_bridge_cpp]: updated map->odom from new localization pose (odom dt=0.001 s)
[INFO] [1786513619.673511738] [map_odom_tf_bridge_cpp]: updated map->odom from new localization pose (odom dt=0.001 s)
[INFO] [1786513620.673557130] [map_odom_tf_bridge_cpp]: updated map->odom from new localization pose (odom dt=0.001 s)
[INFO] [1786513621.773840413] [map_odom_tf_bridge_cpp]: updated map->odom from new localization pose (odom dt=0.001 s)
[INFO] [1786513622.873603615] [map_odom_tf_bridge_cpp]: updated map->odom from new localization pose (odom dt=0.000 s)
[INFO] [1786513623.873645872] [map_odom_tf_bridge_cpp]: updated map->odom from new localization pose (odom dt=0.001 s)
[INFO] [1786513624.873680576] [map_odom_tf_bridge_cpp]: updated map->odom from new localization pose (odom dt=0.001 s)
[INFO] [1786513625.873729072] [map_odom_tf_bridge_cpp]: updated map->odom from new localization pose (odom dt=0.001 s)
[INFO] [1786513626.973751835] [map_odom_tf_bridge_cpp]: updated map->odom from new localization pose (odom dt=0.003 s)
[INFO] [1786513628.073763941] [map_odom_tf_bridge_cpp]: updated map->odom from new localization pose (odom dt=0.007 s)
[INFO] [1786513629.073826838] [map_odom_tf_bridge_cpp]: updated map->odom from new localization pose (odom dt=0.001 s)
[INFO] [1786513630.073848646] [map_odom_tf_bridge_cpp]: updated map->odom from new localization pose (odom dt=0.005 s)
[INFO] [1786513631.073888150] [map_odom_tf_bridge_cpp]: updated map->odom from new localization pose (odom dt=0.001 s)
[INFO] [1786513632.073902309] [map_odom_tf_bridge_cpp]: updated map->odom from new localization pose (odom dt=0.001 s)
[INFO] [1786513633.173957041] [map_odom_tf_bridge_cpp]: updated map->odom from new localization pose (odom dt=0.000 s)
[INFO] [1786513634.273991516] [map_odom_tf_bridge_cpp]: updated map->odom from new localization pose (odom dt=0.000 s)
[INFO] [1786513635.274087246] [map_odom_tf_bridge_cpp]: updated map->odom from new localization pose (odom dt=0.001 s)
[INFO] [1786513636.374066232] [map_odom_tf_bridge_cpp]: updated map->odom from new localization pose (odom dt=0.001 s)
[INFO] [1786513637.474121187] [map_odom_tf_bridge_cpp]: updated map->odom from new localization pose (odom dt=0.001 s)
[INFO] [1786513638.474151827] [map_odom_tf_bridge_cpp]: updated map->odom from new localization pose (odom dt=0.000 s)
[INFO] [1786513639.574156349] [map_odom_tf_bridge_cpp]: updated map->odom from new localization pose (odom dt=0.000 s)
[INFO] [1786513640.574209902] [map_odom_tf_bridge_cpp]: updated map->odom from new localization pose (odom dt=0.000 s)
[INFO] [1786513641.574264671] [map_odom_tf_bridge_cpp]: updated map->odom from new localization pose (odom dt=0.001 s)
[INFO] [1786513642.774272388] [map_odom_tf_bridge_cpp]: updated map->odom from new localization pose (odom dt=0.000 s)
[INFO] [1786513643.874299343] [map_odom_tf_bridge_cpp]: updated map->odom from new localization pose (odom dt=0.000 s)
[INFO] [1786513644.874342239] [map_odom_tf_bridge_cpp]: updated map->odom from new localization pose (odom dt=0.001 s)
[INFO] [1786513645.874376239] [map_odom_tf_bridge_cpp]: updated map->odom from new localization pose (odom dt=0.000 s)
[INFO] [1786513646.874408639] [map_odom_tf_bridge_cpp]: updated map->odom from new localization pose (odom dt=0.000 s)
[INFO] [1786513647.874417678] [map_odom_tf_bridge_cpp]: updated map->odom from new localization pose (odom dt=0.000 s)
[INFO] [1786513648.874494304] [map_odom_tf_bridge_cpp]: updated map->odom from new localization pose (odom dt=0.001 s)
[INFO] [1786513649.874529072] [map_odom_tf_bridge_cpp]: updated map->odom from new localization pose (odom dt=0.001 s)
[INFO] [1786513650.874639042] [map_odom_tf_bridge_cpp]: updated map->odom from new localization pose (odom dt=0.001 s)
[INFO] [1786513652.074576677] [map_odom_tf_bridge_cpp]: updated map->odom from new localization pose (odom dt=0.004 s)
[INFO] [1786513653.074640054] [map_odom_tf_bridge_cpp]: updated map->odom from new localization pose (odom dt=0.000 s)
[INFO] [1786513654.075676839] [map_odom_tf_bridge_cpp]: updated map->odom from new localization pose (odom dt=0.000 s)
[INFO] [1786513655.174850262] [map_odom_tf_bridge_cpp]: updated map->odom from new localization pose (odom dt=0.001 s)
[INFO] [1786513656.274704507] [map_odom_tf_bridge_cpp]: updated map->odom from new localization pose (odom dt=0.000 s)
[INFO] [1786513657.274889264] [map_odom_tf_bridge_cpp]: updated map->odom from new localization pose (odom dt=0.001 s)
[INFO] [1786513658.374778775] [map_odom_tf_bridge_cpp]: updated map->odom from new localization pose (odom dt=0.001 s)
[INFO] [1786513659.374827175] [map_odom_tf_bridge_cpp]: updated map->odom from new localization pose (odom dt=0.000 s)
[INFO] [1786513660.475623915] [map_odom_tf_bridge_cpp]: updated map->odom from new localization pose (odom dt=0.000 s)
[INFO] [1786513661.675003964] [map_odom_tf_bridge_cpp]: updated map->odom from new localization pose (odom dt=0.001 s)
[INFO] [1786513662.974925914] [map_odom_tf_bridge_cpp]: updated map->odom from new localization pose (odom dt=0.000 s)
[INFO] [1786513663.975986411] [map_odom_tf_bridge_cpp]: updated map->odom from new localization pose (odom dt=0.006 s)
[INFO] [1786513665.075011605] [map_odom_tf_bridge_cpp]: updated map->odom from new localization pose (odom dt=0.001 s)
[INFO] [1786513666.075140456] [map_odom_tf_bridge_cpp]: updated map->odom from new localization pose (odom dt=0.001 s)
[INFO] [1786513667.175059472] [map_odom_tf_bridge_cpp]: updated map->odom from new localization pose (odom dt=0.001 s)
[INFO] [1786513668.175113728] [map_odom_tf_bridge_cpp]: updated map->odom from new localization pose (odom dt=0.002 s)
[INFO] [1786513669.175139120] [map_odom_tf_bridge_cpp]: updated map->odom from new localization pose (odom dt=0.001 s)
[INFO] [1786513670.275138362] [map_odom_tf_bridge_cpp]: updated map->odom from new localization pose (odom dt=0.000 s)
[INFO] [1786513671.275236108] [map_odom_tf_bridge_cpp]: updated map->odom from new localization pose (odom dt=0.000 s)
[INFO] [1786513672.275250076] [map_odom_tf_bridge_cpp]: updated map->odom from new localization pose (odom dt=0.000 s)
[INFO] [1786513673.275286412] [map_odom_tf_bridge_cpp]: updated map->odom from new localization pose (odom dt=0.000 s)
[INFO] [1786513674.275313627] [map_odom_tf_bridge_cpp]: updated map->odom from new localization pose (odom dt=0.008 s)
[INFO] [1786513675.275333451] [map_odom_tf_bridge_cpp]: updated map->odom from new localization pose (odom dt=0.005 s)
[INFO] [1786513676.275379227] [map_odom_tf_bridge_cpp]: updated map->odom from new localization pose (odom dt=0.001 s)
[INFO] [1786513677.275425932] [map_odom_tf_bridge_cpp]: updated map->odom from new localization pose (odom dt=0.001 s)
[INFO] [1786513678.275469116] [map_odom_tf_bridge_cpp]: updated map->odom from new localization pose (odom dt=0.000 s)
[INFO] [1786513679.275479275] [map_odom_tf_bridge_cpp]: updated map->odom from new localization pose (odom dt=0.001 s)
[INFO] [1786513680.275519932] [map_odom_tf_bridge_cpp]: updated map->odom from new localization pose (odom dt=0.001 s)
[INFO] [1786513681.575587966] [map_odom_tf_bridge_cpp]: updated map->odom from new localization pose (odom dt=0.000 s)
[INFO] [1786513682.675579336] [map_odom_tf_bridge_cpp]: updated map->odom from new localization pose (odom dt=0.010 s)
[INFO] [1786513683.675624376] [map_odom_tf_bridge_cpp]: updated map->odom from new localization pose (odom dt=0.003 s)
[INFO] [1786513684.675640615] [map_odom_tf_bridge_cpp]: updated map->odom from new localization pose (odom dt=0.001 s)
[INFO] [1786513685.675687288] [map_odom_tf_bridge_cpp]: updated map->odom from new localization pose (odom dt=0.000 s)
[INFO] [1786513686.775706850] [map_odom_tf_bridge_cpp]: updated map->odom from new localization pose (odom dt=0.001 s)
[INFO] [1786513687.775755571] [map_odom_tf_bridge_cpp]: updated map->odom from new localization pose (odom dt=0.001 s)
[INFO] [1786513688.775892454] [map_odom_tf_bridge_cpp]: updated map->odom from new localization pose (odom dt=0.000 s)
[INFO] [1786513689.875862575] [map_odom_tf_bridge_cpp]: updated map->odom from new localization pose (odom dt=0.000 s)
[INFO] [1786513691.175849935] [map_odom_tf_bridge_cpp]: updated map->odom from new localization pose (odom dt=0.001 s)
[INFO] [1786513692.175898688] [map_odom_tf_bridge_cpp]: updated map->odom from new localization pose (odom dt=0.009 s)
[INFO] [1786513693.275926891] [map_odom_tf_bridge_cpp]: updated map->odom from new localization pose (odom dt=0.001 s)
[INFO] [1786513694.275959290] [map_odom_tf_bridge_cpp]: updated map->odom from new localization pose (odom dt=0.008 s)
[INFO] [1786513695.376021862] [map_odom_tf_bridge_cpp]: updated map->odom from new localization pose (odom dt=0.001 s)
[INFO] [1786513696.476050769] [map_odom_tf_bridge_cpp]: updated map->odom from new localization pose (odom dt=0.000 s)
[INFO] [1786513697.476080545] [map_odom_tf_bridge_cpp]: updated map->odom from new localization pose (odom dt=0.000 s)
[INFO] [1786513698.576107468] [map_odom_tf_bridge_cpp]: updated map->odom from new localization pose (odom dt=0.002 s)
[INFO] [1786513699.576147932] [map_odom_tf_bridge_cpp]: updated map->odom from new localization pose (odom dt=0.001 s)
[INFO] [1786513700.676216489] [map_odom_tf_bridge_cpp]: updated map->odom from new localization pose (odom dt=0.000 s)
[INFO] [1786513701.676541442] [map_odom_tf_bridge_cpp]: updated map->odom from new localization pose (odom dt=0.005 s)
[INFO] [1786513702.876303423] [map_odom_tf_bridge_cpp]: updated map->odom from new localization pose (odom dt=0.001 s)
[INFO] [1786513704.276290906] [map_odom_tf_bridge_cpp]: updated map->odom from new localization pose (odom dt=0.000 s)
[INFO] [1786513705.276333579] [map_odom_tf_bridge_cpp]: updated map->odom from new localization pose (odom dt=0.000 s)
[INFO] [1786513706.276375803] [map_odom_tf_bridge_cpp]: updated map->odom from new localization pose (odom dt=0.001 s)
[INFO] [1786513707.376412070] [map_odom_tf_bridge_cpp]: updated map->odom from new localization pose (odom dt=0.000 s)
[INFO] [1786513708.376443446] [map_odom_tf_bridge_cpp]: updated map->odom from new localization pose (odom dt=0.001 s)
[INFO] [1786513709.477090293] [map_odom_tf_bridge_cpp]: updated map->odom from new localization pose (odom dt=0.000 s)
[INFO] [1786513710.676872211] [map_odom_tf_bridge_cpp]: updated map->odom from new localization pose (odom dt=0.001 s)
[INFO] [1786513711.678703710] [map_odom_tf_bridge_cpp]: updated map->odom from new localization pose (odom dt=0.001 s)
[INFO] [1786513712.776960879] [map_odom_tf_bridge_cpp]: updated map->odom from new localization pose (odom dt=0.001 s)
[INFO] [1786513713.777360491] [map_odom_tf_bridge_cpp]: updated map->odom from new localization pose (odom dt=0.000 s)
[INFO] [1786513714.876682655] [map_odom_tf_bridge_cpp]: updated map->odom from new localization pose (odom dt=0.000 s)
[INFO] [1786513715.976708041] [map_odom_tf_bridge_cpp]: updated map->odom from new localization pose (odom dt=0.006 s)
[INFO] [1786513717.076705299] [map_odom_tf_bridge_cpp]: updated map->odom from new localization pose (odom dt=0.009 s)
[INFO] [1786513718.076736579] [map_odom_tf_bridge_cpp]: updated map->odom from new localization pose (odom dt=0.008 s)
[INFO] [1786513719.077650928] [map_odom_tf_bridge_cpp]: updated map->odom from new localization pose (odom dt=0.006 s)
[INFO] [1786513720.176839071] [map_odom_tf_bridge_cpp]: updated map->odom from new localization pose (odom dt=0.000 s)
[INFO] [1786513721.276833801] [map_odom_tf_bridge_cpp]: updated map->odom from new localization pose (odom dt=0.002 s)
[INFO] [1786513722.276918395] [map_odom_tf_bridge_cpp]: updated map->odom from new localization pose (odom dt=0.001 s)
[INFO] [1786513723.276928458] [map_odom_tf_bridge_cpp]: updated map->odom from new localization pose (odom dt=0.001 s)
[INFO] [1786513724.277611824] [map_odom_tf_bridge_cpp]: updated map->odom from new localization pose (odom dt=0.003 s)
[INFO] [1786513725.377011142] [map_odom_tf_bridge_cpp]: updated map->odom from new localization pose (odom dt=0.000 s)
[INFO] [1786513726.377046166] [map_odom_tf_bridge_cpp]: updated map->odom from new localization pose (odom dt=0.001 s)
[INFO] [1786513727.484348976] [map_odom_tf_bridge_cpp]: updated map->odom from new localization pose (odom dt=0.001 s)
[INFO] [1786513728.677560278] [map_odom_tf_bridge_cpp]: updated map->odom from new localization pose (odom dt=0.000 s)
[INFO] [1786513729.777126123] [map_odom_tf_bridge_cpp]: updated map->odom from new localization pose (odom dt=0.001 s)
[INFO] [1786513730.777170274] [map_odom_tf_bridge_cpp]: updated map->odom from new localization pose (odom dt=0.000 s)
[INFO] [1786513731.777173304] [map_odom_tf_bridge_cpp]: updated map->odom from new localization pose (odom dt=0.001 s)
[INFO] [1786513732.777241295] [map_odom_tf_bridge_cpp]: updated map->odom from new localization pose (odom dt=0.001 s)
[INFO] [1786513733.777288454] [map_odom_tf_bridge_cpp]: updated map->odom from new localization pose (odom dt=0.001 s)
[INFO] [1786513734.777296668] [map_odom_tf_bridge_cpp]: updated map->odom from new localization pose (odom dt=0.000 s)
[INFO] [1786513735.777338803] [map_odom_tf_bridge_cpp]: updated map->odom from new localization pose (odom dt=0.002 s)
[INFO] [1786513736.777397354] [map_odom_tf_bridge_cpp]: updated map->odom from new localization pose (odom dt=0.001 s)
[INFO] [1786513737.977417630] [map_odom_tf_bridge_cpp]: updated map->odom from new localization pose (odom dt=0.008 s)
[INFO] [1786513738.977455989] [map_odom_tf_bridge_cpp]: updated map->odom from new localization pose (odom dt=0.000 s)
[INFO] [1786513739.977510988] [map_odom_tf_bridge_cpp]: updated map->odom from new localization pose (odom dt=0.001 s)
[INFO] [1786513740.979329119] [map_odom_tf_bridge_cpp]: updated map->odom from new localization pose (odom dt=0.001 s)
[INFO] [1786513742.077581512] [map_odom_tf_bridge_cpp]: updated map->odom from new localization pose (odom dt=0.001 s)
[INFO] [1786513743.177586413] [map_odom_tf_bridge_cpp]: updated map->odom from new localization pose (odom dt=0.000 s)
[INFO] [1786513744.177617891] [map_odom_tf_bridge_cpp]: updated map->odom from new localization pose (odom dt=0.001 s)
[INFO] [1786513745.277684778] [map_odom_tf_bridge_cpp]: updated map->odom from new localization pose (odom dt=0.000 s)
[INFO] [1786513746.277761058] [map_odom_tf_bridge_cpp]: updated map->odom from new localization pose (odom dt=0.001 s)
[INFO] [1786513747.277771032] [map_odom_tf_bridge_cpp]: updated map->odom from new localization pose (odom dt=0.001 s)
[INFO] [1786513748.377767580] [map_odom_tf_bridge_cpp]: updated map->odom from new localization pose (odom dt=0.001 s)
[INFO] [1786513749.477800865] [map_odom_tf_bridge_cpp]: updated map->odom from new localization pose (odom dt=0.000 s)
[INFO] [1786513750.477821175] [map_odom_tf_bridge_cpp]: updated map->odom from new localization pose (odom dt=0.000 s)
[INFO] [1786513751.477888399] [map_odom_tf_bridge_cpp]: updated map->odom from new localization pose (odom dt=0.000 s)
[INFO] [1786513752.677931524] [map_odom_tf_bridge_cpp]: updated map->odom from new localization pose (odom dt=0.000 s)
[INFO] [1786513753.777946536] [map_odom_tf_bridge_cpp]: updated map->odom from new localization pose (odom dt=0.001 s)
[INFO] [1786513754.778601908] [map_odom_tf_bridge_cpp]: updated map->odom from new localization pose (odom dt=0.001 s)
[INFO] [1786513755.878024197] [map_odom_tf_bridge_cpp]: updated map->odom from new localization pose (odom dt=0.001 s)
[INFO] [1786513756.878037467] [map_odom_tf_bridge_cpp]: updated map->odom from new localization pose (odom dt=0.001 s)
[INFO] [1786513757.878085042] [map_odom_tf_bridge_cpp]: updated map->odom from new localization pose (odom dt=0.000 s)
[INFO] [1786513758.978124343] [map_odom_tf_bridge_cpp]: updated map->odom from new localization pose (odom dt=0.000 s)
[INFO] [1786513760.078174973] [map_odom_tf_bridge_cpp]: updated map->odom from new localization pose (odom dt=0.001 s)
[INFO] [1786513761.078197172] [map_odom_tf_bridge_cpp]: updated map->odom from new localization pose (odom dt=0.001 s)
[INFO] [1786513762.078267947] [map_odom_tf_bridge_cpp]: updated map->odom from new localization pose (odom dt=0.001 s)
[INFO] [1786513763.078277633] [map_odom_tf_bridge_cpp]: updated map->odom from new localization pose (odom dt=0.001 s)
[INFO] [1786513764.078306392] [map_odom_tf_bridge_cpp]: updated map->odom from new localization pose (odom dt=0.002 s)
[INFO] [1786513765.178335741] [map_odom_tf_bridge_cpp]: updated map->odom from new localization pose (odom dt=0.001 s)
[INFO] [1786513766.178373012] [map_odom_tf_bridge_cpp]: updated map->odom from new localization pose (odom dt=0.003 s)
[INFO] [1786513767.278447354] [map_odom_tf_bridge_cpp]: updated map->odom from new localization pose (odom dt=0.001 s)
[INFO] [1786513768.378442175] [map_odom_tf_bridge_cpp]: updated map->odom from new localization pose (odom dt=0.001 s)
[INFO] [1786513769.378471829] [map_odom_tf_bridge_cpp]: updated map->odom from new localization pose (odom dt=0.001 s)
[INFO] [1786513770.378560621] [map_odom_tf_bridge_cpp]: updated map->odom from new localization pose (odom dt=0.001 s)
[INFO] [1786513771.378579171] [map_odom_tf_bridge_cpp]: updated map->odom from new localization pose (odom dt=0.001 s)
[INFO] [1786513772.478597704] [map_odom_tf_bridge_cpp]: updated map->odom from new localization pose (odom dt=0.001 s)
[INFO] [1786513773.478654144] [map_odom_tf_bridge_cpp]: updated map->odom from new localization pose (odom dt=0.001 s)
[INFO] [1786513774.478692630] [map_odom_tf_bridge_cpp]: updated map->odom from new localization pose (odom dt=0.001 s)
[INFO] [1786513775.478695596] [map_odom_tf_bridge_cpp]: updated map->odom from new localization pose (odom dt=0.001 s)
[INFO] [1786513776.478727714] [map_odom_tf_bridge_cpp]: updated map->odom from new localization pose (odom dt=0.000 s)
[INFO] [1786513777.478789370] [map_odom_tf_bridge_cpp]: updated map->odom from new localization pose (odom dt=0.000 s)
[INFO] [1786513778.678829231] [map_odom_tf_bridge_cpp]: updated map->odom from new localization pose (odom dt=0.000 s)
[INFO] [1786513779.678844420] [map_odom_tf_bridge_cpp]: updated map->odom from new localization pose (odom dt=0.000 s)
[INFO] [1786513780.678846394] [map_odom_tf_bridge_cpp]: updated map->odom from new localization pose (odom dt=0.000 s)
[INFO] [1786513781.678890257] [map_odom_tf_bridge_cpp]: updated map->odom from new localization pose (odom dt=0.000 s)
[INFO] [1786513782.678918407] [map_odom_tf_bridge_cpp]: updated map->odom from new localization pose (odom dt=0.001 s)
[INFO] [1786513783.679292489] [map_odom_tf_bridge_cpp]: updated map->odom from new localization pose (odom dt=0.001 s)
[INFO] [1786513784.778995395] [map_odom_tf_bridge_cpp]: updated map->odom from new localization pose (odom dt=0.001 s)
[INFO] [1786513785.779290179] [map_odom_tf_bridge_cpp]: updated map->odom from new localization pose (odom dt=0.000 s)
[INFO] [1786513786.879086048] [map_odom_tf_bridge_cpp]: updated map->odom from new localization pose (odom dt=0.001 s)
[INFO] [1786513788.079130741] [map_odom_tf_bridge_cpp]: updated map->odom from new localization pose (odom dt=0.002 s)
[INFO] [1786513789.079130763] [map_odom_tf_bridge_cpp]: updated map->odom from new localization pose (odom dt=0.001 s)
[INFO] [1786513790.079177089] [map_odom_tf_bridge_cpp]: updated map->odom from new localization pose (odom dt=0.001 s)
[INFO] [1786513791.079274138] [map_odom_tf_bridge_cpp]: updated map->odom from new localization pose (odom dt=0.000 s)
[INFO] [1786513792.079287024] [map_odom_tf_bridge_cpp]: updated map->odom from new localization pose (odom dt=0.001 s)
[INFO] [1786513793.079333383] [map_odom_tf_bridge_cpp]: updated map->odom from new localization pose (odom dt=0.010 s)
[INFO] [1786513794.179330091] [map_odom_tf_bridge_cpp]: updated map->odom from new localization pose (odom dt=0.001 s)
[INFO] [1786513795.179361890] [map_odom_tf_bridge_cpp]: updated map->odom from new localization pose (odom dt=0.001 s)
[INFO] [1786513796.279396295] [map_odom_tf_bridge_cpp]: updated map->odom from new localization pose (odom dt=0.000 s)
[INFO] [1786513797.379443021] [map_odom_tf_bridge_cpp]: updated map->odom from new localization pose (odom dt=0.001 s)
[INFO] [1786513798.479473939] [map_odom_tf_bridge_cpp]: updated map->odom from new localization pose (odom dt=0.001 s)
[INFO] [1786513799.479533706] [map_odom_tf_bridge_cpp]: updated map->odom from new localization pose (odom dt=0.001 s)
[INFO] [1786513800.479543328] [map_odom_tf_bridge_cpp]: updated map->odom from new localization pose (odom dt=0.001 s)
[INFO] [1786513801.579571781] [map_odom_tf_bridge_cpp]: updated map->odom from new localization pose (odom dt=0.001 s)
[INFO] [1786513802.579619068] [map_odom_tf_bridge_cpp]: updated map->odom from new localization pose (odom dt=0.000 s)
[INFO] [1786513803.679682210] [map_odom_tf_bridge_cpp]: updated map->odom from new localization pose (odom dt=0.000 s)
[INFO] [1786513804.680579798] [map_odom_tf_bridge_cpp]: updated map->odom from new localization pose (odom dt=0.001 s)
[INFO] [1786513805.681527628] [map_odom_tf_bridge_cpp]: updated map->odom from new localization pose (odom dt=0.001 s)
[INFO] [1786513806.779759252] [map_odom_tf_bridge_cpp]: updated map->odom from new localization pose (odom dt=0.001 s)
[INFO] [1786513807.779787467] [map_odom_tf_bridge_cpp]: updated map->odom from new localization pose (odom dt=0.001 s)
[INFO] [1786513808.780434998] [map_odom_tf_bridge_cpp]: updated map->odom from new localization pose (odom dt=0.000 s)
[INFO] [1786513809.979889623] [map_odom_tf_bridge_cpp]: updated map->odom from new localization pose (odom dt=0.002 s)
[INFO] [1786513810.979889676] [map_odom_tf_bridge_cpp]: updated map->odom from new localization pose (odom dt=0.001 s)
[INFO] [1786513811.979934275] [map_odom_tf_bridge_cpp]: updated map->odom from new localization pose (odom dt=0.000 s)
[INFO] [1786513813.079974313] [map_odom_tf_bridge_cpp]: updated map->odom from new localization pose (odom dt=0.001 s)
[INFO] [1786513814.079993567] [map_odom_tf_bridge_cpp]: updated map->odom from new localization pose (odom dt=0.005 s)
[INFO] [1786513815.080045494] [map_odom_tf_bridge_cpp]: updated map->odom from new localization pose (odom dt=0.007 s)
[INFO] [1786513816.180060347] [map_odom_tf_bridge_cpp]: updated map->odom from new localization pose (odom dt=0.000 s)
[INFO] [1786513817.280126241] [map_odom_tf_bridge_cpp]: updated map->odom from new localization pose (odom dt=0.000 s)
[INFO] [1786513818.280260539] [map_odom_tf_bridge_cpp]: updated map->odom from new localization pose (odom dt=0.001 s)
[INFO] [1786513819.480247374] [map_odom_tf_bridge_cpp]: updated map->odom from new localization pose (odom dt=0.001 s)
[INFO] [1786513820.580476442] [map_odom_tf_bridge_cpp]: updated map->odom from new localization pose (odom dt=0.000 s)
[INFO] [1786513821.681014321] [map_odom_tf_bridge_cpp]: updated map->odom from new localization pose (odom dt=0.002 s)
[INFO] [1786513822.780327646] [map_odom_tf_bridge_cpp]: updated map->odom from new localization pose (odom dt=0.001 s)
[INFO] [1786513823.780336628] [map_odom_tf_bridge_cpp]: updated map->odom from new localization pose (odom dt=0.000 s)
[INFO] [1786513824.780375082] [map_odom_tf_bridge_cpp]: updated map->odom from new localization pose (odom dt=0.000 s)
[INFO] [1786513825.780431874] [map_odom_tf_bridge_cpp]: updated map->odom from new localization pose (odom dt=0.001 s)
[INFO] [1786513826.880462439] [map_odom_tf_bridge_cpp]: updated map->odom from new localization pose (odom dt=0.000 s)
[INFO] [1786513827.880477405] [map_odom_tf_bridge_cpp]: updated map->odom from new localization pose (odom dt=0.000 s)
[INFO] [1786513828.880502131] [map_odom_tf_bridge_cpp]: updated map->odom from new localization pose (odom dt=0.000 s)
[INFO] [1786513829.880541482] [map_odom_tf_bridge_cpp]: updated map->odom from new localization pose (odom dt=0.000 s)
[INFO] [1786513830.980576207] [map_odom_tf_bridge_cpp]: updated map->odom from new localization pose (odom dt=0.000 s)
[INFO] [1786513832.080705304] [map_odom_tf_bridge_cpp]: updated map->odom from new localization pose (odom dt=0.003 s)
[INFO] [1786513833.280668970] [map_odom_tf_bridge_cpp]: updated map->odom from new localization pose (odom dt=0.000 s)
[INFO] [1786513834.280681056] [map_odom_tf_bridge_cpp]: updated map->odom from new localization pose (odom dt=0.000 s)
[INFO] [1786513835.280734775] [map_odom_tf_bridge_cpp]: updated map->odom from new localization pose (odom dt=0.000 s)
[INFO] [1786513836.280760077] [map_odom_tf_bridge_cpp]: updated map->odom from new localization pose (odom dt=0.000 s)
[INFO] [1786513837.280775971] [map_odom_tf_bridge_cpp]: updated map->odom from new localization pose (odom dt=0.000 s)
[INFO] [1786513838.280859644] [map_odom_tf_bridge_cpp]: updated map->odom from new localization pose (odom dt=0.000 s)
[INFO] [1786513839.380850624] [map_odom_tf_bridge_cpp]: updated map->odom from new localization pose (odom dt=0.000 s)
[INFO] [1786513840.380891671] [map_odom_tf_bridge_cpp]: updated map->odom from new localization pose (odom dt=0.000 s)
[INFO] [1786513841.380930957] [map_odom_tf_bridge_cpp]: updated map->odom from new localization pose (odom dt=0.000 s)
[INFO] [1786513842.380984804] [map_odom_tf_bridge_cpp]: updated map->odom from new localization pose (odom dt=0.000 s)
[INFO] [1786513843.481017354] [map_odom_tf_bridge_cpp]: updated map->odom from new localization pose (odom dt=0.000 s)
[INFO] [1786513844.481027552] [map_odom_tf_bridge_cpp]: updated map->odom from new localization pose (odom dt=0.000 s)
[INFO] [1786513845.481080279] [map_odom_tf_bridge_cpp]: updated map->odom from new localization pose (odom dt=0.000 s)
[INFO] [1786513846.481109869] [map_odom_tf_bridge_cpp]: updated map->odom from new localization pose (odom dt=0.000 s)
[INFO] [1786513847.481138404] [map_odom_tf_bridge_cpp]: updated map->odom from new localization pose (odom dt=0.000 s)
[INFO] [1786513848.481183227] [map_odom_tf_bridge_cpp]: updated map->odom from new localization pose (odom dt=0.000 s)
[INFO] [1786513849.581212960] [map_odom_tf_bridge_cpp]: updated map->odom from new localization pose (odom dt=0.001 s)
[INFO] [1786513850.681251014] [map_odom_tf_bridge_cpp]: updated map->odom from new localization pose (odom dt=0.000 s)
[INFO] [1786513851.681281404] [map_odom_tf_bridge_cpp]: updated map->odom from new localization pose (odom dt=0.000 s)
[INFO] [1786513852.681319187] [map_odom_tf_bridge_cpp]: updated map->odom from new localization pose (odom dt=0.000 s)
[INFO] [1786513853.781361176] [map_odom_tf_bridge_cpp]: updated map->odom from new localization pose (odom dt=0.000 s)
[INFO] [1786513854.781395023] [map_odom_tf_bridge_cpp]: updated map->odom from new localization pose (odom dt=0.000 s)
[INFO] [1786513855.881467862] [map_odom_tf_bridge_cpp]: updated map->odom from new localization pose (odom dt=0.000 s)
[INFO] [1786513856.981452378] [map_odom_tf_bridge_cpp]: updated map->odom from new localization pose (odom dt=0.000 s)
[INFO] [1786513857.981489072] [map_odom_tf_bridge_cpp]: updated map->odom from new localization pose (odom dt=0.002 s)
[INFO] [1786513859.081550149] [map_odom_tf_bridge_cpp]: updated map->odom from new localization pose (odom dt=0.004 s)
[INFO] [1786513860.081714568] [map_odom_tf_bridge_cpp]: updated map->odom from new localization pose (odom dt=0.000 s)
[INFO] [1786513861.181613864] [map_odom_tf_bridge_cpp]: updated map->odom from new localization pose (odom dt=0.000 s)
[INFO] [1786513862.181973234] [map_odom_tf_bridge_cpp]: updated map->odom from new localization pose (odom dt=0.000 s)
[INFO] [1786513863.381854103] [map_odom_tf_bridge_cpp]: updated map->odom from new localization pose (odom dt=0.000 s)
[INFO] [1786513864.581822111] [map_odom_tf_bridge_cpp]: updated map->odom from new localization pose (odom dt=0.000 s)
[INFO] [1786513865.581845277] [map_odom_tf_bridge_cpp]: updated map->odom from new localization pose (odom dt=0.000 s)
[INFO] [1786513866.582344620] [map_odom_tf_bridge_cpp]: updated map->odom from new localization pose (odom dt=0.000 s)
[INFO] [1786513867.681754490] [map_odom_tf_bridge_cpp]: updated map->odom from new localization pose (odom dt=0.000 s)
[INFO] [1786513868.681876027] [map_odom_tf_bridge_cpp]: updated map->odom from new localization pose (odom dt=0.001 s)
[INFO] [1786513869.681929242] [map_odom_tf_bridge_cpp]: updated map->odom from new localization pose (odom dt=0.000 s)
[INFO] [1786513870.682072892] [map_odom_tf_bridge_cpp]: updated map->odom from new localization pose (odom dt=0.000 s)
[INFO] [1786513871.682083994] [map_odom_tf_bridge_cpp]: updated map->odom from new localization pose (odom dt=0.000 s)
[INFO] [1786513872.781975865] [map_odom_tf_bridge_cpp]: updated map->odom from new localization pose (odom dt=0.000 s)
[INFO] [1786513873.782112059] [map_odom_tf_bridge_cpp]: updated map->odom from new localization pose (odom dt=0.000 s)
[INFO] [1786513874.882030075] [map_odom_tf_bridge_cpp]: updated map->odom from new localization pose (odom dt=0.001 s)
[INFO] [1786513875.882186334] [map_odom_tf_bridge_cpp]: updated map->odom from new localization pose (odom dt=0.000 s)
[INFO] [1786513876.982227683] [map_odom_tf_bridge_cpp]: updated map->odom from new localization pose (odom dt=0.000 s)
[INFO] [1786513878.182134440] [map_odom_tf_bridge_cpp]: updated map->odom from new localization pose (odom dt=0.000 s)
[INFO] [1786513879.182231049] [map_odom_tf_bridge_cpp]: updated map->odom from new localization pose (odom dt=0.000 s)
[INFO] [1786513880.182300297] [map_odom_tf_bridge_cpp]: updated map->odom from new localization pose (odom dt=0.004 s)
[INFO] [1786513881.282471058] [map_odom_tf_bridge_cpp]: updated map->odom from new localization pose (odom dt=0.000 s)
[INFO] [1786513882.382423507] [map_odom_tf_bridge_cpp]: updated map->odom from new localization pose (odom dt=0.000 s)
[INFO] [1786513883.482391413] [map_odom_tf_bridge_cpp]: updated map->odom from new localization pose (odom dt=0.001 s)
[INFO] [1786513884.482469013] [map_odom_tf_bridge_cpp]: updated map->odom from new localization pose (odom dt=0.000 s)
[INFO] [1786513885.482469490] [map_odom_tf_bridge_cpp]: updated map->odom from new localization pose (odom dt=0.001 s)
[INFO] [1786513886.582515735] [map_odom_tf_bridge_cpp]: updated map->odom from new localization pose (odom dt=0.000 s)
[INFO] [1786513887.682910633] [map_odom_tf_bridge_cpp]: updated map->odom from new localization pose (odom dt=0.003 s)
[INFO] [1786513888.782789703] [map_odom_tf_bridge_cpp]: updated map->odom from new localization pose (odom dt=0.000 s)
[INFO] [1786513889.882619172] [map_odom_tf_bridge_cpp]: updated map->odom from new localization pose (odom dt=0.000 s)
[INFO] [1786513890.982651049] [map_odom_tf_bridge_cpp]: updated map->odom from new localization pose (odom dt=0.000 s)
[INFO] [1786513891.982712360] [map_odom_tf_bridge_cpp]: updated map->odom from new localization pose (odom dt=0.004 s)
[INFO] [1786513892.982922189] [map_odom_tf_bridge_cpp]: updated map->odom from new localization pose (odom dt=0.006 s)
[INFO] [1786513893.982953739] [map_odom_tf_bridge_cpp]: updated map->odom from new localization pose (odom dt=0.010 s)
[INFO] [1786513895.184694644] [map_odom_tf_bridge_cpp]: updated map->odom from new localization pose (odom dt=0.000 s)
[INFO] [1786513896.382872186] [map_odom_tf_bridge_cpp]: updated map->odom from new localization pose (odom dt=0.000 s)
[INFO] [1786513897.382901880] [map_odom_tf_bridge_cpp]: updated map->odom from new localization pose (odom dt=0.000 s)
[INFO] [1786513898.382902901] [map_odom_tf_bridge_cpp]: updated map->odom from new localization pose (odom dt=0.000 s)
[INFO] [1786513899.383079513] [map_odom_tf_bridge_cpp]: updated map->odom from new localization pose (odom dt=0.000 s)
[INFO] [1786513900.583026624] [map_odom_tf_bridge_cpp]: updated map->odom from new localization pose (odom dt=0.000 s)
[INFO] [1786513901.583060446] [map_odom_tf_bridge_cpp]: updated map->odom from new localization pose (odom dt=0.000 s)
[INFO] [1786513902.583129310] [map_odom_tf_bridge_cpp]: updated map->odom from new localization pose (odom dt=0.000 s)
[INFO] [1786513903.683135873] [map_odom_tf_bridge_cpp]: updated map->odom from new localization pose (odom dt=0.000 s)
[INFO] [1786513904.683166528] [map_odom_tf_bridge_cpp]: updated map->odom from new localization pose (odom dt=0.004 s)
[INFO] [1786513905.783213188] [map_odom_tf_bridge_cpp]: updated map->odom from new localization pose (odom dt=0.000 s)
[INFO] [1786513906.883265801] [map_odom_tf_bridge_cpp]: updated map->odom from new localization pose (odom dt=0.000 s)
[INFO] [1786513907.883301768] [map_odom_tf_bridge_cpp]: updated map->odom from new localization pose (odom dt=0.000 s)
[INFO] [1786513908.883310437] [map_odom_tf_bridge_cpp]: updated map->odom from new localization pose (odom dt=0.000 s)
[INFO] [1786513909.983357258] [map_odom_tf_bridge_cpp]: updated map->odom from new localization pose (odom dt=0.004 s)
[INFO] [1786513910.983419913] [map_odom_tf_bridge_cpp]: updated map->odom from new localization pose (odom dt=0.003 s)
[INFO] [1786513911.983467688] [map_odom_tf_bridge_cpp]: updated map->odom from new localization pose (odom dt=0.002 s)
[INFO] [1786513913.183514451] [map_odom_tf_bridge_cpp]: updated map->odom from new localization pose (odom dt=0.000 s)
[INFO] [1786513914.183514736] [map_odom_tf_bridge_cpp]: updated map->odom from new localization pose (odom dt=0.000 s)
[INFO] [1786513915.183570287] [map_odom_tf_bridge_cpp]: updated map->odom from new localization pose (odom dt=0.002 s)
[INFO] [1786513916.283585651] [map_odom_tf_bridge_cpp]: updated map->odom from new localization pose (odom dt=0.001 s)
[INFO] [1786513917.283624049] [map_odom_tf_bridge_cpp]: updated map->odom from new localization pose (odom dt=0.000 s)
[INFO] [1786513918.384034084] [map_odom_tf_bridge_cpp]: updated map->odom from new localization pose (odom dt=0.000 s)
[INFO] [1786513919.484765825] [map_odom_tf_bridge_cpp]: updated map->odom from new localization pose (odom dt=0.000 s)
[INFO] [1786513920.683793927] [map_odom_tf_bridge_cpp]: updated map->odom from new localization pose (odom dt=0.000 s)
[INFO] [1786513921.783805771] [map_odom_tf_bridge_cpp]: updated map->odom from new localization pose (odom dt=0.000 s)
[INFO] [1786513922.784585284] [map_odom_tf_bridge_cpp]: updated map->odom from new localization pose (odom dt=0.000 s)
[INFO] [1786513923.884347743] [map_odom_tf_bridge_cpp]: updated map->odom from new localization pose (odom dt=0.000 s)
[INFO] [1786513925.083932633] [map_odom_tf_bridge_cpp]: updated map->odom from new localization pose (odom dt=0.008 s)
[INFO] [1786513926.183974845] [map_odom_tf_bridge_cpp]: updated map->odom from new localization pose (odom dt=0.000 s)
[INFO] [1786513927.184689557] [map_odom_tf_bridge_cpp]: updated map->odom from new localization pose (odom dt=0.000 s)
[INFO] [1786513928.284059649] [map_odom_tf_bridge_cpp]: updated map->odom from new localization pose (odom dt=0.000 s)
[INFO] [1786513929.284083295] [map_odom_tf_bridge_cpp]: updated map->odom from new localization pose (odom dt=0.000 s)
[INFO] [1786513930.284115581] [map_odom_tf_bridge_cpp]: updated map->odom from new localization pose (odom dt=0.000 s)
[INFO] [1786513931.284881750] [map_odom_tf_bridge_cpp]: updated map->odom from new localization pose (odom dt=0.000 s)
[INFO] [1786513932.485164329] [map_odom_tf_bridge_cpp]: updated map->odom from new localization pose (odom dt=0.000 s)
[INFO] [1786513933.684261074] [map_odom_tf_bridge_cpp]: updated map->odom from new localization pose (odom dt=0.000 s)
[INFO] [1786513934.685169968] [map_odom_tf_bridge_cpp]: updated map->odom from new localization pose (odom dt=0.000 s)
[INFO] [1786513935.784268850] [map_odom_tf_bridge_cpp]: updated map->odom from new localization pose (odom dt=0.000 s)
[INFO] [1786513936.784770082] [map_odom_tf_bridge_cpp]: updated map->odom from new localization pose (odom dt=0.000 s)
[INFO] [1786513937.884398903] [map_odom_tf_bridge_cpp]: updated map->odom from new localization pose (odom dt=0.000 s)
[INFO] [1786513938.984871243] [map_odom_tf_bridge_cpp]: updated map->odom from new localization pose (odom dt=0.002 s)
[INFO] [1786513940.084480992] [map_odom_tf_bridge_cpp]: updated map->odom from new localization pose (odom dt=0.000 s)
[INFO] [1786513941.184498948] [map_odom_tf_bridge_cpp]: updated map->odom from new localization pose (odom dt=0.000 s)
[INFO] [1786513942.284526376] [map_odom_tf_bridge_cpp]: updated map->odom from new localization pose (odom dt=0.000 s)
[INFO] [1786513943.285408454] [map_odom_tf_bridge_cpp]: updated map->odom from new localization pose (odom dt=0.000 s)
[INFO] [1786513944.485646808] [map_odom_tf_bridge_cpp]: updated map->odom from new localization pose (odom dt=0.000 s)
[INFO] [1786513945.584836925] [map_odom_tf_bridge_cpp]: updated map->odom from new localization pose (odom dt=0.000 s)
[INFO] [1786513946.685035335] [map_odom_tf_bridge_cpp]: updated map->odom from new localization pose (odom dt=0.000 s)
[INFO] [1786513947.784770177] [map_odom_tf_bridge_cpp]: updated map->odom from new localization pose (odom dt=0.000 s)
[INFO] [1786513948.884753859] [map_odom_tf_bridge_cpp]: updated map->odom from new localization pose (odom dt=0.000 s)
[INFO] [1786513949.984845962] [map_odom_tf_bridge_cpp]: updated map->odom from new localization pose (odom dt=0.002 s)
[INFO] [1786513951.084904367] [map_odom_tf_bridge_cpp]: updated map->odom from new localization pose (odom dt=0.010 s)
[INFO] [1786513952.085546180] [map_odom_tf_bridge_cpp]: updated map->odom from new localization pose (odom dt=0.001 s)
[INFO] [1786513953.184956273] [map_odom_tf_bridge_cpp]: updated map->odom from new localization pose (odom dt=0.001 s)
[INFO] [1786513954.185004048] [map_odom_tf_bridge_cpp]: updated map->odom from new localization pose (odom dt=0.000 s)
[INFO] [1786513955.185005197] [map_odom_tf_bridge_cpp]: updated map->odom from new localization pose (odom dt=0.000 s)
[INFO] [1786513956.185051788] [map_odom_tf_bridge_cpp]: updated map->odom from new localization pose (odom dt=0.001 s)
[INFO] [1786513957.285190900] [map_odom_tf_bridge_cpp]: updated map->odom from new localization pose (odom dt=0.001 s)
[INFO] [1786513958.385196568] [map_odom_tf_bridge_cpp]: updated map->odom from new localization pose (odom dt=0.000 s)
[INFO] [1786513959.385202197] [map_odom_tf_bridge_cpp]: updated map->odom from new localization pose (odom dt=0.000 s)
[INFO] [1786513960.385266260] [map_odom_tf_bridge_cpp]: updated map->odom from new localization pose (odom dt=0.000 s)
[INFO] [1786513961.385310899] [map_odom_tf_bridge_cpp]: updated map->odom from new localization pose (odom dt=0.000 s)
[INFO] [1786513962.485323350] [map_odom_tf_bridge_cpp]: updated map->odom from new localization pose (odom dt=0.000 s)
[INFO] [1786513963.485347828] [map_odom_tf_bridge_cpp]: updated map->odom from new localization pose (odom dt=0.000 s)
[INFO] [1786513964.585395257] [map_odom_tf_bridge_cpp]: updated map->odom from new localization pose (odom dt=0.001 s)
[INFO] [1786513965.585434488] [map_odom_tf_bridge_cpp]: updated map->odom from new localization pose (odom dt=0.000 s)
[INFO] [1786513966.685765255] [map_odom_tf_bridge_cpp]: updated map->odom from new localization pose (odom dt=0.000 s)
[INFO] [1786513967.885501671] [map_odom_tf_bridge_cpp]: updated map->odom from new localization pose (odom dt=0.000 s)
[INFO] [1786513968.985551147] [map_odom_tf_bridge_cpp]: updated map->odom from new localization pose (odom dt=0.005 s)
[INFO] [1786513970.085578352] [map_odom_tf_bridge_cpp]: updated map->odom from new localization pose (odom dt=0.005 s)
[INFO] [1786513971.185609876] [map_odom_tf_bridge_cpp]: updated map->odom from new localization pose (odom dt=0.000 s)
[INFO] [1786513972.185646546] [map_odom_tf_bridge_cpp]: updated map->odom from new localization pose (odom dt=0.000 s)
[INFO] [1786513973.285907167] [map_odom_tf_bridge_cpp]: updated map->odom from new localization pose (odom dt=0.001 s)
[INFO] [1786513974.385753628] [map_odom_tf_bridge_cpp]: updated map->odom from new localization pose (odom dt=0.000 s)
[INFO] [1786513975.485786913] [map_odom_tf_bridge_cpp]: updated map->odom from new localization pose (odom dt=0.001 s)
[INFO] [1786513976.585888872] [map_odom_tf_bridge_cpp]: updated map->odom from new localization pose (odom dt=0.000 s)
[INFO] [1786513977.686010607] [map_odom_tf_bridge_cpp]: updated map->odom from new localization pose (odom dt=0.000 s)
[INFO] [1786513978.785891630] [map_odom_tf_bridge_cpp]: updated map->odom from new localization pose (odom dt=0.001 s)
[INFO] [1786513979.886034006] [map_odom_tf_bridge_cpp]: updated map->odom from new localization pose (odom dt=0.000 s)
[INFO] [1786513980.886590920] [map_odom_tf_bridge_cpp]: updated map->odom from new localization pose (odom dt=0.000 s)
[INFO] [1786513981.986023958] [map_odom_tf_bridge_cpp]: updated map->odom from new localization pose (odom dt=0.006 s)
[INFO] [1786513983.086037434] [map_odom_tf_bridge_cpp]: updated map->odom from new localization pose (odom dt=0.001 s)
[INFO] [1786513984.086103609] [map_odom_tf_bridge_cpp]: updated map->odom from new localization pose (odom dt=0.002 s)
[INFO] [1786513985.086137624] [map_odom_tf_bridge_cpp]: updated map->odom from new localization pose (odom dt=0.000 s)
[INFO] [1786513986.086185974] [map_odom_tf_bridge_cpp]: updated map->odom from new localization pose (odom dt=0.000 s)
[INFO] [1786513987.086685606] [map_odom_tf_bridge_cpp]: updated map->odom from new localization pose (odom dt=0.000 s)
[INFO] [1786513988.186249977] [map_odom_tf_bridge_cpp]: updated map->odom from new localization pose (odom dt=0.000 s)
[INFO] [1786513989.186295252] [map_odom_tf_bridge_cpp]: updated map->odom from new localization pose (odom dt=0.000 s)
[INFO] [1786513990.186362081] [map_odom_tf_bridge_cpp]: updated map->odom from new localization pose (odom dt=0.001 s)
[INFO] [1786513991.286566905] [map_odom_tf_bridge_cpp]: updated map->odom from new localization pose (odom dt=0.000 s)
[INFO] [1786513992.386877912] [map_odom_tf_bridge_cpp]: updated map->odom from new localization pose (odom dt=0.000 s)
[INFO] [1786513993.586636465] [map_odom_tf_bridge_cpp]: updated map->odom from new localization pose (odom dt=0.001 s)
[INFO] [1786513994.586707838] [map_odom_tf_bridge_cpp]: updated map->odom from new localization pose (odom dt=0.000 s)
[INFO] [1786513995.586756234] [map_odom_tf_bridge_cpp]: updated map->odom from new localization pose (odom dt=0.001 s)
[INFO] [1786513996.586826007] [map_odom_tf_bridge_cpp]: updated map->odom from new localization pose (odom dt=0.000 s)
[INFO] [1786513997.586927431] [map_odom_tf_bridge_cpp]: updated map->odom from new localization pose (odom dt=0.002 s)
[INFO] [1786513998.687986426] [map_odom_tf_bridge_cpp]: updated map->odom from new localization pose (odom dt=0.003 s)
[INFO] [1786513999.787029600] [map_odom_tf_bridge_cpp]: updated map->odom from new localization pose (odom dt=0.001 s)
[INFO] [1786514000.787116271] [map_odom_tf_bridge_cpp]: updated map->odom from new localization pose (odom dt=0.001 s)
[INFO] [1786514001.887180701] [map_odom_tf_bridge_cpp]: updated map->odom from new localization pose (odom dt=0.000 s)
[INFO] [1786514002.987250059] [map_odom_tf_bridge_cpp]: updated map->odom from new localization pose (odom dt=0.004 s)
[INFO] [1786514004.087329017] [map_odom_tf_bridge_cpp]: updated map->odom from new localization pose (odom dt=0.000 s)
[INFO] [1786514005.087401255] [map_odom_tf_bridge_cpp]: updated map->odom from new localization pose (odom dt=0.007 s)
[INFO] [1786514006.087465300] [map_odom_tf_bridge_cpp]: updated map->odom from new localization pose (odom dt=0.001 s)
[INFO] [1786514007.087548930] [map_odom_tf_bridge_cpp]: updated map->odom from new localization pose (odom dt=0.000 s)
[INFO] [1786514008.087654866] [map_odom_tf_bridge_cpp]: updated map->odom from new localization pose (odom dt=0.002 s)
[INFO] [1786514009.087682524] [map_odom_tf_bridge_cpp]: updated map->odom from new localization pose (odom dt=0.000 s)
[INFO] [1786514010.187752842] [map_odom_tf_bridge_cpp]: updated map->odom from new localization pose (odom dt=0.000 s)
[INFO] [1786514011.287829241] [map_odom_tf_bridge_cpp]: updated map->odom from new localization pose (odom dt=0.001 s)
[INFO] [1786514012.287900486] [map_odom_tf_bridge_cpp]: updated map->odom from new localization pose (odom dt=0.000 s)
[INFO] [1786514013.287957203] [map_odom_tf_bridge_cpp]: updated map->odom from new localization pose (odom dt=0.001 s)
[INFO] [1786514014.388037377] [map_odom_tf_bridge_cpp]: updated map->odom from new localization pose (odom dt=0.001 s)
[INFO] [1786514015.388096206] [map_odom_tf_bridge_cpp]: updated map->odom from new localization pose (odom dt=0.001 s)
[INFO] [1786514016.388186845] [map_odom_tf_bridge_cpp]: updated map->odom from new localization pose (odom dt=0.000 s)
[INFO] [1786514017.388258858] [map_odom_tf_bridge_cpp]: updated map->odom from new localization pose (odom dt=0.001 s)
[INFO] [1786514018.388346489] [map_odom_tf_bridge_cpp]: updated map->odom from new localization pose (odom dt=0.001 s)
[INFO] [1786514019.388513005] [map_odom_tf_bridge_cpp]: updated map->odom from new localization pose (odom dt=0.001 s)
[INFO] [1786514020.488515606] [map_odom_tf_bridge_cpp]: updated map->odom from new localization pose (odom dt=0.000 s)
[INFO] [1786514021.488522815] [map_odom_tf_bridge_cpp]: updated map->odom from new localization pose (odom dt=0.000 s)
[INFO] [1786514022.488613166] [map_odom_tf_bridge_cpp]: updated map->odom from new localization pose (odom dt=0.000 s)
[INFO] [1786514023.488690459] [map_odom_tf_bridge_cpp]: updated map->odom from new localization pose (odom dt=0.000 s)
[INFO] [1786514024.488795499] [map_odom_tf_bridge_cpp]: updated map->odom from new localization pose (odom dt=0.000 s)
[INFO] [1786514025.488830262] [map_odom_tf_bridge_cpp]: updated map->odom from new localization pose (odom dt=0.000 s)
[INFO] [1786514026.488900547] [map_odom_tf_bridge_cpp]: updated map->odom from new localization pose (odom dt=0.000 s)
[INFO] [1786514027.488951119] [map_odom_tf_bridge_cpp]: updated map->odom from new localization pose (odom dt=0.000 s)
[INFO] [1786514028.489186440] [map_odom_tf_bridge_cpp]: updated map->odom from new localization pose (odom dt=0.000 s)
[INFO] [1786514029.489401311] [map_odom_tf_bridge_cpp]: updated map->odom from new localization pose (odom dt=0.000 s)
[INFO] [1786514030.589192698] [map_odom_tf_bridge_cpp]: updated map->odom from new localization pose (odom dt=0.000 s)
[INFO] [1786514031.689374512] [map_odom_tf_bridge_cpp]: updated map->odom from new localization pose (odom dt=0.000 s)
[INFO] [1786514032.789371737] [map_odom_tf_bridge_cpp]: updated map->odom from new localization pose (odom dt=0.001 s)
[INFO] [1786514033.889427366] [map_odom_tf_bridge_cpp]: updated map->odom from new localization pose (odom dt=0.000 s)
[INFO] [1786514034.889486771] [map_odom_tf_bridge_cpp]: updated map->odom from new localization pose (odom dt=0.000 s)
[INFO] [1786514035.889960732] [map_odom_tf_bridge_cpp]: updated map->odom from new localization pose (odom dt=0.000 s)
[INFO] [1786514036.989623886] [map_odom_tf_bridge_cpp]: updated map->odom from new localization pose (odom dt=0.000 s)
[INFO] [1786514038.089687580] [map_odom_tf_bridge_cpp]: updated map->odom from new localization pose (odom dt=0.009 s)
[INFO] [1786514039.089763209] [map_odom_tf_bridge_cpp]: updated map->odom from new localization pose (odom dt=0.005 s)
[INFO] [1786514040.189836952] [map_odom_tf_bridge_cpp]: updated map->odom from new localization pose (odom dt=0.001 s)
[INFO] [1786514041.189899012] [map_odom_tf_bridge_cpp]: updated map->odom from new localization pose (odom dt=0.001 s)
[INFO] [1786514042.289996725] [map_odom_tf_bridge_cpp]: updated map->odom from new localization pose (odom dt=0.001 s)
[INFO] [1786514043.290067330] [map_odom_tf_bridge_cpp]: updated map->odom from new localization pose (odom dt=0.000 s)
[INFO] [1786514044.290125358] [map_odom_tf_bridge_cpp]: updated map->odom from new localization pose (odom dt=0.000 s)
[INFO] [1786514045.290209373] [map_odom_tf_bridge_cpp]: updated map->odom from new localization pose (odom dt=0.000 s)
[INFO] [1786514046.290285674] [map_odom_tf_bridge_cpp]: updated map->odom from new localization pose (odom dt=0.001 s)
[INFO] [1786514047.390349912] [map_odom_tf_bridge_cpp]: updated map->odom from new localization pose (odom dt=0.000 s)
[INFO] [1786514048.490408421] [map_odom_tf_bridge_cpp]: updated map->odom from new localization pose (odom dt=0.000 s)
[INFO] [1786514049.490533014] [map_odom_tf_bridge_cpp]: updated map->odom from new localization pose (odom dt=0.000 s)
[INFO] [1786514050.490577250] [map_odom_tf_bridge_cpp]: updated map->odom from new localization pose (odom dt=0.000 s)
[INFO] [1786514051.490633358] [map_odom_tf_bridge_cpp]: updated map->odom from new localization pose (odom dt=0.000 s)
[INFO] [1786514052.490726973] [map_odom_tf_bridge_cpp]: updated map->odom from new localization pose (odom dt=0.001 s)
[INFO] [1786514053.490770665] [map_odom_tf_bridge_cpp]: updated map->odom from new localization pose (odom dt=0.001 s)
[INFO] [1786514054.490844758] [map_odom_tf_bridge_cpp]: updated map->odom from new localization pose (odom dt=0.001 s)
[INFO] [1786514055.490891650] [map_odom_tf_bridge_cpp]: updated map->odom from new localization pose (odom dt=0.001 s)
[INFO] [1786514056.590987570] [map_odom_tf_bridge_cpp]: updated map->odom from new localization pose (odom dt=0.000 s)
[INFO] [1786514057.691077985] [map_odom_tf_bridge_cpp]: updated map->odom from new localization pose (odom dt=0.000 s)
[INFO] [1786514058.691120461] [map_odom_tf_bridge_cpp]: updated map->odom from new localization pose (odom dt=0.002 s)
[INFO] [1786514059.691206715] [map_odom_tf_bridge_cpp]: updated map->odom from new localization pose (odom dt=0.000 s)
[INFO] [1786514060.791282538] [map_odom_tf_bridge_cpp]: updated map->odom from new localization pose (odom dt=0.001 s)
[INFO] [1786514061.792614639] [map_odom_tf_bridge_cpp]: updated map->odom from new localization pose (odom dt=0.001 s)
[INFO] [1786514062.891410308] [map_odom_tf_bridge_cpp]: updated map->odom from new localization pose (odom dt=0.000 s)
[INFO] [1786514063.891536661] [map_odom_tf_bridge_cpp]: updated map->odom from new localization pose (odom dt=0.001 s)
[INFO] [1786514064.891763150] [map_odom_tf_bridge_cpp]: updated map->odom from new localization pose (odom dt=0.000 s)
[INFO] [1786514065.991694994] [map_odom_tf_bridge_cpp]: updated map->odom from new localization pose (odom dt=0.000 s)
[INFO] [1786514067.091754175] [map_odom_tf_bridge_cpp]: updated map->odom from new localization pose (odom dt=0.004 s)
[INFO] [1786514068.091784874] [map_odom_tf_bridge_cpp]: updated map->odom from new localization pose (odom dt=0.008 s)
[INFO] [1786514069.091860504] [map_odom_tf_bridge_cpp]: updated map->odom from new localization pose (odom dt=0.001 s)
[INFO] [1786514070.191976937] [map_odom_tf_bridge_cpp]: updated map->odom from new localization pose (odom dt=0.000 s)
[INFO] [1786514071.191993523] [map_odom_tf_bridge_cpp]: updated map->odom from new localization pose (odom dt=0.001 s)
[INFO] [1786514072.292081442] [map_odom_tf_bridge_cpp]: updated map->odom from new localization pose (odom dt=0.001 s)
[INFO] [1786514073.392151376] [map_odom_tf_bridge_cpp]: updated map->odom from new localization pose (odom dt=0.000 s)
[INFO] [1786514074.392231550] [map_odom_tf_bridge_cpp]: updated map->odom from new localization pose (odom dt=0.000 s)
[INFO] [1786514075.392284138] [map_odom_tf_bridge_cpp]: updated map->odom from new localization pose (odom dt=0.000 s)
[INFO] [1786514076.392357912] [map_odom_tf_bridge_cpp]: updated map->odom from new localization pose (odom dt=0.000 s)
[INFO] [1786514077.392432325] [map_odom_tf_bridge_cpp]: updated map->odom from new localization pose (odom dt=0.000 s)
[INFO] [1786514078.492514548] [map_odom_tf_bridge_cpp]: updated map->odom from new localization pose (odom dt=0.000 s)
[INFO] [1786514079.592579618] [map_odom_tf_bridge_cpp]: updated map->odom from new localization pose (odom dt=0.000 s)
[INFO] [1786514080.592668945] [map_odom_tf_bridge_cpp]: updated map->odom from new localization pose (odom dt=0.000 s)
[INFO] [1786514081.592721533] [map_odom_tf_bridge_cpp]: updated map->odom from new localization pose (odom dt=0.000 s)
[INFO] [1786514082.592795306] [map_odom_tf_bridge_cpp]: updated map->odom from new localization pose (odom dt=0.000 s)
[INFO] [1786514083.592861527] [map_odom_tf_bridge_cpp]: updated map->odom from new localization pose (odom dt=0.000 s)
[INFO] [1786514084.592913315] [map_odom_tf_bridge_cpp]: updated map->odom from new localization pose (odom dt=0.000 s)
[INFO] [1786514085.593009266] [map_odom_tf_bridge_cpp]: updated map->odom from new localization pose (odom dt=0.000 s)
[INFO] [1786514086.693110915] [map_odom_tf_bridge_cpp]: updated map->odom from new localization pose (odom dt=0.000 s)
[INFO] [1786514087.793168304] [map_odom_tf_bridge_cpp]: updated map->odom from new localization pose (odom dt=0.000 s)
[INFO] [1786514088.793233117] [map_odom_tf_bridge_cpp]: updated map->odom from new localization pose (odom dt=0.000 s)
[INFO] [1786514089.793304330] [map_odom_tf_bridge_cpp]: updated map->odom from new localization pose (odom dt=0.000 s)
[INFO] [1786514090.793364663] [map_odom_tf_bridge_cpp]: updated map->odom from new localization pose (odom dt=0.000 s)
[INFO] [1786514091.793427044] [map_odom_tf_bridge_cpp]: updated map->odom from new localization pose (odom dt=0.000 s)
[INFO] [1786514092.793477840] [map_odom_tf_bridge_cpp]: updated map->odom from new localization pose (odom dt=0.001 s)
[INFO] [1786514093.793564254] [map_odom_tf_bridge_cpp]: updated map->odom from new localization pose (odom dt=0.000 s)
[INFO] [1786514094.893677359] [map_odom_tf_bridge_cpp]: updated map->odom from new localization pose (odom dt=0.000 s)
[INFO] [1786514095.893727483] [map_odom_tf_bridge_cpp]: updated map->odom from new localization pose (odom dt=0.001 s)
[INFO] [1786514096.893799017] [map_odom_tf_bridge_cpp]: updated map->odom from new localization pose (odom dt=0.000 s)
[INFO] [1786514098.093874264] [map_odom_tf_bridge_cpp]: updated map->odom from new localization pose (odom dt=0.000 s)
[INFO] [1786514099.093989928] [map_odom_tf_bridge_cpp]: updated map->odom from new localization pose (odom dt=0.002 s)
[INFO] [1786514100.194035445] [map_odom_tf_bridge_cpp]: updated map->odom from new localization pose (odom dt=0.003 s)
[INFO] [1786514101.196138927] [map_odom_tf_bridge_cpp]: updated map->odom from new localization pose (odom dt=0.001 s)
[INFO] [1786514102.394166064] [map_odom_tf_bridge_cpp]: updated map->odom from new localization pose (odom dt=0.000 s)
[INFO] [1786514103.394275488] [map_odom_tf_bridge_cpp]: updated map->odom from new localization pose (odom dt=0.000 s)
[INFO] [1786514104.394305579] [map_odom_tf_bridge_cpp]: updated map->odom from new localization pose (odom dt=0.001 s)
[INFO] [1786514105.394384985] [map_odom_tf_bridge_cpp]: updated map->odom from new localization pose (odom dt=0.000 s)
[INFO] [1786514106.394477800] [map_odom_tf_bridge_cpp]: updated map->odom from new localization pose (odom dt=0.001 s)
[INFO] [1786514107.394568566] [map_odom_tf_bridge_cpp]: updated map->odom from new localization pose (odom dt=0.000 s)
[INFO] [1786514108.394577887] [map_odom_tf_bridge_cpp]: updated map->odom from new localization pose (odom dt=0.001 s)
[INFO] [1786514109.394645613] [map_odom_tf_bridge_cpp]: updated map->odom from new localization pose (odom dt=0.001 s)
[INFO] [1786514110.394720794] [map_odom_tf_bridge_cpp]: updated map->odom from new localization pose (odom dt=0.001 s)
[INFO] [1786514111.494838188] [map_odom_tf_bridge_cpp]: updated map->odom from new localization pose (odom dt=0.000 s)
[INFO] [1786514112.494898680] [map_odom_tf_bridge_cpp]: updated map->odom from new localization pose (odom dt=0.000 s)
[INFO] [1786514113.594920675] [map_odom_tf_bridge_cpp]: updated map->odom from new localization pose (odom dt=0.000 s)
[INFO] [1786514114.595034867] [map_odom_tf_bridge_cpp]: updated map->odom from new localization pose (odom dt=0.001 s)
[INFO] [1786514115.595077407] [map_odom_tf_bridge_cpp]: updated map->odom from new localization pose (odom dt=0.000 s)
[INFO] [1786514116.595170510] [map_odom_tf_bridge_cpp]: updated map->odom from new localization pose (odom dt=0.001 s)
[INFO] [1786514117.595271133] [map_odom_tf_bridge_cpp]: updated map->odom from new localization pose (odom dt=0.001 s)
[INFO] [1786514118.595284364] [map_odom_tf_bridge_cpp]: updated map->odom from new localization pose (odom dt=0.001 s)
[INFO] [1786514119.595370790] [map_odom_tf_bridge_cpp]: updated map->odom from new localization pose (odom dt=0.001 s)
[INFO] [1786514120.695406163] [map_odom_tf_bridge_cpp]: updated map->odom from new localization pose (odom dt=0.000 s)
[INFO] [1786514121.695427466] [map_odom_tf_bridge_cpp]: updated map->odom from new localization pose (odom dt=0.000 s)
[INFO] [1786514122.695503972] [map_odom_tf_bridge_cpp]: updated map->odom from new localization pose (odom dt=0.000 s)
[INFO] [1786514123.695543932] [map_odom_tf_bridge_cpp]: updated map->odom from new localization pose (odom dt=0.000 s)
[INFO] [1786514124.795604107] [map_odom_tf_bridge_cpp]: updated map->odom from new localization pose (odom dt=0.001 s)
[INFO] [1786514125.795849005] [map_odom_tf_bridge_cpp]: updated map->odom from new localization pose (odom dt=0.000 s)
[INFO] [1786514126.895723986] [map_odom_tf_bridge_cpp]: updated map->odom from new localization pose (odom dt=0.000 s)
[INFO] [1786514127.895766667] [map_odom_tf_bridge_cpp]: updated map->odom from new localization pose (odom dt=0.000 s)
[INFO] [1786514128.995809112] [map_odom_tf_bridge_cpp]: updated map->odom from new localization pose (odom dt=0.001 s)
[INFO] [1786514129.995874834] [map_odom_tf_bridge_cpp]: updated map->odom from new localization pose (odom dt=0.000 s)
[INFO] [1786514130.995896521] [map_odom_tf_bridge_cpp]: updated map->odom from new localization pose (odom dt=0.000 s)
[INFO] [1786514131.995940897] [map_odom_tf_bridge_cpp]: updated map->odom from new localization pose (odom dt=0.000 s)
[INFO] [1786514133.196009253] [map_odom_tf_bridge_cpp]: updated map->odom from new localization pose (odom dt=0.000 s)
[INFO] [1786514134.196078367] [map_odom_tf_bridge_cpp]: updated map->odom from new localization pose (odom dt=0.000 s)
[INFO] [1786514135.196131415] [map_odom_tf_bridge_cpp]: updated map->odom from new localization pose (odom dt=0.000 s)
[INFO] [1786514136.196139406] [map_odom_tf_bridge_cpp]: updated map->odom from new localization pose (odom dt=0.002 s)
[INFO] [1786514137.196448595] [map_odom_tf_bridge_cpp]: updated map->odom from new localization pose (odom dt=0.000 s)
[INFO] [1786514138.296253781] [map_odom_tf_bridge_cpp]: updated map->odom from new localization pose (odom dt=0.000 s)
[INFO] [1786514139.296307982] [map_odom_tf_bridge_cpp]: updated map->odom from new localization pose (odom dt=0.001 s)
[INFO] [1786514140.296355494] [map_odom_tf_bridge_cpp]: updated map->odom from new localization pose (odom dt=0.002 s)
[INFO] [1786514141.296379294] [map_odom_tf_bridge_cpp]: updated map->odom from new localization pose (odom dt=0.000 s)
[INFO] [1786514142.296428342] [map_odom_tf_bridge_cpp]: updated map->odom from new localization pose (odom dt=0.001 s)
[INFO] [1786514143.296505808] [map_odom_tf_bridge_cpp]: updated map->odom from new localization pose (odom dt=0.002 s)
[INFO] [1786514144.396527165] [map_odom_tf_bridge_cpp]: updated map->odom from new localization pose (odom dt=0.001 s)
[INFO] [1786514145.496591659] [map_odom_tf_bridge_cpp]: updated map->odom from new localization pose (odom dt=0.000 s)
[INFO] [1786514146.496656741] [map_odom_tf_bridge_cpp]: updated map->odom from new localization pose (odom dt=0.000 s)
[INFO] [1786514147.496687196] [map_odom_tf_bridge_cpp]: updated map->odom from new localization pose (odom dt=0.000 s)
[INFO] [1786514148.596788525] [map_odom_tf_bridge_cpp]: updated map->odom from new localization pose (odom dt=0.000 s)
[INFO] [1786514149.596815652] [map_odom_tf_bridge_cpp]: updated map->odom from new localization pose (odom dt=0.010 s)
[INFO] [1786514150.597285297] [map_odom_tf_bridge_cpp]: updated map->odom from new localization pose (odom dt=0.000 s)
[INFO] [1786514151.696901738] [map_odom_tf_bridge_cpp]: updated map->odom from new localization pose (odom dt=0.000 s)
[INFO] [1786514152.696994533] [map_odom_tf_bridge_cpp]: updated map->odom from new localization pose (odom dt=0.000 s)
[INFO] [1786514153.897092554] [map_odom_tf_bridge_cpp]: updated map->odom from new localization pose (odom dt=0.000 s)
[INFO] [1786514154.997051284] [map_odom_tf_bridge_cpp]: updated map->odom from new localization pose (odom dt=0.000 s)
[INFO] [1786514155.997100461] [map_odom_tf_bridge_cpp]: updated map->odom from new localization pose (odom dt=0.006 s)
[INFO] [1786514157.097185884] [map_odom_tf_bridge_cpp]: updated map->odom from new localization pose (odom dt=0.001 s)
[INFO] [1786514158.097632936] [map_odom_tf_bridge_cpp]: updated map->odom from new localization pose (odom dt=0.000 s)
[INFO] [1786514159.197407529] [map_odom_tf_bridge_cpp]: updated map->odom from new localization pose (odom dt=0.001 s)
[INFO] [1786514160.297293039] [map_odom_tf_bridge_cpp]: updated map->odom from new localization pose (odom dt=0.000 s)
[INFO] [1786514161.397358653] [map_odom_tf_bridge_cpp]: updated map->odom from new localization pose (odom dt=0.000 s)
[INFO] [1786514162.397444664] [map_odom_tf_bridge_cpp]: updated map->odom from new localization pose (odom dt=0.000 s)
[INFO] [1786514163.497465156] [map_odom_tf_bridge_cpp]: updated map->odom from new localization pose (odom dt=0.000 s)
[INFO] [1786514164.497495356] [map_odom_tf_bridge_cpp]: updated map->odom from new localization pose (odom dt=0.000 s)
[INFO] [1786514165.497567862] [map_odom_tf_bridge_cpp]: updated map->odom from new localization pose (odom dt=0.000 s)
[INFO] [1786514166.497611182] [map_odom_tf_bridge_cpp]: updated map->odom from new localization pose (odom dt=0.000 s)
[INFO] [1786514167.497655846] [map_odom_tf_bridge_cpp]: updated map->odom from new localization pose (odom dt=0.000 s)
[INFO] [1786514168.497696094] [map_odom_tf_bridge_cpp]: updated map->odom from new localization pose (odom dt=0.000 s)
[INFO] [1786514169.497744183] [map_odom_tf_bridge_cpp]: updated map->odom from new localization pose (odom dt=0.000 s)
[INFO] [1786514170.497782703] [map_odom_tf_bridge_cpp]: updated map->odom from new localization pose (odom dt=0.000 s)
[INFO] [1786514171.497870025] [map_odom_tf_bridge_cpp]: updated map->odom from new localization pose (odom dt=0.001 s)
[INFO] [1786514172.597926647] [map_odom_tf_bridge_cpp]: updated map->odom from new localization pose (odom dt=0.000 s)
[INFO] [1786514173.597955503] [map_odom_tf_bridge_cpp]: updated map->odom from new localization pose (odom dt=0.001 s)
[INFO] [1786514174.597996103] [map_odom_tf_bridge_cpp]: updated map->odom from new localization pose (odom dt=0.000 s)
[INFO] [1786514175.598045311] [map_odom_tf_bridge_cpp]: updated map->odom from new localization pose (odom dt=0.001 s)
[INFO] [1786514176.598116313] [map_odom_tf_bridge_cpp]: updated map->odom from new localization pose (odom dt=0.001 s)
[INFO] [1786514177.698129381] [map_odom_tf_bridge_cpp]: updated map->odom from new localization pose (odom dt=0.001 s)
[INFO] [1786514178.798202452] [map_odom_tf_bridge_cpp]: updated map->odom from new localization pose (odom dt=0.001 s)
[INFO] [1786514179.898222273] [map_odom_tf_bridge_cpp]: updated map->odom from new localization pose (odom dt=0.001 s)
[INFO] [1786514180.898322236] [map_odom_tf_bridge_cpp]: updated map->odom from new localization pose (odom dt=0.001 s)
[INFO] [1786514181.898354164] [map_odom_tf_bridge_cpp]: updated map->odom from new localization pose (odom dt=0.001 s)
[INFO] [1786514182.898390539] [map_odom_tf_bridge_cpp]: updated map->odom from new localization pose (odom dt=0.000 s)
[INFO] [1786514183.898461989] [map_odom_tf_bridge_cpp]: updated map->odom from new localization pose (odom dt=0.001 s)
[INFO] [1786514184.898591841] [map_odom_tf_bridge_cpp]: updated map->odom from new localization pose (odom dt=0.001 s)
[INFO] [1786514185.998550123] [map_odom_tf_bridge_cpp]: updated map->odom from new localization pose (odom dt=0.001 s)
[INFO] [1786514187.098635483] [map_odom_tf_bridge_cpp]: updated map->odom from new localization pose (odom dt=0.003 s)
[INFO] [1786514188.098678803] [map_odom_tf_bridge_cpp]: updated map->odom from new localization pose (odom dt=0.001 s)
[INFO] [1786514189.098789454] [map_odom_tf_bridge_cpp]: updated map->odom from new localization pose (odom dt=0.001 s)
[INFO] [1786514190.198756952] [map_odom_tf_bridge_cpp]: updated map->odom from new localization pose (odom dt=0.000 s)
[INFO] [1786514191.198795056] [map_odom_tf_bridge_cpp]: updated map->odom from new localization pose (odom dt=0.000 s)
[INFO] [1786514192.198867082] [map_odom_tf_bridge_cpp]: updated map->odom from new localization pose (odom dt=0.000 s)
[INFO] [1786514193.198881153] [map_odom_tf_bridge_cpp]: updated map->odom from new localization pose (odom dt=0.001 s)
[INFO] [1786514194.198929337] [map_odom_tf_bridge_cpp]: updated map->odom from new localization pose (odom dt=0.000 s)
[INFO] [1786514195.199013268] [map_odom_tf_bridge_cpp]: updated map->odom from new localization pose (odom dt=0.000 s)
[INFO] [1786514196.199054956] [map_odom_tf_bridge_cpp]: updated map->odom from new localization pose (odom dt=0.000 s)
[INFO] [1786514197.299084761] [map_odom_tf_bridge_cpp]: updated map->odom from new localization pose (odom dt=0.000 s)
[INFO] [1786514198.299145682] [map_odom_tf_bridge_cpp]: updated map->odom from new localization pose (odom dt=0.000 s)
[INFO] [1786514199.299195018] [map_odom_tf_bridge_cpp]: updated map->odom from new localization pose (odom dt=0.000 s)
[INFO] [1786514200.299252227] [map_odom_tf_bridge_cpp]: updated map->odom from new localization pose (odom dt=0.000 s)
[INFO] [1786514201.299291195] [map_odom_tf_bridge_cpp]: updated map->odom from new localization pose (odom dt=0.000 s)
[INFO] [1786514202.399354794] [map_odom_tf_bridge_cpp]: updated map->odom from new localization pose (odom dt=0.000 s)
[INFO] [1786514203.399393058] [map_odom_tf_bridge_cpp]: updated map->odom from new localization pose (odom dt=0.001 s)
[INFO] [1786514204.399857870] [map_odom_tf_bridge_cpp]: updated map->odom from new localization pose (odom dt=0.000 s)
[INFO] [1786514205.499500265] [map_odom_tf_bridge_cpp]: updated map->odom from new localization pose (odom dt=0.000 s)
[INFO] [1786514206.599487380] [map_odom_tf_bridge_cpp]: updated map->odom from new localization pose (odom dt=0.006 s)
[INFO] [1786514207.599591183] [map_odom_tf_bridge_cpp]: updated map->odom from new localization pose (odom dt=0.000 s)
[INFO] [1786514208.599624775] [map_odom_tf_bridge_cpp]: updated map->odom from new localization pose (odom dt=0.001 s)
[INFO] [1786514209.699687829] [map_odom_tf_bridge_cpp]: updated map->odom from new localization pose (odom dt=0.002 s)
[INFO] [1786514210.799741187] [map_odom_tf_bridge_cpp]: updated map->odom from new localization pose (odom dt=0.000 s)
[INFO] [1786514211.799785052] [map_odom_tf_bridge_cpp]: updated map->odom from new localization pose (odom dt=0.000 s)
[INFO] [1786514212.799850293] [map_odom_tf_bridge_cpp]: updated map->odom from new localization pose (odom dt=0.000 s)
[INFO] [1786514213.799876492] [map_odom_tf_bridge_cpp]: updated map->odom from new localization pose (odom dt=0.000 s)
[INFO] [1786514214.799931909] [map_odom_tf_bridge_cpp]: updated map->odom from new localization pose (odom dt=0.000 s)
[INFO] [1786514215.800017919] [map_odom_tf_bridge_cpp]: updated map->odom from new localization pose (odom dt=0.000 s)
[INFO] [1786514216.900022315] [map_odom_tf_bridge_cpp]: updated map->odom from new localization pose (odom dt=0.001 s)
[INFO] [1786514217.900093349] [map_odom_tf_bridge_cpp]: updated map->odom from new localization pose (odom dt=0.001 s)
[INFO] [1786514219.003146788] [map_odom_tf_bridge_cpp]: updated map->odom from new localization pose (odom dt=0.004 s)
[INFO] [1786514220.100185248] [map_odom_tf_bridge_cpp]: updated map->odom from new localization pose (odom dt=0.000 s)
[INFO] [1786514221.200263568] [map_odom_tf_bridge_cpp]: updated map->odom from new localization pose (odom dt=0.003 s)
[INFO] [1786514222.200275430] [map_odom_tf_bridge_cpp]: updated map->odom from new localization pose (odom dt=0.001 s)
[INFO] [1786514223.200345760] [map_odom_tf_bridge_cpp]: updated map->odom from new localization pose (odom dt=0.000 s)
[INFO] [1786514224.300388814] [map_odom_tf_bridge_cpp]: updated map->odom from new localization pose (odom dt=0.000 s)
[INFO] [1786514225.400503455] [map_odom_tf_bridge_cpp]: updated map->odom from new localization pose (odom dt=0.001 s)
[INFO] [1786514226.400535382] [map_odom_tf_bridge_cpp]: updated map->odom from new localization pose (odom dt=0.001 s)
[INFO] [1786514227.400549901] [map_odom_tf_bridge_cpp]: updated map->odom from new localization pose (odom dt=0.010 s)
[INFO] [1786514228.500586907] [map_odom_tf_bridge_cpp]: updated map->odom from new localization pose (odom dt=0.008 s)
[INFO] [1786514229.500656212] [map_odom_tf_bridge_cpp]: updated map->odom from new localization pose (odom dt=0.005 s)
[INFO] [1786514230.502407071] [map_odom_tf_bridge_cpp]: updated map->odom from new localization pose (odom dt=0.000 s)
[INFO] [1786514231.600833822] [map_odom_tf_bridge_cpp]: updated map->odom from new localization pose (odom dt=0.001 s)
[INFO] [1786514232.700832810] [map_odom_tf_bridge_cpp]: updated map->odom from new localization pose (odom dt=0.001 s)
[INFO] [1786514233.700840864] [map_odom_tf_bridge_cpp]: updated map->odom from new localization pose (odom dt=0.001 s)
[INFO] [1786514234.902492593] [map_odom_tf_bridge_cpp]: updated map->odom from new localization pose (odom dt=0.000 s)
[INFO] [1786514236.000966515] [map_odom_tf_bridge_cpp]: updated map->odom from new localization pose (odom dt=0.006 s)
[INFO] [1786514237.201021207] [map_odom_tf_bridge_cpp]: updated map->odom from new localization pose (odom dt=0.008 s)
[INFO] [1786514238.201082448] [map_odom_tf_bridge_cpp]: updated map->odom from new localization pose (odom dt=0.001 s)
[INFO] [1786514239.201115080] [map_odom_tf_bridge_cpp]: updated map->odom from new localization pose (odom dt=0.006 s)
[INFO] [1786514240.201158976] [map_odom_tf_bridge_cpp]: updated map->odom from new localization pose (odom dt=0.001 s)
[INFO] [1786514241.201201592] [map_odom_tf_bridge_cpp]: updated map->odom from new localization pose (odom dt=0.000 s)
[INFO] [1786514242.301259590] [map_odom_tf_bridge_cpp]: updated map->odom from new localization pose (odom dt=0.000 s)
[INFO] [1786514243.401330133] [map_odom_tf_bridge_cpp]: updated map->odom from new localization pose (odom dt=0.001 s)
[INFO] [1786514244.401365357] [map_odom_tf_bridge_cpp]: updated map->odom from new localization pose (odom dt=0.001 s)
[INFO] [1786514245.401402757] [map_odom_tf_bridge_cpp]: updated map->odom from new localization pose (odom dt=0.001 s)
[INFO] [1786514246.401460926] [map_odom_tf_bridge_cpp]: updated map->odom from new localization pose (odom dt=0.001 s)
[INFO] [1786514247.403004767] [map_odom_tf_bridge_cpp]: updated map->odom from new localization pose (odom dt=0.001 s)
[INFO] [1786514248.501559718] [map_odom_tf_bridge_cpp]: updated map->odom from new localization pose (odom dt=0.000 s)
[INFO] [1786514249.501781134] [map_odom_tf_bridge_cpp]: updated map->odom from new localization pose (odom dt=0.000 s)
[INFO] [1786514250.701644967] [map_odom_tf_bridge_cpp]: updated map->odom from new localization pose (odom dt=0.000 s)
[INFO] [1786514251.701709353] [map_odom_tf_bridge_cpp]: updated map->odom from new localization pose (odom dt=0.005 s)
[INFO] [1786514252.701739978] [map_odom_tf_bridge_cpp]: updated map->odom from new localization pose (odom dt=0.000 s)
[INFO] [1786514253.701775243] [map_odom_tf_bridge_cpp]: updated map->odom from new localization pose (odom dt=0.001 s)
[INFO] [1786514254.802871896] [map_odom_tf_bridge_cpp]: updated map->odom from new localization pose (odom dt=0.001 s)
[INFO] [1786514256.001848684] [map_odom_tf_bridge_cpp]: updated map->odom from new localization pose (odom dt=0.009 s)
[INFO] [1786514257.001870796] [map_odom_tf_bridge_cpp]: updated map->odom from new localization pose (odom dt=0.000 s)
[INFO] [1786514258.001886412] [map_odom_tf_bridge_cpp]: updated map->odom from new localization pose (odom dt=0.000 s)
[INFO] [1786514259.101943246] [map_odom_tf_bridge_cpp]: updated map->odom from new localization pose (odom dt=0.000 s)
[INFO] [1786514260.102082739] [map_odom_tf_bridge_cpp]: updated map->odom from new localization pose (odom dt=0.004 s)
[INFO] [1786514261.102317372] [map_odom_tf_bridge_cpp]: updated map->odom from new localization pose (odom dt=0.002 s)
[INFO] [1786514262.302221559] [map_odom_tf_bridge_cpp]: updated map->odom from new localization pose (odom dt=0.000 s)
[INFO] [1786514263.402355772] [map_odom_tf_bridge_cpp]: updated map->odom from new localization pose (odom dt=0.000 s)
[INFO] [1786514264.503002326] [map_odom_tf_bridge_cpp]: updated map->odom from new localization pose (odom dt=0.000 s)
[INFO] [1786514265.702373947] [map_odom_tf_bridge_cpp]: updated map->odom from new localization pose (odom dt=0.000 s)
[INFO] [1786514266.702393435] [map_odom_tf_bridge_cpp]: updated map->odom from new localization pose (odom dt=0.000 s)
[INFO] [1786514267.904200807] [map_odom_tf_bridge_cpp]: updated map->odom from new localization pose (odom dt=0.000 s)
[INFO] [1786514269.102336118] [map_odom_tf_bridge_cpp]: updated map->odom from new localization pose (odom dt=0.000 s)
[INFO] [1786514270.102814218] [map_odom_tf_bridge_cpp]: updated map->odom from new localization pose (odom dt=0.000 s)
[INFO] [1786514271.302537341] [map_odom_tf_bridge_cpp]: updated map->odom from new localization pose (odom dt=0.000 s)
[INFO] [1786514272.302581150] [map_odom_tf_bridge_cpp]: updated map->odom from new localization pose (odom dt=0.001 s)
[INFO] [1786514273.503815026] [map_odom_tf_bridge_cpp]: updated map->odom from new localization pose (odom dt=0.000 s)
[INFO] [1786514274.602619646] [map_odom_tf_bridge_cpp]: updated map->odom from new localization pose (odom dt=0.005 s)
[INFO] [1786514275.602680288] [map_odom_tf_bridge_cpp]: updated map->odom from new localization pose (odom dt=0.000 s)
[INFO] [1786514276.602720545] [map_odom_tf_bridge_cpp]: updated map->odom from new localization pose (odom dt=0.000 s)
[INFO] [1786514277.702772514] [map_odom_tf_bridge_cpp]: updated map->odom from new localization pose (odom dt=0.000 s)
[INFO] [1786514278.802816835] [map_odom_tf_bridge_cpp]: updated map->odom from new localization pose (odom dt=0.000 s)
[INFO] [1786514279.803066797] [map_odom_tf_bridge_cpp]: updated map->odom from new localization pose (odom dt=0.000 s)
[INFO] [1786514280.902942535] [map_odom_tf_bridge_cpp]: updated map->odom from new localization pose (odom dt=0.000 s)
[INFO] [1786514281.904016244] [map_odom_tf_bridge_cpp]: updated map->odom from new localization pose (odom dt=0.000 s)
[INFO] [1786514283.102993863] [map_odom_tf_bridge_cpp]: updated map->odom from new localization pose (odom dt=0.006 s)
[INFO] [1786514284.104608843] [map_odom_tf_bridge_cpp]: updated map->odom from new localization pose (odom dt=0.000 s)
[INFO] [1786514285.203135308] [map_odom_tf_bridge_cpp]: updated map->odom from new localization pose (odom dt=0.000 s)
[INFO] [1786514286.303129866] [map_odom_tf_bridge_cpp]: updated map->odom from new localization pose (odom dt=0.000 s)
[INFO] [1786514287.403188076] [map_odom_tf_bridge_cpp]: updated map->odom from new localization pose (odom dt=0.000 s)
[INFO] [1786514288.403231117] [map_odom_tf_bridge_cpp]: updated map->odom from new localization pose (odom dt=0.000 s)
[INFO] [1786514289.403270990] [map_odom_tf_bridge_cpp]: updated map->odom from new localization pose (odom dt=0.001 s)
[INFO] [1786514290.403343952] [map_odom_tf_bridge_cpp]: updated map->odom from new localization pose (odom dt=0.000 s)
[INFO] [1786514291.403349680] [map_odom_tf_bridge_cpp]: updated map->odom from new localization pose (odom dt=0.000 s)
[INFO] [1786514292.403391857] [map_odom_tf_bridge_cpp]: updated map->odom from new localization pose (odom dt=0.001 s)
[INFO] [1786514293.403455571] [map_odom_tf_bridge_cpp]: updated map->odom from new localization pose (odom dt=0.000 s)
[INFO] [1786514294.503502324] [map_odom_tf_bridge_cpp]: updated map->odom from new localization pose (odom dt=0.000 s)
[INFO] [1786514295.603618136] [map_odom_tf_bridge_cpp]: updated map->odom from new localization pose (odom dt=0.000 s)
[INFO] [1786514296.703628279] [map_odom_tf_bridge_cpp]: updated map->odom from new localization pose (odom dt=0.000 s)
[INFO] [1786514297.803701946] [map_odom_tf_bridge_cpp]: updated map->odom from new localization pose (odom dt=0.000 s)
[INFO] [1786514298.804470298] [map_odom_tf_bridge_cpp]: updated map->odom from new localization pose (odom dt=0.000 s)
[INFO] [1786514299.903735001] [map_odom_tf_bridge_cpp]: updated map->odom from new localization pose (odom dt=0.000 s)
[INFO] [1786514301.003845693] [map_odom_tf_bridge_cpp]: updated map->odom from new localization pose (odom dt=0.002 s)
[INFO] [1786514302.005017870] [map_odom_tf_bridge_cpp]: updated map->odom from new localization pose (odom dt=0.000 s)
[INFO] [1786514303.203884637] [map_odom_tf_bridge_cpp]: updated map->odom from new localization pose (odom dt=0.001 s)
[INFO] [1786514304.203907229] [map_odom_tf_bridge_cpp]: updated map->odom from new localization pose (odom dt=0.000 s)
[INFO] [1786514305.203946878] [map_odom_tf_bridge_cpp]: updated map->odom from new localization pose (odom dt=0.000 s)
[INFO] [1786514306.304071459] [map_odom_tf_bridge_cpp]: updated map->odom from new localization pose (odom dt=0.001 s)
[INFO] [1786514307.404089155] [map_odom_tf_bridge_cpp]: updated map->odom from new localization pose (odom dt=0.000 s)
[INFO] [1786514308.604105186] [map_odom_tf_bridge_cpp]: updated map->odom from new localization pose (odom dt=0.004 s)
[INFO] [1786514309.704762269] [map_odom_tf_bridge_cpp]: updated map->odom from new localization pose (odom dt=0.000 s)
[INFO] [1786514310.704888578] [map_odom_tf_bridge_cpp]: updated map->odom from new localization pose (odom dt=0.000 s)
[INFO] [1786514311.804309193] [map_odom_tf_bridge_cpp]: updated map->odom from new localization pose (odom dt=0.000 s)
[INFO] [1786514313.004499216] [map_odom_tf_bridge_cpp]: updated map->odom from new localization pose (odom dt=0.001 s)
[INFO] [1786514314.104326791] [map_odom_tf_bridge_cpp]: updated map->odom from new localization pose (odom dt=0.009 s)
[INFO] [1786514315.104396746] [map_odom_tf_bridge_cpp]: updated map->odom from new localization pose (odom dt=0.002 s)
[INFO] [1786514316.104414410] [map_odom_tf_bridge_cpp]: updated map->odom from new localization pose (odom dt=0.000 s)
[INFO] [1786514317.105039715] [map_odom_tf_bridge_cpp]: updated map->odom from new localization pose (odom dt=0.001 s)
[INFO] [1786514318.204666355] [map_odom_tf_bridge_cpp]: updated map->odom from new localization pose (odom dt=0.001 s)
[INFO] [1786514319.404534860] [map_odom_tf_bridge_cpp]: updated map->odom from new localization pose (odom dt=0.001 s)
[INFO] [1786514320.504628847] [map_odom_tf_bridge_cpp]: updated map->odom from new localization pose (odom dt=0.001 s)
[INFO] [1786514321.505035904] [map_odom_tf_bridge_cpp]: updated map->odom from new localization pose (odom dt=0.001 s)
[INFO] [1786514322.604705809] [map_odom_tf_bridge_cpp]: updated map->odom from new localization pose (odom dt=0.001 s)
[INFO] [1786514323.604749202] [map_odom_tf_bridge_cpp]: updated map->odom from new localization pose (odom dt=0.001 s)
[INFO] [1786514324.704788179] [map_odom_tf_bridge_cpp]: updated map->odom from new localization pose (odom dt=0.001 s)
[INFO] [1786514325.704828884] [map_odom_tf_bridge_cpp]: updated map->odom from new localization pose (odom dt=0.001 s)
[INFO] [1786514326.804879765] [map_odom_tf_bridge_cpp]: updated map->odom from new localization pose (odom dt=0.000 s)
[INFO] [1786514327.904907989] [map_odom_tf_bridge_cpp]: updated map->odom from new localization pose (odom dt=0.001 s)
[INFO] [1786514328.904962135] [map_odom_tf_bridge_cpp]: updated map->odom from new localization pose (odom dt=0.000 s)
[INFO] [1786514329.905529326] [map_odom_tf_bridge_cpp]: updated map->odom from new localization pose (odom dt=0.001 s)
[INFO] [1786514331.105053401] [map_odom_tf_bridge_cpp]: updated map->odom from new localization pose (odom dt=0.001 s)
[INFO] [1786514332.105105914] [map_odom_tf_bridge_cpp]: updated map->odom from new localization pose (odom dt=0.001 s)
[INFO] [1786514333.105156796] [map_odom_tf_bridge_cpp]: updated map->odom from new localization pose (odom dt=0.000 s)
[INFO] [1786514334.105190012] [map_odom_tf_bridge_cpp]: updated map->odom from new localization pose (odom dt=0.009 s)
[INFO] [1786514335.205241534] [map_odom_tf_bridge_cpp]: updated map->odom from new localization pose (odom dt=0.000 s)
[INFO] [1786514336.305296767] [map_odom_tf_bridge_cpp]: updated map->odom from new localization pose (odom dt=0.000 s)
[INFO] [1786514337.305351969] [map_odom_tf_bridge_cpp]: updated map->odom from new localization pose (odom dt=0.000 s)
[INFO] [1786514338.405377793] [map_odom_tf_bridge_cpp]: updated map->odom from new localization pose (odom dt=0.000 s)
[INFO] [1786514339.405418242] [map_odom_tf_bridge_cpp]: updated map->odom from new localization pose (odom dt=0.002 s)
[INFO] [1786514340.505461347] [map_odom_tf_bridge_cpp]: updated map->odom from new localization pose (odom dt=0.000 s)
[INFO] [1786514341.505502340] [map_odom_tf_bridge_cpp]: updated map->odom from new localization pose (odom dt=0.000 s)
[INFO] [1786514342.505587431] [map_odom_tf_bridge_cpp]: updated map->odom from new localization pose (odom dt=0.000 s)
[INFO] [1786514343.605567365] [map_odom_tf_bridge_cpp]: updated map->odom from new localization pose (odom dt=0.000 s)
[INFO] [1786514344.605621734] [map_odom_tf_bridge_cpp]: updated map->odom from new localization pose (odom dt=0.000 s)
[INFO] [1786514345.605680168] [map_odom_tf_bridge_cpp]: updated map->odom from new localization pose (odom dt=0.000 s)
[INFO] [1786514346.605725609] [map_odom_tf_bridge_cpp]: updated map->odom from new localization pose (odom dt=0.000 s)
[INFO] [1786514347.805784715] [map_odom_tf_bridge_cpp]: updated map->odom from new localization pose (odom dt=0.000 s)
[INFO] [1786514348.805856301] [map_odom_tf_bridge_cpp]: updated map->odom from new localization pose (odom dt=0.000 s)
[INFO] [1786514349.805863021] [map_odom_tf_bridge_cpp]: updated map->odom from new localization pose (odom dt=0.000 s)
[INFO] [1786514350.905932911] [map_odom_tf_bridge_cpp]: updated map->odom from new localization pose (odom dt=0.000 s)
[INFO] [1786514352.007850751] [map_odom_tf_bridge_cpp]: updated map->odom from new localization pose (odom dt=0.000 s)
[INFO] [1786514353.106681165] [map_odom_tf_bridge_cpp]: updated map->odom from new localization pose (odom dt=0.002 s)
[INFO] [1786514354.206065650] [map_odom_tf_bridge_cpp]: updated map->odom from new localization pose (odom dt=0.000 s)
[INFO] [1786514355.206087218] [map_odom_tf_bridge_cpp]: updated map->odom from new localization pose (odom dt=0.000 s)
[INFO] [1786514356.206135091] [map_odom_tf_bridge_cpp]: updated map->odom from new localization pose (odom dt=0.000 s)
[INFO] [1786514357.206209461] [map_odom_tf_bridge_cpp]: updated map->odom from new localization pose (odom dt=0.000 s)
[INFO] [1786514358.406229461] [map_odom_tf_bridge_cpp]: updated map->odom from new localization pose (odom dt=0.000 s)
[INFO] [1786514359.406264854] [map_odom_tf_bridge_cpp]: updated map->odom from new localization pose (odom dt=0.000 s)
[INFO] [1786514360.406287158] [map_odom_tf_bridge_cpp]: updated map->odom from new localization pose (odom dt=0.002 s)
[INFO] [1786514361.406344536] [map_odom_tf_bridge_cpp]: updated map->odom from new localization pose (odom dt=0.000 s)
[INFO] [1786514362.406742952] [map_odom_tf_bridge_cpp]: updated map->odom from new localization pose (odom dt=0.000 s)
[INFO] [1786514363.606425658] [map_odom_tf_bridge_cpp]: updated map->odom from new localization pose (odom dt=0.000 s)
[INFO] [1786514364.606549534] [map_odom_tf_bridge_cpp]: updated map->odom from new localization pose (odom dt=0.000 s)
[INFO] [1786514365.706583871] [map_odom_tf_bridge_cpp]: updated map->odom from new localization pose (odom dt=0.000 s)
[INFO] [1786514366.706644928] [map_odom_tf_bridge_cpp]: updated map->odom from new localization pose (odom dt=0.000 s)
[INFO] [1786514367.806960237] [map_odom_tf_bridge_cpp]: updated map->odom from new localization pose (odom dt=0.000 s)
[INFO] [1786514368.906677568] [map_odom_tf_bridge_cpp]: updated map->odom from new localization pose (odom dt=0.000 s)
[INFO] [1786514370.006728481] [map_odom_tf_bridge_cpp]: updated map->odom from new localization pose (odom dt=0.006 s)
[INFO] [1786514371.006757666] [map_odom_tf_bridge_cpp]: updated map->odom from new localization pose (odom dt=0.006 s)
[INFO] [1786514372.006843493] [map_odom_tf_bridge_cpp]: updated map->odom from new localization pose (odom dt=0.005 s)
[INFO] [1786514373.206847844] [map_odom_tf_bridge_cpp]: updated map->odom from new localization pose (odom dt=0.001 s)
[INFO] [1786514374.306911846] [map_odom_tf_bridge_cpp]: updated map->odom from new localization pose (odom dt=0.000 s)
[INFO] [1786514375.306964039] [map_odom_tf_bridge_cpp]: updated map->odom from new localization pose (odom dt=0.000 s)
[INFO] [1786514376.306982151] [map_odom_tf_bridge_cpp]: updated map->odom from new localization pose (odom dt=0.001 s)
[INFO] [1786514377.307010888] [map_odom_tf_bridge_cpp]: updated map->odom from new localization pose (odom dt=0.001 s)
[INFO] [1786514378.407086634] [map_odom_tf_bridge_cpp]: updated map->odom from new localization pose (odom dt=0.001 s)
[INFO] [1786514379.407101418] [map_odom_tf_bridge_cpp]: updated map->odom from new localization pose (odom dt=0.000 s)
[INFO] [1786514380.407146923] [map_odom_tf_bridge_cpp]: updated map->odom from new localization pose (odom dt=0.002 s)
[INFO] [1786514381.507204781] [map_odom_tf_bridge_cpp]: updated map->odom from new localization pose (odom dt=0.001 s)
[INFO] [1786514382.607286831] [map_odom_tf_bridge_cpp]: updated map->odom from new localization pose (odom dt=0.000 s)
[INFO] [1786514383.707316912] [map_odom_tf_bridge_cpp]: updated map->odom from new localization pose (odom dt=0.001 s)
[INFO] [1786514384.707376401] [map_odom_tf_bridge_cpp]: updated map->odom from new localization pose (odom dt=0.000 s)
[INFO] [1786514385.707381201] [map_odom_tf_bridge_cpp]: updated map->odom from new localization pose (odom dt=0.000 s)
[INFO] [1786514386.707426482] [map_odom_tf_bridge_cpp]: updated map->odom from new localization pose (odom dt=0.000 s)
[INFO] [1786514387.707441074] [map_odom_tf_bridge_cpp]: updated map->odom from new localization pose (odom dt=0.001 s)
[INFO] [1786514388.707496883] [map_odom_tf_bridge_cpp]: updated map->odom from new localization pose (odom dt=0.001 s)
[INFO] [1786514389.707603639] [map_odom_tf_bridge_cpp]: updated map->odom from new localization pose (odom dt=0.001 s)
[INFO] [1786514390.707628919] [map_odom_tf_bridge_cpp]: updated map->odom from new localization pose (odom dt=0.001 s)
[INFO] [1786514391.707644887] [map_odom_tf_bridge_cpp]: updated map->odom from new localization pose (odom dt=0.001 s)
[INFO] [1786514392.707679288] [map_odom_tf_bridge_cpp]: updated map->odom from new localization pose (odom dt=0.001 s)
[INFO] [1786514393.707745274] [map_odom_tf_bridge_cpp]: updated map->odom from new localization pose (odom dt=0.001 s)
[INFO] [1786514394.707796443] [map_odom_tf_bridge_cpp]: updated map->odom from new localization pose (odom dt=0.000 s)
[INFO] [1786514395.707830972] [map_odom_tf_bridge_cpp]: updated map->odom from new localization pose (odom dt=0.001 s)
[INFO] [1786514396.807803610] [map_odom_tf_bridge_cpp]: updated map->odom from new localization pose (odom dt=0.001 s)
[INFO] [1786514397.907904861] [map_odom_tf_bridge_cpp]: updated map->odom from new localization pose (odom dt=0.001 s)
[INFO] [1786514398.907945086] [map_odom_tf_bridge_cpp]: updated map->odom from new localization pose (odom dt=0.001 s)
[INFO] [1786514399.908264939] [map_odom_tf_bridge_cpp]: updated map->odom from new localization pose (odom dt=0.002 s)
[INFO] [1786514401.008098339] [map_odom_tf_bridge_cpp]: updated map->odom from new localization pose (odom dt=0.001 s)
[INFO] [1786514402.008107331] [map_odom_tf_bridge_cpp]: updated map->odom from new localization pose (odom dt=0.005 s)
[INFO] [1786514403.008757598] [map_odom_tf_bridge_cpp]: updated map->odom from new localization pose (odom dt=0.001 s)
[INFO] [1786514404.108167844] [map_odom_tf_bridge_cpp]: updated map->odom from new localization pose (odom dt=0.001 s)
[INFO] [1786514405.208245318] [map_odom_tf_bridge_cpp]: updated map->odom from new localization pose (odom dt=0.001 s)
[INFO] [1786514406.208446638] [map_odom_tf_bridge_cpp]: updated map->odom from new localization pose (odom dt=0.000 s)
[INFO] [1786514407.308301863] [map_odom_tf_bridge_cpp]: updated map->odom from new localization pose (odom dt=0.001 s)
[INFO] [1786514408.308350920] [map_odom_tf_bridge_cpp]: updated map->odom from new localization pose (odom dt=0.000 s)
[INFO] [1786514409.308379177] [map_odom_tf_bridge_cpp]: updated map->odom from new localization pose (odom dt=0.001 s)
[INFO] [1786514410.308424362] [map_odom_tf_bridge_cpp]: updated map->odom from new localization pose (odom dt=0.001 s)
[INFO] [1786514411.408411976] [map_odom_tf_bridge_cpp]: updated map->odom from new localization pose (odom dt=0.001 s)
[INFO] [1786514412.408532045] [map_odom_tf_bridge_cpp]: updated map->odom from new localization pose (odom dt=0.001 s)
[INFO] [1786514413.408595279] [map_odom_tf_bridge_cpp]: updated map->odom from new localization pose (odom dt=0.000 s)
[INFO] [1786514414.508613262] [map_odom_tf_bridge_cpp]: updated map->odom from new localization pose (odom dt=0.000 s)
[INFO] [1786514415.508635695] [map_odom_tf_bridge_cpp]: updated map->odom from new localization pose (odom dt=0.003 s)
[INFO] [1786514416.508706449] [map_odom_tf_bridge_cpp]: updated map->odom from new localization pose (odom dt=0.000 s)
[INFO] [1786514417.508736625] [map_odom_tf_bridge_cpp]: updated map->odom from new localization pose (odom dt=0.000 s)
[INFO] [1786514418.508801299] [map_odom_tf_bridge_cpp]: updated map->odom from new localization pose (odom dt=0.000 s)
[INFO] [1786514419.508833492] [map_odom_tf_bridge_cpp]: updated map->odom from new localization pose (odom dt=0.000 s)
[INFO] [1786514420.508878581] [map_odom_tf_bridge_cpp]: updated map->odom from new localization pose (odom dt=0.000 s)
[INFO] [1786514421.709629140] [map_odom_tf_bridge_cpp]: updated map->odom from new localization pose (odom dt=0.000 s)
[INFO] [1786514422.808952470] [map_odom_tf_bridge_cpp]: updated map->odom from new localization pose (odom dt=0.000 s)
[INFO] [1786514423.809034681] [map_odom_tf_bridge_cpp]: updated map->odom from new localization pose (odom dt=0.000 s)
[INFO] [1786514424.809047929] [map_odom_tf_bridge_cpp]: updated map->odom from new localization pose (odom dt=0.000 s)
[INFO] [1786514425.809050840] [map_odom_tf_bridge_cpp]: updated map->odom from new localization pose (odom dt=0.000 s)
[INFO] [1786514426.809172764] [map_odom_tf_bridge_cpp]: updated map->odom from new localization pose (odom dt=0.000 s)
[INFO] [1786514427.809188604] [map_odom_tf_bridge_cpp]: updated map->odom from new localization pose (odom dt=0.001 s)
[INFO] [1786514428.909252542] [map_odom_tf_bridge_cpp]: updated map->odom from new localization pose (odom dt=0.000 s)
[INFO] [1786514429.909264414] [map_odom_tf_bridge_cpp]: updated map->odom from new localization pose (odom dt=0.000 s)
[INFO] [1786514430.909331584] [map_odom_tf_bridge_cpp]: updated map->odom from new localization pose (odom dt=0.000 s)
[INFO] [1786514432.009385057] [map_odom_tf_bridge_cpp]: updated map->odom from new localization pose (odom dt=0.000 s)
[INFO] [1786514433.009401473] [map_odom_tf_bridge_cpp]: updated map->odom from new localization pose (odom dt=0.006 s)
[INFO] [1786514434.109442626] [map_odom_tf_bridge_cpp]: updated map->odom from new localization pose (odom dt=0.007 s)
[INFO] [1786514435.209522021] [map_odom_tf_bridge_cpp]: updated map->odom from new localization pose (odom dt=0.000 s)
[INFO] [1786514436.209529924] [map_odom_tf_bridge_cpp]: updated map->odom from new localization pose (odom dt=0.000 s)
[INFO] [1786514437.209585542] [map_odom_tf_bridge_cpp]: updated map->odom from new localization pose (odom dt=0.000 s)
[INFO] [1786514438.209652744] [map_odom_tf_bridge_cpp]: updated map->odom from new localization pose (odom dt=0.000 s)
[INFO] [1786514439.210112603] [map_odom_tf_bridge_cpp]: updated map->odom from new localization pose (odom dt=0.000 s)
[INFO] [1786514440.409750762] [map_odom_tf_bridge_cpp]: updated map->odom from new localization pose (odom dt=0.000 s)
[INFO] [1786514441.409783307] [map_odom_tf_bridge_cpp]: updated map->odom from new localization pose (odom dt=0.000 s)
[INFO] [1786514442.409839597] [map_odom_tf_bridge_cpp]: updated map->odom from new localization pose (odom dt=0.000 s)
[INFO] [1786514443.409854156] [map_odom_tf_bridge_cpp]: updated map->odom from new localization pose (odom dt=0.000 s)
[INFO] [1786514444.409891597] [map_odom_tf_bridge_cpp]: updated map->odom from new localization pose (odom dt=0.000 s)
[INFO] [1786514445.509919853] [map_odom_tf_bridge_cpp]: updated map->odom from new localization pose (odom dt=0.000 s)
[INFO] [1786514446.509982383] [map_odom_tf_bridge_cpp]: updated map->odom from new localization pose (odom dt=0.004 s)
[INFO] [1786514447.510010000] [map_odom_tf_bridge_cpp]: updated map->odom from new localization pose (odom dt=0.000 s)
[INFO] [1786514448.510099475] [map_odom_tf_bridge_cpp]: updated map->odom from new localization pose (odom dt=0.000 s)
[INFO] [1786514449.510103506] [map_odom_tf_bridge_cpp]: updated map->odom from new localization pose (odom dt=0.001 s)
[INFO] [1786514450.510149875] [map_odom_tf_bridge_cpp]: updated map->odom from new localization pose (odom dt=0.005 s)
[INFO] [1786514451.610198677] [map_odom_tf_bridge_cpp]: updated map->odom from new localization pose (odom dt=0.000 s)
[INFO] [1786514452.710254902] [map_odom_tf_bridge_cpp]: updated map->odom from new localization pose (odom dt=0.003 s)
[INFO] [1786514453.810283190] [map_odom_tf_bridge_cpp]: updated map->odom from new localization pose (odom dt=0.000 s)
[INFO] [1786514454.810407227] [map_odom_tf_bridge_cpp]: updated map->odom from new localization pose (odom dt=0.000 s)
[INFO] [1786514455.910408922] [map_odom_tf_bridge_cpp]: updated map->odom from new localization pose (odom dt=0.000 s)
[INFO] [1786514457.010412441] [map_odom_tf_bridge_cpp]: updated map->odom from new localization pose (odom dt=0.009 s)
[INFO] [1786514458.010452986] [map_odom_tf_bridge_cpp]: updated map->odom from new localization pose (odom dt=0.000 s)
[INFO] [1786514459.110541277] [map_odom_tf_bridge_cpp]: updated map->odom from new localization pose (odom dt=0.002 s)
[INFO] [1786514460.110566813] [map_odom_tf_bridge_cpp]: updated map->odom from new localization pose (odom dt=0.000 s)
[INFO] [1786514461.110649536] [map_odom_tf_bridge_cpp]: updated map->odom from new localization pose (odom dt=0.004 s)
[INFO] [1786514462.210583869] [map_odom_tf_bridge_cpp]: updated map->odom from new localization pose (odom dt=0.000 s)
[INFO] [1786514463.210677376] [map_odom_tf_bridge_cpp]: updated map->odom from new localization pose (odom dt=0.000 s)
[INFO] [1786514464.310734945] [map_odom_tf_bridge_cpp]: updated map->odom from new localization pose (odom dt=0.000 s)
[INFO] [1786514465.310787331] [map_odom_tf_bridge_cpp]: updated map->odom from new localization pose (odom dt=0.000 s)
[INFO] [1786514466.310810691] [map_odom_tf_bridge_cpp]: updated map->odom from new localization pose (odom dt=0.000 s)
[INFO] [1786514467.310862212] [map_odom_tf_bridge_cpp]: updated map->odom from new localization pose (odom dt=0.000 s)
[INFO] [1786514468.310917574] [map_odom_tf_bridge_cpp]: updated map->odom from new localization pose (odom dt=0.000 s)
[INFO] [1786514469.310949638] [map_odom_tf_bridge_cpp]: updated map->odom from new localization pose (odom dt=0.000 s)
[INFO] [1786514470.310972807] [map_odom_tf_bridge_cpp]: updated map->odom from new localization pose (odom dt=0.001 s)
[INFO] [1786514471.311009127] [map_odom_tf_bridge_cpp]: updated map->odom from new localization pose (odom dt=0.000 s)
[INFO] [1786514472.311050632] [map_odom_tf_bridge_cpp]: updated map->odom from new localization pose (odom dt=0.002 s)
[INFO] [1786514473.411131499] [map_odom_tf_bridge_cpp]: updated map->odom from new localization pose (odom dt=0.000 s)
[INFO] [1786514474.411164556] [map_odom_tf_bridge_cpp]: updated map->odom from new localization pose (odom dt=0.000 s)
[INFO] [1786514475.411212525] [map_odom_tf_bridge_cpp]: updated map->odom from new localization pose (odom dt=0.000 s)
[INFO] [1786514476.411267502] [map_odom_tf_bridge_cpp]: updated map->odom from new localization pose (odom dt=0.000 s)
[INFO] [1786514477.411290287] [map_odom_tf_bridge_cpp]: updated map->odom from new localization pose (odom dt=0.000 s)
[INFO] [1786514478.411353648] [map_odom_tf_bridge_cpp]: updated map->odom from new localization pose (odom dt=0.000 s)
[INFO] [1786514479.511379825] [map_odom_tf_bridge_cpp]: updated map->odom from new localization pose (odom dt=0.000 s)
[INFO] [1786514480.511408657] [map_odom_tf_bridge_cpp]: updated map->odom from new localization pose (odom dt=0.000 s)
[INFO] [1786514481.611468627] [map_odom_tf_bridge_cpp]: updated map->odom from new localization pose (odom dt=0.000 s)
[INFO] [1786514482.611547413] [map_odom_tf_bridge_cpp]: updated map->odom from new localization pose (odom dt=0.002 s)
[INFO] [1786514483.711577078] [map_odom_tf_bridge_cpp]: updated map->odom from new localization pose (odom dt=0.001 s)
[INFO] [1786514484.711589590] [map_odom_tf_bridge_cpp]: updated map->odom from new localization pose (odom dt=0.001 s)
[INFO] [1786514485.711648215] [map_odom_tf_bridge_cpp]: updated map->odom from new localization pose (odom dt=0.000 s)
[INFO] [1786514486.711678552] [map_odom_tf_bridge_cpp]: updated map->odom from new localization pose (odom dt=0.001 s)
[INFO] [1786514487.711754746] [map_odom_tf_bridge_cpp]: updated map->odom from new localization pose (odom dt=0.001 s)
[INFO] [1786514488.811773658] [map_odom_tf_bridge_cpp]: updated map->odom from new localization pose (odom dt=0.001 s)
[INFO] [1786514489.911812155] [map_odom_tf_bridge_cpp]: updated map->odom from new localization pose (odom dt=0.002 s)
[INFO] [1786514491.011856604] [map_odom_tf_bridge_cpp]: updated map->odom from new localization pose (odom dt=0.003 s)
[INFO] [1786514492.011912925] [map_odom_tf_bridge_cpp]: updated map->odom from new localization pose (odom dt=0.001 s)
[INFO] [1786514493.112036322] [map_odom_tf_bridge_cpp]: updated map->odom from new localization pose (odom dt=0.005 s)
[INFO] [1786514494.212011360] [map_odom_tf_bridge_cpp]: updated map->odom from new localization pose (odom dt=0.001 s)
[INFO] [1786514495.312034048] [map_odom_tf_bridge_cpp]: updated map->odom from new localization pose (odom dt=0.001 s)
[INFO] [1786514496.412092098] [map_odom_tf_bridge_cpp]: updated map->odom from new localization pose (odom dt=0.001 s)
[INFO] [1786514497.412162308] [map_odom_tf_bridge_cpp]: updated map->odom from new localization pose (odom dt=0.000 s)
[INFO] [1786514498.412191876] [map_odom_tf_bridge_cpp]: updated map->odom from new localization pose (odom dt=0.001 s)
[INFO] [1786514499.412220901] [map_odom_tf_bridge_cpp]: updated map->odom from new localization pose (odom dt=0.001 s)
[INFO] [1786514500.412264070] [map_odom_tf_bridge_cpp]: updated map->odom from new localization pose (odom dt=0.000 s)
[INFO] [1786514501.412302599] [map_odom_tf_bridge_cpp]: updated map->odom from new localization pose (odom dt=0.000 s)
[INFO] [1786514502.412413739] [map_odom_tf_bridge_cpp]: updated map->odom from new localization pose (odom dt=0.001 s)
[INFO] [1786514503.412429642] [map_odom_tf_bridge_cpp]: updated map->odom from new localization pose (odom dt=0.000 s)
[INFO] [1786514504.412491532] [map_odom_tf_bridge_cpp]: updated map->odom from new localization pose (odom dt=0.000 s)
[INFO] [1786514505.412502124] [map_odom_tf_bridge_cpp]: updated map->odom from new localization pose (odom dt=0.001 s)
[INFO] [1786514506.412549165] [map_odom_tf_bridge_cpp]: updated map->odom from new localization pose (odom dt=0.000 s)
[INFO] [1786514507.412555955] [map_odom_tf_bridge_cpp]: updated map->odom from new localization pose (odom dt=0.001 s)
[INFO] [1786514508.412589712] [map_odom_tf_bridge_cpp]: updated map->odom from new localization pose (odom dt=0.000 s)
[INFO] [1786514509.512835797] [map_odom_tf_bridge_cpp]: updated map->odom from new localization pose (odom dt=0.000 s)
[INFO] [1786514510.612705546] [map_odom_tf_bridge_cpp]: updated map->odom from new localization pose (odom dt=0.000 s)
[INFO] [1786514511.612758728] [map_odom_tf_bridge_cpp]: updated map->odom from new localization pose (odom dt=0.000 s)
[INFO] [1786514512.612788548] [map_odom_tf_bridge_cpp]: updated map->odom from new localization pose (odom dt=0.000 s)
[INFO] [1786514513.712822945] [map_odom_tf_bridge_cpp]: updated map->odom from new localization pose (odom dt=0.001 s)
[INFO] [1786514514.712863902] [map_odom_tf_bridge_cpp]: updated map->odom from new localization pose (odom dt=0.000 s)
[INFO] [1786514515.812928187] [map_odom_tf_bridge_cpp]: updated map->odom from new localization pose (odom dt=0.000 s)
[INFO] [1786514516.812956056] [map_odom_tf_bridge_cpp]: updated map->odom from new localization pose (odom dt=0.000 s)
[INFO] [1786514517.913039542] [map_odom_tf_bridge_cpp]: updated map->odom from new localization pose (odom dt=0.000 s)
[INFO] [1786514519.013073234] [map_odom_tf_bridge_cpp]: updated map->odom from new localization pose (odom dt=0.000 s)
[INFO] [1786514520.013101967] [map_odom_tf_bridge_cpp]: updated map->odom from new localization pose (odom dt=0.000 s)
[INFO] [1786514521.013171949] [map_odom_tf_bridge_cpp]: updated map->odom from new localization pose (odom dt=0.008 s)
[INFO] [1786514522.113189128] [map_odom_tf_bridge_cpp]: updated map->odom from new localization pose (odom dt=0.001 s)
[INFO] [1786514523.213238565] [map_odom_tf_bridge_cpp]: updated map->odom from new localization pose (odom dt=0.000 s)
[INFO] [1786514524.213272002] [map_odom_tf_bridge_cpp]: updated map->odom from new localization pose (odom dt=0.000 s)
[INFO] [1786514525.213298559] [map_odom_tf_bridge_cpp]: updated map->odom from new localization pose (odom dt=0.000 s)
[INFO] [1786514526.213359932] [map_odom_tf_bridge_cpp]: updated map->odom from new localization pose (odom dt=0.000 s)
[INFO] [1786514527.213390713] [map_odom_tf_bridge_cpp]: updated map->odom from new localization pose (odom dt=0.000 s)
[INFO] [1786514528.313460503] [map_odom_tf_bridge_cpp]: updated map->odom from new localization pose (odom dt=0.000 s)
[INFO] [1786514529.413501395] [map_odom_tf_bridge_cpp]: updated map->odom from new localization pose (odom dt=0.001 s)
[INFO] [1786514530.513527311] [map_odom_tf_bridge_cpp]: updated map->odom from new localization pose (odom dt=0.002 s)
[INFO] [1786514531.513616686] [map_odom_tf_bridge_cpp]: updated map->odom from new localization pose (odom dt=0.000 s)
[INFO] [1786514532.513646731] [map_odom_tf_bridge_cpp]: updated map->odom from new localization pose (odom dt=0.000 s)
[INFO] [1786514533.513681608] [map_odom_tf_bridge_cpp]: updated map->odom from new localization pose (odom dt=0.001 s)
[INFO] [1786514534.613714116] [map_odom_tf_bridge_cpp]: updated map->odom from new localization pose (odom dt=0.000 s)
[INFO] [1786514535.613776898] [map_odom_tf_bridge_cpp]: updated map->odom from new localization pose (odom dt=0.000 s)
[INFO] [1786514536.713833183] [map_odom_tf_bridge_cpp]: updated map->odom from new localization pose (odom dt=0.000 s)
[INFO] [1786514537.813836442] [map_odom_tf_bridge_cpp]: updated map->odom from new localization pose (odom dt=0.000 s)
[INFO] [1786514538.913897111] [map_odom_tf_bridge_cpp]: updated map->odom from new localization pose (odom dt=0.000 s)
[INFO] [1786514540.013946772] [map_odom_tf_bridge_cpp]: updated map->odom from new localization pose (odom dt=0.002 s)
[INFO] [1786514541.013989777] [map_odom_tf_bridge_cpp]: updated map->odom from new localization pose (odom dt=0.002 s)
[INFO] [1786514542.114006733] [map_odom_tf_bridge_cpp]: updated map->odom from new localization pose (odom dt=0.005 s)
[INFO] [1786514543.118676365] [map_odom_tf_bridge_cpp]: updated map->odom from new localization pose (odom dt=0.000 s)
[INFO] [1786514544.314125992] [map_odom_tf_bridge_cpp]: updated map->odom from new localization pose (odom dt=0.000 s)
[INFO] [1786514545.314156740] [map_odom_tf_bridge_cpp]: updated map->odom from new localization pose (odom dt=0.000 s)
[INFO] [1786514546.314205185] [map_odom_tf_bridge_cpp]: updated map->odom from new localization pose (odom dt=0.001 s)
[INFO] [1786514547.314248447] [map_odom_tf_bridge_cpp]: updated map->odom from new localization pose (odom dt=0.004 s)
[INFO] [1786514548.314289276] [map_odom_tf_bridge_cpp]: updated map->odom from new localization pose (odom dt=0.000 s)
[INFO] [1786514549.314340057] [map_odom_tf_bridge_cpp]: updated map->odom from new localization pose (odom dt=0.001 s)
[INFO] [1786514550.314391927] [map_odom_tf_bridge_cpp]: updated map->odom from new localization pose (odom dt=0.001 s)
[INFO] [1786514551.314432820] [map_odom_tf_bridge_cpp]: updated map->odom from new localization pose (odom dt=0.000 s)
[INFO] [1786514552.314445391] [map_odom_tf_bridge_cpp]: updated map->odom from new localization pose (odom dt=0.000 s)
[INFO] [1786514553.314490573] [map_odom_tf_bridge_cpp]: updated map->odom from new localization pose (odom dt=0.000 s)
[INFO] [1786514554.314566059] [map_odom_tf_bridge_cpp]: updated map->odom from new localization pose (odom dt=0.000 s)
[INFO] [1786514555.314685515] [map_odom_tf_bridge_cpp]: updated map->odom from new localization pose (odom dt=0.000 s)
[INFO] [1786514556.414645413] [map_odom_tf_bridge_cpp]: updated map->odom from new localization pose (odom dt=0.001 s)
[INFO] [1786514557.414696962] [map_odom_tf_bridge_cpp]: updated map->odom from new localization pose (odom dt=0.000 s)
[INFO] [1786514558.514722686] [map_odom_tf_bridge_cpp]: updated map->odom from new localization pose (odom dt=0.000 s)
[INFO] [1786514559.514773275] [map_odom_tf_bridge_cpp]: updated map->odom from new localization pose (odom dt=0.000 s)
[INFO] [1786514560.614840921] [map_odom_tf_bridge_cpp]: updated map->odom from new localization pose (odom dt=0.001 s)
[INFO] [1786514561.614849109] [map_odom_tf_bridge_cpp]: updated map->odom from new localization pose (odom dt=0.000 s)
[INFO] [1786514562.714905074] [map_odom_tf_bridge_cpp]: updated map->odom from new localization pose (odom dt=0.001 s)
[INFO] [1786514563.814957999] [map_odom_tf_bridge_cpp]: updated map->odom from new localization pose (odom dt=0.001 s)
[INFO] [1786514564.914997387] [map_odom_tf_bridge_cpp]: updated map->odom from new localization pose (odom dt=0.001 s)
[INFO] [1786514565.915035912] [map_odom_tf_bridge_cpp]: updated map->odom from new localization pose (odom dt=0.000 s)
[INFO] [1786514566.915089254] [map_odom_tf_bridge_cpp]: updated map->odom from new localization pose (odom dt=0.001 s)
[INFO] [1786514567.915157220] [map_odom_tf_bridge_cpp]: updated map->odom from new localization pose (odom dt=0.000 s)
[INFO] [1786514568.915170592] [map_odom_tf_bridge_cpp]: updated map->odom from new localization pose (odom dt=0.000 s)
[INFO] [1786514570.015229373] [map_odom_tf_bridge_cpp]: updated map->odom from new localization pose (odom dt=0.009 s)
[INFO] [1786514571.115271482] [map_odom_tf_bridge_cpp]: updated map->odom from new localization pose (odom dt=0.008 s)
[INFO] [1786514572.115285654] [map_odom_tf_bridge_cpp]: updated map->odom from new localization pose (odom dt=0.000 s)
[INFO] [1786514573.115370901] [map_odom_tf_bridge_cpp]: updated map->odom from new localization pose (odom dt=0.001 s)
[INFO] [1786514574.115380368] [map_odom_tf_bridge_cpp]: updated map->odom from new localization pose (odom dt=0.000 s)
[INFO] [1786514575.115433678] [map_odom_tf_bridge_cpp]: updated map->odom from new localization pose (odom dt=0.000 s)
[INFO] [1786514576.115463530] [map_odom_tf_bridge_cpp]: updated map->odom from new localization pose (odom dt=0.003 s)
[INFO] [1786514577.115488167] [map_odom_tf_bridge_cpp]: updated map->odom from new localization pose (odom dt=0.001 s)
[INFO] [1786514578.115564453] [map_odom_tf_bridge_cpp]: updated map->odom from new localization pose (odom dt=0.004 s)
[INFO] [1786514579.115592098] [map_odom_tf_bridge_cpp]: updated map->odom from new localization pose (odom dt=0.001 s)
[INFO] [1786514580.215644479] [map_odom_tf_bridge_cpp]: updated map->odom from new localization pose (odom dt=0.001 s)
[INFO] [1786514581.215682492] [map_odom_tf_bridge_cpp]: updated map->odom from new localization pose (odom dt=0.000 s)
[INFO] [1786514582.215729945] [map_odom_tf_bridge_cpp]: updated map->odom from new localization pose (odom dt=0.000 s)
[INFO] [1786514583.215757877] [map_odom_tf_bridge_cpp]: updated map->odom from new localization pose (odom dt=0.001 s)
[INFO] [1786514584.215802739] [map_odom_tf_bridge_cpp]: updated map->odom from new localization pose (odom dt=0.001 s)
[INFO] [1786514585.215846320] [map_odom_tf_bridge_cpp]: updated map->odom from new localization pose (odom dt=0.001 s)
[INFO] [1786514586.215909486] [map_odom_tf_bridge_cpp]: updated map->odom from new localization pose (odom dt=0.000 s)
[INFO] [1786514587.215945610] [map_odom_tf_bridge_cpp]: updated map->odom from new localization pose (odom dt=0.001 s)
[INFO] [1786514588.215987495] [map_odom_tf_bridge_cpp]: updated map->odom from new localization pose (odom dt=0.001 s)
[INFO] [1786514589.216029061] [map_odom_tf_bridge_cpp]: updated map->odom from new localization pose (odom dt=0.000 s)
[INFO] [1786514590.316068033] [map_odom_tf_bridge_cpp]: updated map->odom from new localization pose (odom dt=0.000 s)
[INFO] [1786514591.316095933] [map_odom_tf_bridge_cpp]: updated map->odom from new localization pose (odom dt=0.000 s)
[INFO] [1786514592.416141338] [map_odom_tf_bridge_cpp]: updated map->odom from new localization pose (odom dt=0.000 s)
[INFO] [1786514593.516205176] [map_odom_tf_bridge_cpp]: updated map->odom from new localization pose (odom dt=0.000 s)
[INFO] [1786514594.516380026] [map_odom_tf_bridge_cpp]: updated map->odom from new localization pose (odom dt=0.001 s)
[INFO] [1786514595.716296593] [map_odom_tf_bridge_cpp]: updated map->odom from new localization pose (odom dt=0.000 s)
[INFO] [1786514596.716333710] [map_odom_tf_bridge_cpp]: updated map->odom from new localization pose (odom dt=0.002 s)
[INFO] [1786514597.716353354] [map_odom_tf_bridge_cpp]: updated map->odom from new localization pose (odom dt=0.000 s)
[INFO] [1786514598.716411784] [map_odom_tf_bridge_cpp]: updated map->odom from new localization pose (odom dt=0.000 s)
[INFO] [1786514599.716465030] [map_odom_tf_bridge_cpp]: updated map->odom from new localization pose (odom dt=0.000 s)
[INFO] [1786514600.717027769] [map_odom_tf_bridge_cpp]: updated map->odom from new localization pose (odom dt=0.000 s)
[INFO] [1786514601.916568928] [map_odom_tf_bridge_cpp]: updated map->odom from new localization pose (odom dt=0.001 s)
[INFO] [1786514602.916639262] [map_odom_tf_bridge_cpp]: updated map->odom from new localization pose (odom dt=0.000 s)
[INFO] [1786514604.116639704] [map_odom_tf_bridge_cpp]: updated map->odom from new localization pose (odom dt=0.007 s)
[INFO] [1786514605.116692566] [map_odom_tf_bridge_cpp]: updated map->odom from new localization pose (odom dt=0.000 s)
[INFO] [1786514606.216801109] [map_odom_tf_bridge_cpp]: updated map->odom from new localization pose (odom dt=0.000 s)
[INFO] [1786514607.216802256] [map_odom_tf_bridge_cpp]: updated map->odom from new localization pose (odom dt=0.000 s)
[INFO] [1786514608.316855950] [map_odom_tf_bridge_cpp]: updated map->odom from new localization pose (odom dt=0.000 s)
[INFO] [1786514609.316889258] [map_odom_tf_bridge_cpp]: updated map->odom from new localization pose (odom dt=0.000 s)
[INFO] [1786514610.316916903] [map_odom_tf_bridge_cpp]: updated map->odom from new localization pose (odom dt=0.000 s)
[INFO] [1786514611.316949219] [map_odom_tf_bridge_cpp]: updated map->odom from new localization pose (odom dt=0.000 s)
[INFO] [1786514612.316998241] [map_odom_tf_bridge_cpp]: updated map->odom from new localization pose (odom dt=0.000 s)
[INFO] [1786514613.417062430] [map_odom_tf_bridge_cpp]: updated map->odom from new localization pose (odom dt=0.000 s)
[INFO] [1786514614.417091483] [map_odom_tf_bridge_cpp]: updated map->odom from new localization pose (odom dt=0.000 s)
[INFO] [1786514615.417135288] [map_odom_tf_bridge_cpp]: updated map->odom from new localization pose (odom dt=0.000 s)
[INFO] [1786514616.417192502] [map_odom_tf_bridge_cpp]: updated map->odom from new localization pose (odom dt=0.000 s)
[INFO] [1786514617.417216306] [map_odom_tf_bridge_cpp]: updated map->odom from new localization pose (odom dt=0.000 s)
[INFO] [1786514618.417264943] [map_odom_tf_bridge_cpp]: updated map->odom from new localization pose (odom dt=0.000 s)
[INFO] [1786514619.417296428] [map_odom_tf_bridge_cpp]: updated map->odom from new localization pose (odom dt=0.000 s)
[INFO] [1786514620.417428141] [map_odom_tf_bridge_cpp]: updated map->odom from new localization pose (odom dt=0.003 s)
[INFO] [1786514621.517487786] [map_odom_tf_bridge_cpp]: updated map->odom from new localization pose (odom dt=0.002 s)
[INFO] [1786514622.617466500] [map_odom_tf_bridge_cpp]: updated map->odom from new localization pose (odom dt=0.000 s)
[INFO] [1786514623.617544323] [map_odom_tf_bridge_cpp]: updated map->odom from new localization pose (odom dt=0.000 s)
[INFO] [1786514624.717523709] [map_odom_tf_bridge_cpp]: updated map->odom from new localization pose (odom dt=0.000 s)
[INFO] [1786514625.817570105] [map_odom_tf_bridge_cpp]: updated map->odom from new localization pose (odom dt=0.000 s)
[INFO] [1786514626.917620406] [map_odom_tf_bridge_cpp]: updated map->odom from new localization pose (odom dt=0.000 s)
[INFO] [1786514627.917711189] [map_odom_tf_bridge_cpp]: updated map->odom from new localization pose (odom dt=0.000 s)
[INFO] [1786514628.917728529] [map_odom_tf_bridge_cpp]: updated map->odom from new localization pose (odom dt=0.000 s)
[INFO] [1786514629.918375368] [map_odom_tf_bridge_cpp]: updated map->odom from new localization pose (odom dt=0.000 s)
[INFO] [1786514631.017842764] [map_odom_tf_bridge_cpp]: updated map->odom from new localization pose (odom dt=0.008 s)
[INFO] [1786514632.117863976] [map_odom_tf_bridge_cpp]: updated map->odom from new localization pose (odom dt=0.001 s)
[INFO] [1786514633.117881252] [map_odom_tf_bridge_cpp]: updated map->odom from new localization pose (odom dt=0.004 s)
[INFO] [1786514634.117928865] [map_odom_tf_bridge_cpp]: updated map->odom from new localization pose (odom dt=0.009 s)
[INFO] [1786514635.117983263] [map_odom_tf_bridge_cpp]: updated map->odom from new localization pose (odom dt=0.007 s)
[INFO] [1786514636.218011547] [map_odom_tf_bridge_cpp]: updated map->odom from new localization pose (odom dt=0.000 s)
[INFO] [1786514637.218045304] [map_odom_tf_bridge_cpp]: updated map->odom from new localization pose (odom dt=0.001 s)
[INFO] [1786514638.218246268] [map_odom_tf_bridge_cpp]: updated map->odom from new localization pose (odom dt=0.002 s)
[INFO] [1786514639.318454399] [map_odom_tf_bridge_cpp]: updated map->odom from new localization pose (odom dt=0.000 s)
[INFO] [1786514640.418191087] [map_odom_tf_bridge_cpp]: updated map->odom from new localization pose (odom dt=0.000 s)
[INFO] [1786514641.418229260] [map_odom_tf_bridge_cpp]: updated map->odom from new localization pose (odom dt=0.000 s)
[INFO] [1786514642.418295786] [map_odom_tf_bridge_cpp]: updated map->odom from new localization pose (odom dt=0.001 s)
[INFO] [1786514643.518384904] [map_odom_tf_bridge_cpp]: updated map->odom from new localization pose (odom dt=0.000 s)
[INFO] [1786514644.618375395] [map_odom_tf_bridge_cpp]: updated map->odom from new localization pose (odom dt=0.000 s)
[INFO] [1786514645.618427808] [map_odom_tf_bridge_cpp]: updated map->odom from new localization pose (odom dt=0.001 s)
[INFO] [1786514646.718454300] [map_odom_tf_bridge_cpp]: updated map->odom from new localization pose (odom dt=0.000 s)
[INFO] [1786514647.818581564] [map_odom_tf_bridge_cpp]: updated map->odom from new localization pose (odom dt=0.000 s)
[INFO] [1786514648.818582168] [map_odom_tf_bridge_cpp]: updated map->odom from new localization pose (odom dt=0.000 s)
[INFO] [1786514649.918619828] [map_odom_tf_bridge_cpp]: updated map->odom from new localization pose (odom dt=0.000 s)
[INFO] [1786514650.918657105] [map_odom_tf_bridge_cpp]: updated map->odom from new localization pose (odom dt=0.000 s)
[INFO] [1786514652.218680300] [map_odom_tf_bridge_cpp]: updated map->odom from new localization pose (odom dt=0.001 s)
[INFO] [1786514653.318694823] [map_odom_tf_bridge_cpp]: updated map->odom from new localization pose (odom dt=0.002 s)
[INFO] [1786514654.318779302] [map_odom_tf_bridge_cpp]: updated map->odom from new localization pose (odom dt=0.001 s)
[INFO] [1786514655.318865445] [map_odom_tf_bridge_cpp]: updated map->odom from new localization pose (odom dt=0.001 s)
[INFO] [1786514656.418870304] [map_odom_tf_bridge_cpp]: updated map->odom from new localization pose (odom dt=0.000 s)
[INFO] [1786514657.418937086] [map_odom_tf_bridge_cpp]: updated map->odom from new localization pose (odom dt=0.000 s)
[INFO] [1786514658.418947354] [map_odom_tf_bridge_cpp]: updated map->odom from new localization pose (odom dt=0.000 s)
[INFO] [1786514659.419185247] [map_odom_tf_bridge_cpp]: updated map->odom from new localization pose (odom dt=0.000 s)
[INFO] [1786514660.519058773] [map_odom_tf_bridge_cpp]: updated map->odom from new localization pose (odom dt=0.001 s)
[INFO] [1786514661.519079153] [map_odom_tf_bridge_cpp]: updated map->odom from new localization pose (odom dt=0.002 s)
[INFO] [1786514662.619118797] [map_odom_tf_bridge_cpp]: updated map->odom from new localization pose (odom dt=0.000 s)
[INFO] [1786514663.619170667] [map_odom_tf_bridge_cpp]: updated map->odom from new localization pose (odom dt=0.001 s)
[INFO] [1786514664.619225321] [map_odom_tf_bridge_cpp]: updated map->odom from new localization pose (odom dt=0.001 s)
[INFO] [1786514665.619247429] [map_odom_tf_bridge_cpp]: updated map->odom from new localization pose (odom dt=0.001 s)
[INFO] [1786514666.619282050] [map_odom_tf_bridge_cpp]: updated map->odom from new localization pose (odom dt=0.000 s)
[INFO] [1786514667.619351680] [map_odom_tf_bridge_cpp]: updated map->odom from new localization pose (odom dt=0.001 s)
[INFO] [1786514668.619381340] [map_odom_tf_bridge_cpp]: updated map->odom from new localization pose (odom dt=0.001 s)
[INFO] [1786514669.719433593] [map_odom_tf_bridge_cpp]: updated map->odom from new localization pose (odom dt=0.003 s)
[INFO] [1786514670.719457750] [map_odom_tf_bridge_cpp]: updated map->odom from new localization pose (odom dt=0.001 s)
[INFO] [1786514671.719512435] [map_odom_tf_bridge_cpp]: updated map->odom from new localization pose (odom dt=0.000 s)
[INFO] [1786514672.719578577] [map_odom_tf_bridge_cpp]: updated map->odom from new localization pose (odom dt=0.000 s)
[INFO] [1786514673.719808470] [map_odom_tf_bridge_cpp]: updated map->odom from new localization pose (odom dt=0.004 s)
[INFO] [1786514674.819677356] [map_odom_tf_bridge_cpp]: updated map->odom from new localization pose (odom dt=0.001 s)
[INFO] [1786514676.019735208] [map_odom_tf_bridge_cpp]: updated map->odom from new localization pose (odom dt=0.009 s)
[INFO] [1786514677.019745668] [map_odom_tf_bridge_cpp]: updated map->odom from new localization pose (odom dt=0.000 s)
[INFO] [1786514678.019792225] [map_odom_tf_bridge_cpp]: updated map->odom from new localization pose (odom dt=0.001 s)
[INFO] [1786514679.019840127] [map_odom_tf_bridge_cpp]: updated map->odom from new localization pose (odom dt=0.005 s)
[INFO] [1786514680.019882172] [map_odom_tf_bridge_cpp]: updated map->odom from new localization pose (odom dt=0.006 s)
[INFO] [1786514681.019921017] [map_odom_tf_bridge_cpp]: updated map->odom from new localization pose (odom dt=0.010 s)
[INFO] [1786514682.119990871] [map_odom_tf_bridge_cpp]: updated map->odom from new localization pose (odom dt=0.005 s)
[INFO] [1786514683.127364105] [map_odom_tf_bridge_cpp]: updated map->odom from new localization pose (odom dt=0.001 s)
[INFO] [1786514684.320590565] [map_odom_tf_bridge_cpp]: updated map->odom from new localization pose (odom dt=0.000 s)
[INFO] [1786514685.420089803] [map_odom_tf_bridge_cpp]: updated map->odom from new localization pose (odom dt=0.000 s)
[INFO] [1786514686.420171626] [map_odom_tf_bridge_cpp]: updated map->odom from new localization pose (odom dt=0.007 s)
[INFO] [1786514687.420172581] [map_odom_tf_bridge_cpp]: updated map->odom from new localization pose (odom dt=0.003 s)
[INFO] [1786514688.420215842] [map_odom_tf_bridge_cpp]: updated map->odom from new localization pose (odom dt=0.000 s)
[INFO] [1786514689.420237919] [map_odom_tf_bridge_cpp]: updated map->odom from new localization pose (odom dt=0.000 s)
[INFO] [1786514690.620463682] [map_odom_tf_bridge_cpp]: updated map->odom from new localization pose (odom dt=0.000 s)
[INFO] [1786514691.720361337] [map_odom_tf_bridge_cpp]: updated map->odom from new localization pose (odom dt=0.002 s)
[INFO] [1786514692.920426326] [map_odom_tf_bridge_cpp]: updated map->odom from new localization pose (odom dt=0.002 s)
[INFO] [1786514694.020474355] [map_odom_tf_bridge_cpp]: updated map->odom from new localization pose (odom dt=0.002 s)
[INFO] [1786514695.020586579] [map_odom_tf_bridge_cpp]: updated map->odom from new localization pose (odom dt=0.001 s)
[INFO] [1786514696.120569453] [map_odom_tf_bridge_cpp]: updated map->odom from new localization pose (odom dt=0.000 s)
[INFO] [1786514697.220586793] [map_odom_tf_bridge_cpp]: updated map->odom from new localization pose (odom dt=0.001 s)
[INFO] [1786514698.220652327] [map_odom_tf_bridge_cpp]: updated map->odom from new localization pose (odom dt=0.000 s)
[INFO] [1786514699.220716325] [map_odom_tf_bridge_cpp]: updated map->odom from new localization pose (odom dt=0.000 s)
[INFO] [1786514700.320738304] [map_odom_tf_bridge_cpp]: updated map->odom from new localization pose (odom dt=0.000 s)
[INFO] [1786514701.320765725] [map_odom_tf_bridge_cpp]: updated map->odom from new localization pose (odom dt=0.004 s)
[INFO] [1786514702.420819866] [map_odom_tf_bridge_cpp]: updated map->odom from new localization pose (odom dt=0.005 s)
[INFO] [1786514703.420850455] [map_odom_tf_bridge_cpp]: updated map->odom from new localization pose (odom dt=0.001 s)
[INFO] [1786514704.520904084] [map_odom_tf_bridge_cpp]: updated map->odom from new localization pose (odom dt=0.000 s)
[INFO] [1786514705.620972977] [map_odom_tf_bridge_cpp]: updated map->odom from new localization pose (odom dt=0.001 s)
[INFO] [1786514706.620996110] [map_odom_tf_bridge_cpp]: updated map->odom from new localization pose (odom dt=0.002 s)
[INFO] [1786514707.621072876] [map_odom_tf_bridge_cpp]: updated map->odom from new localization pose (odom dt=0.000 s)
[INFO] [1786514708.621341843] [map_odom_tf_bridge_cpp]: updated map->odom from new localization pose (odom dt=0.000 s)
[INFO] [1786514709.721161734] [map_odom_tf_bridge_cpp]: updated map->odom from new localization pose (odom dt=0.000 s)
[INFO] [1786514710.821190722] [map_odom_tf_bridge_cpp]: updated map->odom from new localization pose (odom dt=0.001 s)
[INFO] [1786514711.921228318] [map_odom_tf_bridge_cpp]: updated map->odom from new localization pose (odom dt=0.001 s)
[INFO] [1786514713.123261103] [map_odom_tf_bridge_cpp]: updated map->odom from new localization pose (odom dt=0.006 s)
[INFO] [1786514714.221334680] [map_odom_tf_bridge_cpp]: updated map->odom from new localization pose (odom dt=0.000 s)
[INFO] [1786514715.221342740] [map_odom_tf_bridge_cpp]: updated map->odom from new localization pose (odom dt=0.002 s)
[INFO] [1786514716.321983370] [map_odom_tf_bridge_cpp]: updated map->odom from new localization pose (odom dt=0.004 s)
[INFO] [1786514717.421427885] [map_odom_tf_bridge_cpp]: updated map->odom from new localization pose (odom dt=0.000 s)
[INFO] [1786514718.421504748] [map_odom_tf_bridge_cpp]: updated map->odom from new localization pose (odom dt=0.000 s)
[INFO] [1786514719.421555689] [map_odom_tf_bridge_cpp]: updated map->odom from new localization pose (odom dt=0.002 s)
[INFO] [1786514720.426982857] [map_odom_tf_bridge_cpp]: updated map->odom from new localization pose (odom dt=0.001 s)
[INFO] [1786514721.621621249] [map_odom_tf_bridge_cpp]: updated map->odom from new localization pose (odom dt=0.001 s)
[INFO] [1786514722.721696255] [map_odom_tf_bridge_cpp]: updated map->odom from new localization pose (odom dt=0.000 s)
[INFO] [1786514723.821758205] [map_odom_tf_bridge_cpp]: updated map->odom from new localization pose (odom dt=0.001 s)
[INFO] [1786514724.821787737] [map_odom_tf_bridge_cpp]: updated map->odom from new localization pose (odom dt=0.001 s)
[INFO] [1786514725.922101985] [map_odom_tf_bridge_cpp]: updated map->odom from new localization pose (odom dt=0.001 s)
[INFO] [1786514727.022736343] [map_odom_tf_bridge_cpp]: updated map->odom from new localization pose (odom dt=0.009 s)
[INFO] [1786514728.121906927] [map_odom_tf_bridge_cpp]: updated map->odom from new localization pose (odom dt=0.000 s)
[INFO] [1786514729.122720908] [map_odom_tf_bridge_cpp]: updated map->odom from new localization pose (odom dt=0.000 s)
[INFO] [1786514730.124842977] [map_odom_tf_bridge_cpp]: updated map->odom from new localization pose (odom dt=0.001 s)
[INFO] [1786514731.226692586] [map_odom_tf_bridge_cpp]: updated map->odom from new localization pose (odom dt=0.001 s)
[INFO] [1786514732.227190779] [map_odom_tf_bridge_cpp]: updated map->odom from new localization pose (odom dt=0.002 s)
[INFO] [1786514733.322833982] [map_odom_tf_bridge_cpp]: updated map->odom from new localization pose (odom dt=0.001 s)
[INFO] [1786514734.422093529] [map_odom_tf_bridge_cpp]: updated map->odom from new localization pose (odom dt=0.001 s)
[INFO] [1786514735.424064808] [map_odom_tf_bridge_cpp]: updated map->odom from new localization pose (odom dt=0.000 s)
[INFO] [1786514736.522216468] [map_odom_tf_bridge_cpp]: updated map->odom from new localization pose (odom dt=0.003 s)
[INFO] [1786514737.526820402] [map_odom_tf_bridge_cpp]: updated map->odom from new localization pose (odom dt=0.000 s)
[INFO] [1786514738.622532664] [map_odom_tf_bridge_cpp]: updated map->odom from new localization pose (odom dt=0.007 s)
[INFO] [1786514739.625370475] [map_odom_tf_bridge_cpp]: updated map->odom from new localization pose (odom dt=0.000 s)
[INFO] [1786514740.726672061] [map_odom_tf_bridge_cpp]: updated map->odom from new localization pose (odom dt=0.001 s)
[INFO] [1786514741.922496455] [map_odom_tf_bridge_cpp]: updated map->odom from new localization pose (odom dt=0.000 s)
[INFO] [1786514743.222576516] [map_odom_tf_bridge_cpp]: updated map->odom from new localization pose (odom dt=0.000 s)
[INFO] [1786514744.222868908] [map_odom_tf_bridge_cpp]: updated map->odom from new localization pose (odom dt=0.000 s)
[INFO] [1786514745.322647549] [map_odom_tf_bridge_cpp]: updated map->odom from new localization pose (odom dt=0.001 s)
[INFO] [1786514746.422620119] [map_odom_tf_bridge_cpp]: updated map->odom from new localization pose (odom dt=0.000 s)
[INFO] [1786514747.422695349] [map_odom_tf_bridge_cpp]: updated map->odom from new localization pose (odom dt=0.001 s)
[INFO] [1786514748.427031816] [map_odom_tf_bridge_cpp]: updated map->odom from new localization pose (odom dt=0.000 s)
[INFO] [1786514749.427071397] [map_odom_tf_bridge_cpp]: updated map->odom from new localization pose (odom dt=0.001 s)
[INFO] [1786514750.522929777] [map_odom_tf_bridge_cpp]: updated map->odom from new localization pose (odom dt=0.001 s)
[INFO] [1786514751.524890207] [map_odom_tf_bridge_cpp]: updated map->odom from new localization pose (odom dt=0.001 s)
[INFO] [1786514752.623095918] [map_odom_tf_bridge_cpp]: updated map->odom from new localization pose (odom dt=0.001 s)
[INFO] [1786514753.723092840] [map_odom_tf_bridge_cpp]: updated map->odom from new localization pose (odom dt=0.001 s)
[INFO] [1786514754.826489427] [map_odom_tf_bridge_cpp]: updated map->odom from new localization pose (odom dt=0.000 s)
[INFO] [1786514755.923042684] [map_odom_tf_bridge_cpp]: updated map->odom from new localization pose (odom dt=0.001 s)
[INFO] [1786514756.926970045] [map_odom_tf_bridge_cpp]: updated map->odom from new localization pose (odom dt=0.000 s)
[INFO] [1786514758.023113429] [map_odom_tf_bridge_cpp]: updated map->odom from new localization pose (odom dt=0.001 s)
[INFO] [1786514759.123180019] [map_odom_tf_bridge_cpp]: updated map->odom from new localization pose (odom dt=0.003 s)
[INFO] [1786514760.223224239] [map_odom_tf_bridge_cpp]: updated map->odom from new localization pose (odom dt=0.000 s)
[INFO] [1786514761.223321903] [map_odom_tf_bridge_cpp]: updated map->odom from new localization pose (odom dt=0.006 s)
[INFO] [1786514762.424941550] [map_odom_tf_bridge_cpp]: updated map->odom from new localization pose (odom dt=0.000 s)
[INFO] [1786514763.525328441] [map_odom_tf_bridge_cpp]: updated map->odom from new localization pose (odom dt=0.000 s)
[INFO] [1786514764.723437347] [map_odom_tf_bridge_cpp]: updated map->odom from new localization pose (odom dt=0.001 s)
[INFO] [1786514765.823472223] [map_odom_tf_bridge_cpp]: updated map->odom from new localization pose (odom dt=0.001 s)
[INFO] [1786514767.023475913] [map_odom_tf_bridge_cpp]: updated map->odom from new localization pose (odom dt=0.000 s)
[INFO] [1786514768.023592044] [map_odom_tf_bridge_cpp]: updated map->odom from new localization pose (odom dt=0.008 s)
[INFO] [1786514769.023610923] [map_odom_tf_bridge_cpp]: updated map->odom from new localization pose (odom dt=0.007 s)
[INFO] [1786514770.123663177] [map_odom_tf_bridge_cpp]: updated map->odom from new localization pose (odom dt=0.001 s)
[INFO] [1786514771.123806701] [map_odom_tf_bridge_cpp]: updated map->odom from new localization pose (odom dt=0.000 s)
[INFO] [1786514772.323752963] [map_odom_tf_bridge_cpp]: updated map->odom from new localization pose (odom dt=0.000 s)
[INFO] [1786514773.323875622] [map_odom_tf_bridge_cpp]: updated map->odom from new localization pose (odom dt=0.000 s)
[INFO] [1786514774.523892351] [map_odom_tf_bridge_cpp]: updated map->odom from new localization pose (odom dt=0.003 s)
[INFO] [1786514775.623884090] [map_odom_tf_bridge_cpp]: updated map->odom from new localization pose (odom dt=0.000 s)
[INFO] [1786514776.723938807] [map_odom_tf_bridge_cpp]: updated map->odom from new localization pose (odom dt=0.002 s)
[INFO] [1786514777.724198465] [map_odom_tf_bridge_cpp]: updated map->odom from new localization pose (odom dt=0.000 s)
[INFO] [1786514778.824041557] [map_odom_tf_bridge_cpp]: updated map->odom from new localization pose (odom dt=0.000 s)
[INFO] [1786514780.024273975] [map_odom_tf_bridge_cpp]: updated map->odom from new localization pose (odom dt=0.004 s)
[INFO] [1786514781.124163245] [map_odom_tf_bridge_cpp]: updated map->odom from new localization pose (odom dt=0.004 s)
[INFO] [1786514782.224253292] [map_odom_tf_bridge_cpp]: updated map->odom from new localization pose (odom dt=0.001 s)
[INFO] [1786514783.225266710] [map_odom_tf_bridge_cpp]: updated map->odom from new localization pose (odom dt=0.009 s)
[INFO] [1786514784.324319593] [map_odom_tf_bridge_cpp]: updated map->odom from new localization pose (odom dt=0.000 s)
[INFO] [1786514785.324837821] [map_odom_tf_bridge_cpp]: updated map->odom from new localization pose (odom dt=0.000 s)
[INFO] [1786514786.524546057] [map_odom_tf_bridge_cpp]: updated map->odom from new localization pose (odom dt=0.000 s)
[INFO] [1786514787.524692269] [map_odom_tf_bridge_cpp]: updated map->odom from new localization pose (odom dt=0.003 s)
[INFO] [1786514788.624498816] [map_odom_tf_bridge_cpp]: updated map->odom from new localization pose (odom dt=0.000 s)
[INFO] [1786514789.724522460] [map_odom_tf_bridge_cpp]: updated map->odom from new localization pose (odom dt=0.000 s)
[INFO] [1786514790.825491201] [map_odom_tf_bridge_cpp]: updated map->odom from new localization pose (odom dt=0.000 s)
[INFO] [1786514791.924615319] [map_odom_tf_bridge_cpp]: updated map->odom from new localization pose (odom dt=0.000 s)
[INFO] [1786514793.024656147] [map_odom_tf_bridge_cpp]: updated map->odom from new localization pose (odom dt=0.000 s)
[INFO] [1786514794.024809881] [map_odom_tf_bridge_cpp]: updated map->odom from new localization pose (odom dt=0.009 s)
[INFO] [1786514795.225383017] [map_odom_tf_bridge_cpp]: updated map->odom from new localization pose (odom dt=0.000 s)
[INFO] [1786514796.324796555] [map_odom_tf_bridge_cpp]: updated map->odom from new localization pose (odom dt=0.000 s)
[INFO] [1786514797.325534889] [map_odom_tf_bridge_cpp]: updated map->odom from new localization pose (odom dt=0.000 s)
[INFO] [1786514798.326923619] [map_odom_tf_bridge_cpp]: updated map->odom from new localization pose (odom dt=0.000 s)
[INFO] [1786514799.424956330] [map_odom_tf_bridge_cpp]: updated map->odom from new localization pose (odom dt=0.001 s)
[INFO] [1786514800.424989930] [map_odom_tf_bridge_cpp]: updated map->odom from new localization pose (odom dt=0.000 s)
[INFO] [1786514801.525115402] [map_odom_tf_bridge_cpp]: updated map->odom from new localization pose (odom dt=0.000 s)
[INFO] [1786514802.725124354] [map_odom_tf_bridge_cpp]: updated map->odom from new localization pose (odom dt=0.000 s)
[INFO] [1786514803.825131646] [map_odom_tf_bridge_cpp]: updated map->odom from new localization pose (odom dt=0.000 s)
[INFO] [1786514804.925373123] [map_odom_tf_bridge_cpp]: updated map->odom from new localization pose (odom dt=0.005 s)
[INFO] [1786514806.025220856] [map_odom_tf_bridge_cpp]: updated map->odom from new localization pose (odom dt=0.006 s)
[INFO] [1786514807.025333531] [map_odom_tf_bridge_cpp]: updated map->odom from new localization pose (odom dt=0.001 s)
[INFO] [1786514808.325289166] [map_odom_tf_bridge_cpp]: updated map->odom from new localization pose (odom dt=0.001 s)
[INFO] [1786514809.325364623] [map_odom_tf_bridge_cpp]: updated map->odom from new localization pose (odom dt=0.000 s)
[INFO] [1786514810.325377614] [map_odom_tf_bridge_cpp]: updated map->odom from new localization pose (odom dt=0.000 s)
[INFO] [1786514811.426049894] [map_odom_tf_bridge_cpp]: updated map->odom from new localization pose (odom dt=0.001 s)
[INFO] [1786514812.525504266] [map_odom_tf_bridge_cpp]: updated map->odom from new localization pose (odom dt=0.000 s)
[INFO] [1786514813.525569771] [map_odom_tf_bridge_cpp]: updated map->odom from new localization pose (odom dt=0.000 s)
[INFO] [1786514814.525572010] [map_odom_tf_bridge_cpp]: updated map->odom from new localization pose (odom dt=0.000 s)
[INFO] [1786514815.525615338] [map_odom_tf_bridge_cpp]: updated map->odom from new localization pose (odom dt=0.000 s)
[INFO] [1786514816.625648647] [map_odom_tf_bridge_cpp]: updated map->odom from new localization pose (odom dt=0.000 s)
[INFO] [1786514817.626681042] [map_odom_tf_bridge_cpp]: updated map->odom from new localization pose (odom dt=0.001 s)
[INFO] [1786514818.825734113] [map_odom_tf_bridge_cpp]: updated map->odom from new localization pose (odom dt=0.000 s)
[INFO] [1786514819.825809474] [map_odom_tf_bridge_cpp]: updated map->odom from new localization pose (odom dt=0.000 s)
