[INFO] [launch]: All log files can be found below /home/seeed/.ros/log/2026-08-12-13-35-49-309033-seeed-13349
[INFO] [launch]: Default logging verbosity is set to INFO
[INFO] [pcd_ndt_localizer-1]: process started with pid [13398]
[pcd_ndt_localizer-1] [INFO] [1786512949.739291663] [pcd_ndt_localizer]: Loaded map /home/seeed/ros2/maps/replay/fastlio_map_manual_004_level.pcd raw=947409 filtered=73740 leaf=0.250
[pcd_ndt_localizer-1] [INFO] [1786512949.755961955] [pcd_ndt_localizer]: PCD occupancy grid ready. raw=947409 kept=119534 occupied_cells=5261 size=600x549 res=0.100 z=[-0.64, 0.84] min_points=3 min_z_span=0.10
[pcd_ndt_localizer-1] [INFO] [1786512949.841372785] [pcd_ndt_localizer]: PCD NDT localization ready. map=/home/seeed/ros2/maps/replay/fastlio_map_manual_004_level.pcd points=73740 scan_accumulation_frames=1 require_initial_pose=1 reject_occupied_pose=1
[pcd_ndt_localizer-1] [WARN] [1786512950.693544187] [pcd_ndt_localizer]: Waiting for /initialpose before running NDT localization
[pcd_ndt_localizer-1] [WARN] [1786512952.793851568] [pcd_ndt_localizer]: Waiting for /initialpose before running NDT localization
[pcd_ndt_localizer-1] [WARN] [1786512954.794636378] [pcd_ndt_localizer]: Waiting for /initialpose before running NDT localization
[pcd_ndt_localizer-1] [WARN] [1786512956.887688129] [pcd_ndt_localizer]: Waiting for /initialpose before running NDT localization
[pcd_ndt_localizer-1] [WARN] [1786512958.890782527] [pcd_ndt_localizer]: Waiting for /initialpose before running NDT localization
[pcd_ndt_localizer-1] [WARN] [1786512960.969549054] [pcd_ndt_localizer]: Waiting for /initialpose before running NDT localization
[pcd_ndt_localizer-1] [WARN] [1786512962.976806579] [pcd_ndt_localizer]: Waiting for /initialpose before running NDT localization
[pcd_ndt_localizer-1] [WARN] [1786512964.978303222] [pcd_ndt_localizer]: Waiting for /initialpose before running NDT localization
[pcd_ndt_localizer-1] [WARN] [1786512966.983468831] [pcd_ndt_localizer]: Waiting for /initialpose before running NDT localization
[pcd_ndt_localizer-1] [WARN] [1786512968.988370014] [pcd_ndt_localizer]: Waiting for /initialpose before running NDT localization
[pcd_ndt_localizer-1] [WARN] [1786512970.990227087] [pcd_ndt_localizer]: Waiting for /initialpose before running NDT localization
[pcd_ndt_localizer-1] [WARN] [1786512972.992912734] [pcd_ndt_localizer]: Waiting for /initialpose before running NDT localization
[pcd_ndt_localizer-1] [WARN] [1786512974.994593480] [pcd_ndt_localizer]: Waiting for /initialpose before running NDT localization
[pcd_ndt_localizer-1] [WARN] [1786512977.077941294] [pcd_ndt_localizer]: Waiting for /initialpose before running NDT localization
[pcd_ndt_localizer-1] [WARN] [1786512979.092706100] [pcd_ndt_localizer]: Waiting for /initialpose before running NDT localization
[pcd_ndt_localizer-1] [WARN] [1786512981.192553810] [pcd_ndt_localizer]: Waiting for /initialpose before running NDT localization
[pcd_ndt_localizer-1] [WARN] [1786512983.194170170] [pcd_ndt_localizer]: Waiting for /initialpose before running NDT localization
[pcd_ndt_localizer-1] [WARN] [1786512985.207579983] [pcd_ndt_localizer]: Waiting for /initialpose before running NDT localization
[pcd_ndt_localizer-1] [WARN] [1786512987.288692036] [pcd_ndt_localizer]: Waiting for /initialpose before running NDT localization
[pcd_ndt_localizer-1] [WARN] [1786512989.392270122] [pcd_ndt_localizer]: Waiting for /initialpose before running NDT localization
[pcd_ndt_localizer-1] [WARN] [1786512991.392694278] [pcd_ndt_localizer]: Waiting for /initialpose before running NDT localization
[pcd_ndt_localizer-1] [WARN] [1786512993.487086398] [pcd_ndt_localizer]: Waiting for /initialpose before running NDT localization
[pcd_ndt_localizer-1] [WARN] [1786512995.492983586] [pcd_ndt_localizer]: Waiting for /initialpose before running NDT localization
[pcd_ndt_localizer-1] [WARN] [1786512997.493825773] [pcd_ndt_localizer]: Waiting for /initialpose before running NDT localization
[pcd_ndt_localizer-1] [WARN] [1786512999.586562633] [pcd_ndt_localizer]: Waiting for /initialpose before running NDT localization
[pcd_ndt_localizer-1] [WARN] [1786513001.685146329] [pcd_ndt_localizer]: Waiting for /initialpose before running NDT localization
[pcd_ndt_localizer-1] [WARN] [1786513003.693670940] [pcd_ndt_localizer]: Waiting for /initialpose before running NDT localization
[pcd_ndt_localizer-1] [WARN] [1786513005.701395170] [pcd_ndt_localizer]: Waiting for /initialpose before running NDT localization
[pcd_ndt_localizer-1] [WARN] [1786513007.787157440] [pcd_ndt_localizer]: Waiting for /initialpose before running NDT localization
[pcd_ndt_localizer-1] [WARN] [1786513009.800002689] [pcd_ndt_localizer]: Waiting for /initialpose before running NDT localization
[pcd_ndt_localizer-1] [WARN] [1786513011.895949041] [pcd_ndt_localizer]: Waiting for /initialpose before running NDT localization
[pcd_ndt_localizer-1] [WARN] [1786513013.921020782] [pcd_ndt_localizer]: Waiting for /initialpose before running NDT localization
[pcd_ndt_localizer-1] [WARN] [1786513015.996848227] [pcd_ndt_localizer]: Waiting for /initialpose before running NDT localization
[pcd_ndt_localizer-1] [WARN] [1786513018.091172408] [pcd_ndt_localizer]: Waiting for /initialpose before running NDT localization
[pcd_ndt_localizer-1] [WARN] [1786513020.200879165] [pcd_ndt_localizer]: Waiting for /initialpose before running NDT localization
[pcd_ndt_localizer-1] [WARN] [1786513022.212331755] [pcd_ndt_localizer]: Waiting for /initialpose before running NDT localization
[pcd_ndt_localizer-1] [WARN] [1786513024.296485326] [pcd_ndt_localizer]: Waiting for /initialpose before running NDT localization
[pcd_ndt_localizer-1] [WARN] [1786513026.399271512] [pcd_ndt_localizer]: Waiting for /initialpose before running NDT localization
[pcd_ndt_localizer-1] [WARN] [1786513028.475817350] [pcd_ndt_localizer]: Waiting for /initialpose before running NDT localization
[pcd_ndt_localizer-1] [WARN] [1786513030.494366422] [pcd_ndt_localizer]: Waiting for /initialpose before running NDT localization
[pcd_ndt_localizer-1] [WARN] [1786513032.583760216] [pcd_ndt_localizer]: Waiting for /initialpose before running NDT localization
[pcd_ndt_localizer-1] [WARN] [1786513034.589471541] [pcd_ndt_localizer]: Waiting for /initialpose before running NDT localization
[pcd_ndt_localizer-1] [WARN] [1786513036.594430998] [pcd_ndt_localizer]: Waiting for /initialpose before running NDT localization
[pcd_ndt_localizer-1] [WARN] [1786513038.686442775] [pcd_ndt_localizer]: Waiting for /initialpose before running NDT localization
[pcd_ndt_localizer-1] [WARN] [1786513040.691949069] [pcd_ndt_localizer]: Waiting for /initialpose before running NDT localization
[pcd_ndt_localizer-1] [WARN] [1786513042.786931066] [pcd_ndt_localizer]: Waiting for /initialpose before running NDT localization
[pcd_ndt_localizer-1] [WARN] [1786513044.895494582] [pcd_ndt_localizer]: Waiting for /initialpose before running NDT localization
[pcd_ndt_localizer-1] [WARN] [1786513046.965960359] [pcd_ndt_localizer]: Waiting for /initialpose before running NDT localization
[pcd_ndt_localizer-1] [WARN] [1786513048.994306139] [pcd_ndt_localizer]: Waiting for /initialpose before running NDT localization
[pcd_ndt_localizer-1] [WARN] [1786513050.640697092] [pcd_ndt_localizer]: Initial pose reset from /initialpose. Waiting for /cloud_registered_body and /Odometry before NDT updates.
[pcd_ndt_localizer-1] [WARN] [1786513053.178400416] [pcd_ndt_localizer]: Initial pose bounded search: evaluated=99 converged=99 best_fitness=0.0127 gate=0.1500 quality=PASS best_body=(1.52,-2.97) window_xy=+/-1.00m window_yaw=+/-180.0deg
[pcd_ndt_localizer-1] [WARN] [1786513053.357651387] [pcd_ndt_localizer]: Initial pose reset from /initialpose. Waiting for /cloud_registered_body and /Odometry before NDT updates.
[pcd_ndt_localizer-1] [WARN] [1786513055.911849392] [pcd_ndt_localizer]: Initial pose bounded search: evaluated=99 converged=99 best_fitness=0.0147 gate=0.1500 quality=PASS best_body=(1.50,-2.98) window_xy=+/-1.00m window_yaw=+/-180.0deg
[pcd_ndt_localizer-1] [INFO] [1786513056.153065082] [pcd_ndt_localizer]: NDT ok fitness=0.0826 pose=(1.56 -2.98 0.03)
[pcd_ndt_localizer-1] [INFO] [1786513057.190352301] [pcd_ndt_localizer]: NDT ok fitness=0.0829 pose=(1.57 -2.97 0.03)
[pcd_ndt_localizer-1] [INFO] [1786513058.243071378] [pcd_ndt_localizer]: NDT ok fitness=0.0834 pose=(1.58 -2.97 0.03)
[pcd_ndt_localizer-1] [INFO] [1786513059.250579594] [pcd_ndt_localizer]: NDT ok fitness=0.0831 pose=(1.58 -2.97 0.03)
[pcd_ndt_localizer-1] [INFO] [1786513060.272783480] [pcd_ndt_localizer]: NDT ok fitness=0.0832 pose=(1.58 -2.98 0.03)
[pcd_ndt_localizer-1] [INFO] [1786513061.285127008] [pcd_ndt_localizer]: NDT ok fitness=0.0829 pose=(1.57 -2.97 0.03)
[pcd_ndt_localizer-1] [INFO] [1786513062.308207246] [pcd_ndt_localizer]: NDT ok fitness=0.0831 pose=(1.57 -2.97 0.03)
[pcd_ndt_localizer-1] [INFO] [1786513063.354436199] [pcd_ndt_localizer]: NDT ok fitness=0.0824 pose=(1.57 -2.98 0.03)
[pcd_ndt_localizer-1] [INFO] [1786513064.372799626] [pcd_ndt_localizer]: NDT ok fitness=0.0823 pose=(1.58 -2.97 0.03)
[pcd_ndt_localizer-1] [INFO] [1786513065.539201528] [pcd_ndt_localizer]: NDT ok fitness=0.0828 pose=(1.58 -2.97 0.03)
[pcd_ndt_localizer-1] [INFO] [1786513066.577340266] [pcd_ndt_localizer]: NDT ok fitness=0.0822 pose=(1.58 -2.98 0.03)
[pcd_ndt_localizer-1] [INFO] [1786513067.598747995] [pcd_ndt_localizer]: NDT ok fitness=0.0824 pose=(1.58 -2.98 0.03)
[pcd_ndt_localizer-1] [INFO] [1786513068.667263839] [pcd_ndt_localizer]: NDT ok fitness=0.0820 pose=(1.57 -2.97 0.03)
[pcd_ndt_localizer-1] [INFO] [1786513069.753578379] [pcd_ndt_localizer]: NDT ok fitness=0.0827 pose=(1.57 -2.98 0.03)
[pcd_ndt_localizer-1] [INFO] [1786513070.917283991] [pcd_ndt_localizer]: NDT ok fitness=0.0828 pose=(1.57 -2.98 0.03)
[pcd_ndt_localizer-1] [INFO] [1786513071.921651356] [pcd_ndt_localizer]: NDT ok fitness=0.0838 pose=(1.58 -2.97 0.03)
[pcd_ndt_localizer-1] [INFO] [1786513072.949541145] [pcd_ndt_localizer]: NDT ok fitness=0.0830 pose=(1.58 -2.97 0.03)
[pcd_ndt_localizer-1] [INFO] [1786513074.047332422] [pcd_ndt_localizer]: NDT ok fitness=0.0830 pose=(1.58 -2.97 0.03)
[pcd_ndt_localizer-1] [INFO] [1786513075.072185269] [pcd_ndt_localizer]: NDT ok fitness=0.0832 pose=(1.57 -2.98 0.03)
[pcd_ndt_localizer-1] [INFO] [1786513076.075932132] [pcd_ndt_localizer]: NDT ok fitness=0.0831 pose=(1.58 -2.98 0.03)
[pcd_ndt_localizer-1] [INFO] [1786513077.186642183] [pcd_ndt_localizer]: NDT ok fitness=0.0822 pose=(1.58 -2.98 0.03)
[pcd_ndt_localizer-1] [INFO] [1786513078.195384684] [pcd_ndt_localizer]: NDT ok fitness=0.0830 pose=(1.57 -2.98 0.03)
[pcd_ndt_localizer-1] [INFO] [1786513079.279505928] [pcd_ndt_localizer]: NDT ok fitness=0.0825 pose=(1.57 -2.97 0.04)
[pcd_ndt_localizer-1] [INFO] [1786513080.297376824] [pcd_ndt_localizer]: NDT ok fitness=0.0837 pose=(1.58 -2.97 0.03)
[pcd_ndt_localizer-1] [INFO] [1786513081.368291507] [pcd_ndt_localizer]: NDT ok fitness=0.0839 pose=(1.57 -2.97 0.03)
[pcd_ndt_localizer-1] [INFO] [1786513082.419592610] [pcd_ndt_localizer]: NDT ok fitness=0.0829 pose=(1.58 -2.98 0.03)
[pcd_ndt_localizer-1] [INFO] [1786513083.428587687] [pcd_ndt_localizer]: NDT ok fitness=0.0839 pose=(1.58 -2.97 0.03)
[pcd_ndt_localizer-1] [INFO] [1786513084.549282688] [pcd_ndt_localizer]: NDT ok fitness=0.0835 pose=(1.57 -2.98 0.03)
[pcd_ndt_localizer-1] [INFO] [1786513085.585809076] [pcd_ndt_localizer]: NDT ok fitness=0.0821 pose=(1.58 -2.97 0.03)
[pcd_ndt_localizer-1] [INFO] [1786513086.596769664] [pcd_ndt_localizer]: NDT ok fitness=0.0836 pose=(1.57 -2.98 0.04)
[pcd_ndt_localizer-1] [INFO] [1786513087.769789939] [pcd_ndt_localizer]: NDT ok fitness=0.0828 pose=(1.58 -2.98 0.03)
[pcd_ndt_localizer-1] [INFO] [1786513088.804019858] [pcd_ndt_localizer]: NDT ok fitness=0.0814 pose=(1.58 -2.98 0.03)
[pcd_ndt_localizer-1] [INFO] [1786513089.836431311] [pcd_ndt_localizer]: NDT ok fitness=0.0830 pose=(1.58 -2.97 0.03)
[pcd_ndt_localizer-1] [INFO] [1786513090.917749256] [pcd_ndt_localizer]: NDT ok fitness=0.0833 pose=(1.58 -2.98 0.03)
[pcd_ndt_localizer-1] [INFO] [1786513092.049099944] [pcd_ndt_localizer]: NDT ok fitness=0.0824 pose=(1.58 -2.98 0.03)
[pcd_ndt_localizer-1] [INFO] [1786513093.122819947] [pcd_ndt_localizer]: NDT ok fitness=0.0826 pose=(1.58 -2.97 0.03)
[pcd_ndt_localizer-1] [INFO] [1786513094.147525422] [pcd_ndt_localizer]: NDT ok fitness=0.0824 pose=(1.57 -2.98 0.03)
[pcd_ndt_localizer-1] [INFO] [1786513095.269032485] [pcd_ndt_localizer]: NDT ok fitness=0.0813 pose=(1.57 -2.97 0.03)
[pcd_ndt_localizer-1] [INFO] [1786513096.390336469] [pcd_ndt_localizer]: NDT ok fitness=0.0832 pose=(1.57 -2.97 0.04)
[pcd_ndt_localizer-1] [INFO] [1786513097.558114792] [pcd_ndt_localizer]: NDT ok fitness=0.0834 pose=(1.57 -2.97 0.03)
[pcd_ndt_localizer-1] [INFO] [1786513098.590012978] [pcd_ndt_localizer]: NDT ok fitness=0.0837 pose=(1.58 -2.98 0.03)
[pcd_ndt_localizer-1] [INFO] [1786513099.601987076] [pcd_ndt_localizer]: NDT ok fitness=0.0830 pose=(1.58 -2.97 0.03)
[pcd_ndt_localizer-1] [INFO] [1786513100.617352113] [pcd_ndt_localizer]: NDT ok fitness=0.0842 pose=(1.58 -2.97 0.03)
[pcd_ndt_localizer-1] [INFO] [1786513101.628238107] [pcd_ndt_localizer]: NDT ok fitness=0.0823 pose=(1.57 -2.97 0.04)
[pcd_ndt_localizer-1] [INFO] [1786513102.689857828] [pcd_ndt_localizer]: NDT ok fitness=0.0837 pose=(1.58 -2.97 0.03)
[pcd_ndt_localizer-1] [INFO] [1786513103.854308446] [pcd_ndt_localizer]: NDT ok fitness=0.0819 pose=(1.58 -2.97 0.03)
[pcd_ndt_localizer-1] [INFO] [1786513104.920397866] [pcd_ndt_localizer]: NDT ok fitness=0.0840 pose=(1.57 -2.97 0.03)
[pcd_ndt_localizer-1] [INFO] [1786513105.933371552] [pcd_ndt_localizer]: NDT ok fitness=0.0825 pose=(1.57 -2.97 0.04)
[pcd_ndt_localizer-1] [INFO] [1786513107.106799906] [pcd_ndt_localizer]: NDT ok fitness=0.0831 pose=(1.58 -2.98 0.03)
[pcd_ndt_localizer-1] [INFO] [1786513108.115403576] [pcd_ndt_localizer]: NDT ok fitness=0.0827 pose=(1.57 -2.97 0.03)
[pcd_ndt_localizer-1] [INFO] [1786513109.183835962] [pcd_ndt_localizer]: NDT ok fitness=0.0832 pose=(1.58 -2.97 0.04)
[pcd_ndt_localizer-1] [INFO] [1786513110.336403073] [pcd_ndt_localizer]: NDT ok fitness=0.0831 pose=(1.58 -2.97 0.03)
[pcd_ndt_localizer-1] [INFO] [1786513111.417940163] [pcd_ndt_localizer]: NDT ok fitness=0.0824 pose=(1.57 -2.97 0.03)
[pcd_ndt_localizer-1] [INFO] [1786513112.588920587] [pcd_ndt_localizer]: NDT ok fitness=0.0831 pose=(1.58 -2.98 0.03)
[pcd_ndt_localizer-1] [INFO] [1786513113.704088155] [pcd_ndt_localizer]: NDT ok fitness=0.0824 pose=(1.58 -2.97 0.03)
[pcd_ndt_localizer-1] [INFO] [1786513114.731017647] [pcd_ndt_localizer]: NDT ok fitness=0.0822 pose=(1.57 -2.97 0.04)
[pcd_ndt_localizer-1] [INFO] [1786513115.779523288] [pcd_ndt_localizer]: NDT ok fitness=0.0839 pose=(1.57 -2.98 0.03)
[pcd_ndt_localizer-1] [INFO] [1786513116.789305209] [pcd_ndt_localizer]: NDT ok fitness=0.0820 pose=(1.58 -2.98 0.04)
[pcd_ndt_localizer-1] [INFO] [1786513117.795275279] [pcd_ndt_localizer]: NDT ok fitness=0.0823 pose=(1.58 -2.97 0.03)
[pcd_ndt_localizer-1] [INFO] [1786513118.877113148] [pcd_ndt_localizer]: NDT ok fitness=0.0835 pose=(1.57 -2.97 0.03)
[pcd_ndt_localizer-1] [INFO] [1786513119.961406210] [pcd_ndt_localizer]: NDT ok fitness=0.0813 pose=(1.58 -2.97 0.03)
[pcd_ndt_localizer-1] [INFO] [1786513121.114670146] [pcd_ndt_localizer]: NDT ok fitness=0.0827 pose=(1.58 -2.98 0.03)
[pcd_ndt_localizer-1] [INFO] [1786513122.124858771] [pcd_ndt_localizer]: NDT ok fitness=0.0830 pose=(1.58 -2.97 0.03)
[pcd_ndt_localizer-1] [INFO] [1786513123.159364604] [pcd_ndt_localizer]: NDT ok fitness=0.0834 pose=(1.58 -2.97 0.03)
[pcd_ndt_localizer-1] [INFO] [1786513124.294732974] [pcd_ndt_localizer]: NDT ok fitness=0.0811 pose=(1.58 -2.98 0.03)
[pcd_ndt_localizer-1] [INFO] [1786513125.297691638] [pcd_ndt_localizer]: NDT ok fitness=0.0821 pose=(1.58 -2.98 0.03)
[pcd_ndt_localizer-1] [INFO] [1786513126.333850716] [pcd_ndt_localizer]: NDT ok fitness=0.0838 pose=(1.57 -2.97 0.03)
[pcd_ndt_localizer-1] [INFO] [1786513127.451301502] [pcd_ndt_localizer]: NDT ok fitness=0.0815 pose=(1.58 -2.97 0.04)
[pcd_ndt_localizer-1] [INFO] [1786513128.534484572] [pcd_ndt_localizer]: NDT ok fitness=0.0827 pose=(1.58 -2.98 0.04)
[pcd_ndt_localizer-1] [INFO] [1786513129.675438106] [pcd_ndt_localizer]: NDT ok fitness=0.0831 pose=(1.57 -2.98 0.03)
[pcd_ndt_localizer-1] [INFO] [1786513130.703678911] [pcd_ndt_localizer]: NDT ok fitness=0.0835 pose=(1.58 -2.98 0.03)
[pcd_ndt_localizer-1] [INFO] [1786513131.735027317] [pcd_ndt_localizer]: NDT ok fitness=0.0825 pose=(1.58 -2.97 0.03)
[pcd_ndt_localizer-1] [INFO] [1786513132.848100855] [pcd_ndt_localizer]: NDT ok fitness=0.0822 pose=(1.57 -2.98 0.03)
[pcd_ndt_localizer-1] [INFO] [1786513133.957373103] [pcd_ndt_localizer]: NDT ok fitness=0.0813 pose=(1.58 -2.98 0.03)
[pcd_ndt_localizer-1] [INFO] [1786513134.963143550] [pcd_ndt_localizer]: NDT ok fitness=0.0820 pose=(1.58 -2.97 0.03)
[pcd_ndt_localizer-1] [INFO] [1786513135.971461385] [pcd_ndt_localizer]: NDT ok fitness=0.0827 pose=(1.58 -2.97 0.03)
[pcd_ndt_localizer-1] [INFO] [1786513137.027216828] [pcd_ndt_localizer]: NDT ok fitness=0.0840 pose=(1.57 -2.97 0.03)
[pcd_ndt_localizer-1] [INFO] [1786513138.089798760] [pcd_ndt_localizer]: NDT ok fitness=0.0832 pose=(1.58 -2.97 0.03)
[pcd_ndt_localizer-1] [INFO] [1786513139.091005136] [pcd_ndt_localizer]: NDT ok fitness=0.0824 pose=(1.58 -2.98 0.03)
[pcd_ndt_localizer-1] [INFO] [1786513140.165354090] [pcd_ndt_localizer]: NDT ok fitness=0.0830 pose=(1.58 -2.97 0.04)
[pcd_ndt_localizer-1] [INFO] [1786513141.299019582] [pcd_ndt_localizer]: NDT ok fitness=0.0830 pose=(1.58 -2.98 0.03)
[pcd_ndt_localizer-1] [INFO] [1786513142.380470908] [pcd_ndt_localizer]: NDT ok fitness=0.0835 pose=(1.58 -2.98 0.03)
[pcd_ndt_localizer-1] [INFO] [1786513143.478711937] [pcd_ndt_localizer]: NDT ok fitness=0.0826 pose=(1.57 -2.98 0.03)
[pcd_ndt_localizer-1] [INFO] [1786513144.488564676] [pcd_ndt_localizer]: NDT ok fitness=0.0828 pose=(1.58 -2.97 0.03)
[pcd_ndt_localizer-1] [INFO] [1786513145.543792996] [pcd_ndt_localizer]: NDT ok fitness=0.0830 pose=(1.57 -2.97 0.03)
[pcd_ndt_localizer-1] [INFO] [1786513146.580387161] [pcd_ndt_localizer]: NDT ok fitness=0.0838 pose=(1.58 -2.97 0.03)
[pcd_ndt_localizer-1] [INFO] [1786513147.596723594] [pcd_ndt_localizer]: NDT ok fitness=0.0827 pose=(1.58 -2.97 0.03)
[pcd_ndt_localizer-1] [INFO] [1786513148.621286792] [pcd_ndt_localizer]: NDT ok fitness=0.0833 pose=(1.58 -2.98 0.04)
[pcd_ndt_localizer-1] [INFO] [1786513149.657725944] [pcd_ndt_localizer]: NDT ok fitness=0.0829 pose=(1.57 -2.98 0.03)
[pcd_ndt_localizer-1] [INFO] [1786513150.739456961] [pcd_ndt_localizer]: NDT ok fitness=0.0836 pose=(1.58 -2.98 0.03)
[pcd_ndt_localizer-1] [INFO] [1786513151.848342794] [pcd_ndt_localizer]: NDT ok fitness=0.0822 pose=(1.57 -2.97 0.03)
[pcd_ndt_localizer-1] [INFO] [1786513153.028736555] [pcd_ndt_localizer]: NDT ok fitness=0.0818 pose=(1.57 -2.98 0.03)
[pcd_ndt_localizer-1] [INFO] [1786513154.036659976] [pcd_ndt_localizer]: NDT ok fitness=0.0824 pose=(1.58 -2.97 0.03)
[pcd_ndt_localizer-1] [INFO] [1786513155.106606306] [pcd_ndt_localizer]: NDT ok fitness=0.0837 pose=(1.57 -2.98 0.03)
[pcd_ndt_localizer-1] [INFO] [1786513156.218121644] [pcd_ndt_localizer]: NDT ok fitness=0.0824 pose=(1.58 -2.97 0.03)
[pcd_ndt_localizer-1] [INFO] [1786513157.265626480] [pcd_ndt_localizer]: NDT ok fitness=0.0823 pose=(1.58 -2.97 0.03)
[pcd_ndt_localizer-1] [INFO] [1786513158.339917673] [pcd_ndt_localizer]: NDT ok fitness=0.0831 pose=(1.57 -2.98 0.03)
[pcd_ndt_localizer-1] [INFO] [1786513159.527438766] [pcd_ndt_localizer]: NDT ok fitness=0.0832 pose=(1.58 -2.97 0.04)
[pcd_ndt_localizer-1] [INFO] [1786513160.574263834] [pcd_ndt_localizer]: NDT ok fitness=0.0825 pose=(1.57 -2.98 0.03)
[pcd_ndt_localizer-1] [INFO] [1786513161.582096980] [pcd_ndt_localizer]: NDT ok fitness=0.0817 pose=(1.58 -2.97 0.03)
[pcd_ndt_localizer-1] [INFO] [1786513162.726970178] [pcd_ndt_localizer]: NDT ok fitness=0.0822 pose=(1.57 -2.97 0.03)
[pcd_ndt_localizer-1] [INFO] [1786513163.750016872] [pcd_ndt_localizer]: NDT ok fitness=0.0836 pose=(1.58 -2.97 0.03)
[pcd_ndt_localizer-1] [INFO] [1786513164.809123733] [pcd_ndt_localizer]: NDT ok fitness=0.0831 pose=(1.58 -2.97 0.03)
[pcd_ndt_localizer-1] [INFO] [1786513165.809468029] [pcd_ndt_localizer]: NDT ok fitness=0.0828 pose=(1.58 -2.97 0.04)
[pcd_ndt_localizer-1] [INFO] [1786513166.814691800] [pcd_ndt_localizer]: NDT ok fitness=0.0831 pose=(1.58 -2.97 0.03)
[pcd_ndt_localizer-1] [INFO] [1786513167.848233406] [pcd_ndt_localizer]: NDT ok fitness=0.0821 pose=(1.58 -2.97 0.03)
[pcd_ndt_localizer-1] [INFO] [1786513168.970279785] [pcd_ndt_localizer]: NDT ok fitness=0.0825 pose=(1.58 -2.98 0.03)
[pcd_ndt_localizer-1] [INFO] [1786513170.172198781] [pcd_ndt_localizer]: NDT ok fitness=0.0835 pose=(1.57 -2.97 0.03)
[pcd_ndt_localizer-1] [INFO] [1786513171.220542624] [pcd_ndt_localizer]: NDT ok fitness=0.0826 pose=(1.58 -2.97 0.03)
[pcd_ndt_localizer-1] [INFO] [1786513172.397086708] [pcd_ndt_localizer]: NDT ok fitness=0.0826 pose=(1.58 -2.98 0.03)
[pcd_ndt_localizer-1] [INFO] [1786513173.449460715] [pcd_ndt_localizer]: NDT ok fitness=0.0830 pose=(1.58 -2.98 0.03)
[pcd_ndt_localizer-1] [INFO] [1786513174.494165385] [pcd_ndt_localizer]: NDT ok fitness=0.0830 pose=(1.58 -2.97 0.03)
[pcd_ndt_localizer-1] [INFO] [1786513175.608755940] [pcd_ndt_localizer]: NDT ok fitness=0.0831 pose=(1.58 -2.97 0.03)
[pcd_ndt_localizer-1] [INFO] [1786513176.657168298] [pcd_ndt_localizer]: NDT ok fitness=0.0826 pose=(1.58 -2.97 0.03)
[pcd_ndt_localizer-1] [INFO] [1786513177.703354750] [pcd_ndt_localizer]: NDT ok fitness=0.0822 pose=(1.58 -2.97 0.03)
[pcd_ndt_localizer-1] [INFO] [1786513178.711305628] [pcd_ndt_localizer]: NDT ok fitness=0.0822 pose=(1.58 -2.97 0.03)
[pcd_ndt_localizer-1] [INFO] [1786513179.923895639] [pcd_ndt_localizer]: NDT ok fitness=0.0829 pose=(1.57 -2.97 0.03)
[pcd_ndt_localizer-1] [INFO] [1786513180.938055768] [pcd_ndt_localizer]: NDT ok fitness=0.0817 pose=(1.58 -2.98 0.03)
[pcd_ndt_localizer-1] [INFO] [1786513182.064679082] [pcd_ndt_localizer]: NDT ok fitness=0.0816 pose=(1.58 -2.98 0.03)
[pcd_ndt_localizer-1] [INFO] [1786513183.126359862] [pcd_ndt_localizer]: NDT ok fitness=0.0827 pose=(1.58 -2.98 0.03)
[pcd_ndt_localizer-1] [INFO] [1786513184.164241626] [pcd_ndt_localizer]: NDT ok fitness=0.0820 pose=(1.57 -2.98 0.03)
[pcd_ndt_localizer-1] [INFO] [1786513185.258468684] [pcd_ndt_localizer]: NDT ok fitness=0.0813 pose=(1.58 -2.97 0.03)
[pcd_ndt_localizer-1] [INFO] [1786513186.288949762] [pcd_ndt_localizer]: NDT ok fitness=0.0822 pose=(1.57 -2.98 0.03)
[pcd_ndt_localizer-1] [INFO] [1786513187.322410405] [pcd_ndt_localizer]: NDT ok fitness=0.0825 pose=(1.58 -2.98 0.03)
[pcd_ndt_localizer-1] [INFO] [1786513188.457175425] [pcd_ndt_localizer]: NDT ok fitness=0.0825 pose=(1.58 -2.97 0.03)
[pcd_ndt_localizer-1] [INFO] [1786513189.482373558] [pcd_ndt_localizer]: NDT ok fitness=0.0834 pose=(1.58 -2.97 0.03)
[pcd_ndt_localizer-1] [INFO] [1786513190.614107332] [pcd_ndt_localizer]: NDT ok fitness=0.0817 pose=(1.58 -2.97 0.03)
[pcd_ndt_localizer-1] [INFO] [1786513191.696494500] [pcd_ndt_localizer]: NDT ok fitness=0.0834 pose=(1.58 -2.97 0.04)
[pcd_ndt_localizer-1] [INFO] [1786513192.867671572] [pcd_ndt_localizer]: NDT ok fitness=0.0834 pose=(1.58 -2.97 0.03)
[pcd_ndt_localizer-1] [INFO] [1786513193.937255872] [pcd_ndt_localizer]: NDT ok fitness=0.0824 pose=(1.58 -2.97 0.03)
[pcd_ndt_localizer-1] [INFO] [1786513194.967073982] [pcd_ndt_localizer]: NDT ok fitness=0.0825 pose=(1.57 -2.97 0.03)
[pcd_ndt_localizer-1] [INFO] [1786513196.037053145] [pcd_ndt_localizer]: NDT ok fitness=0.0827 pose=(1.58 -2.98 0.04)
[pcd_ndt_localizer-1] [INFO] [1786513197.080567308] [pcd_ndt_localizer]: NDT ok fitness=0.0817 pose=(1.58 -2.97 0.03)
[pcd_ndt_localizer-1] [INFO] [1786513198.126581562] [pcd_ndt_localizer]: NDT ok fitness=0.0830 pose=(1.57 -2.98 0.03)
[pcd_ndt_localizer-1] [INFO] [1786513199.147469489] [pcd_ndt_localizer]: NDT ok fitness=0.0831 pose=(1.57 -2.97 0.03)
[pcd_ndt_localizer-1] [INFO] [1786513200.177453749] [pcd_ndt_localizer]: NDT ok fitness=0.0823 pose=(1.58 -2.98 0.03)
[pcd_ndt_localizer-1] [INFO] [1786513201.355256631] [pcd_ndt_localizer]: NDT ok fitness=0.0821 pose=(1.58 -2.98 0.03)
[pcd_ndt_localizer-1] [INFO] [1786513202.410159979] [pcd_ndt_localizer]: NDT ok fitness=0.0831 pose=(1.58 -2.97 0.03)
[pcd_ndt_localizer-1] [INFO] [1786513203.540133655] [pcd_ndt_localizer]: NDT ok fitness=0.0842 pose=(1.57 -2.97 0.04)
[pcd_ndt_localizer-1] [INFO] [1786513204.545536280] [pcd_ndt_localizer]: NDT ok fitness=0.0809 pose=(1.58 -2.98 0.03)
[pcd_ndt_localizer-1] [INFO] [1786513205.547315285] [pcd_ndt_localizer]: NDT ok fitness=0.0824 pose=(1.57 -2.98 0.03)
[pcd_ndt_localizer-1] [INFO] [1786513206.621804661] [pcd_ndt_localizer]: NDT ok fitness=0.0832 pose=(1.58 -2.97 0.03)
[pcd_ndt_localizer-1] [INFO] [1786513207.762715217] [pcd_ndt_localizer]: NDT ok fitness=0.0825 pose=(1.58 -2.98 0.03)
[pcd_ndt_localizer-1] [INFO] [1786513208.936902447] [pcd_ndt_localizer]: NDT ok fitness=0.0825 pose=(1.58 -2.97 0.04)
[pcd_ndt_localizer-1] [INFO] [1786513210.100784596] [pcd_ndt_localizer]: NDT ok fitness=0.0829 pose=(1.57 -2.97 0.03)
[pcd_ndt_localizer-1] [INFO] [1786513211.289568744] [pcd_ndt_localizer]: NDT ok fitness=0.0826 pose=(1.57 -2.97 0.03)
[pcd_ndt_localizer-1] [INFO] [1786513212.416076598] [pcd_ndt_localizer]: NDT ok fitness=0.0824 pose=(1.58 -2.97 0.03)
[pcd_ndt_localizer-1] [INFO] [1786513213.455335021] [pcd_ndt_localizer]: NDT ok fitness=0.0836 pose=(1.58 -2.97 0.03)
[pcd_ndt_localizer-1] [INFO] [1786513214.490575473] [pcd_ndt_localizer]: NDT ok fitness=0.0827 pose=(1.57 -2.97 0.03)
[pcd_ndt_localizer-1] [INFO] [1786513215.652640564] [pcd_ndt_localizer]: NDT ok fitness=0.0832 pose=(1.57 -2.98 0.04)
[pcd_ndt_localizer-1] [INFO] [1786513216.690035591] [pcd_ndt_localizer]: NDT ok fitness=0.0822 pose=(1.58 -2.97 0.03)
[pcd_ndt_localizer-1] [INFO] [1786513217.779827254] [pcd_ndt_localizer]: NDT ok fitness=0.0825 pose=(1.58 -2.98 0.03)
[pcd_ndt_localizer-1] [INFO] [1786513218.857590029] [pcd_ndt_localizer]: NDT ok fitness=0.0826 pose=(1.57 -2.97 0.03)
[pcd_ndt_localizer-1] [INFO] [1786513219.886160126] [pcd_ndt_localizer]: NDT ok fitness=0.0821 pose=(1.57 -2.97 0.03)
[pcd_ndt_localizer-1] [INFO] [1786513221.014992769] [pcd_ndt_localizer]: NDT ok fitness=0.0835 pose=(1.57 -2.98 0.03)
[pcd_ndt_localizer-1] [INFO] [1786513222.066315217] [pcd_ndt_localizer]: NDT ok fitness=0.0825 pose=(1.58 -2.97 0.03)
[pcd_ndt_localizer-1] [INFO] [1786513223.115788350] [pcd_ndt_localizer]: NDT ok fitness=0.0821 pose=(1.58 -2.97 0.03)
[pcd_ndt_localizer-1] [INFO] [1786513224.270566998] [pcd_ndt_localizer]: NDT ok fitness=0.0826 pose=(1.58 -2.97 0.04)
[pcd_ndt_localizer-1] [INFO] [1786513225.302295962] [pcd_ndt_localizer]: NDT ok fitness=0.0826 pose=(1.57 -2.97 0.03)
[pcd_ndt_localizer-1] [INFO] [1786513226.354764084] [pcd_ndt_localizer]: NDT ok fitness=0.0813 pose=(1.57 -2.98 0.03)
[pcd_ndt_localizer-1] [INFO] [1786513227.448093989] [pcd_ndt_localizer]: NDT ok fitness=0.0817 pose=(1.58 -2.98 0.04)
[pcd_ndt_localizer-1] [INFO] [1786513228.482742323] [pcd_ndt_localizer]: NDT ok fitness=0.0826 pose=(1.57 -2.97 0.03)
[pcd_ndt_localizer-1] [INFO] [1786513229.495998516] [pcd_ndt_localizer]: NDT ok fitness=0.0833 pose=(1.58 -2.98 0.04)
[pcd_ndt_localizer-1] [INFO] [1786513230.500867713] [pcd_ndt_localizer]: NDT ok fitness=0.0826 pose=(1.58 -2.98 0.03)
[pcd_ndt_localizer-1] [INFO] [1786513231.554840691] [pcd_ndt_localizer]: NDT ok fitness=0.0836 pose=(1.57 -2.97 0.03)
[pcd_ndt_localizer-1] [INFO] [1786513232.613258695] [pcd_ndt_localizer]: NDT ok fitness=0.0838 pose=(1.57 -2.97 0.03)
[pcd_ndt_localizer-1] [INFO] [1786513233.788871064] [pcd_ndt_localizer]: NDT ok fitness=0.0824 pose=(1.58 -2.97 0.03)
[pcd_ndt_localizer-1] [INFO] [1786513234.791190185] [pcd_ndt_localizer]: NDT ok fitness=0.0828 pose=(1.58 -2.97 0.03)
[pcd_ndt_localizer-1] [INFO] [1786513235.818660881] [pcd_ndt_localizer]: NDT ok fitness=0.0840 pose=(1.58 -2.97 0.03)
[pcd_ndt_localizer-1] [INFO] [1786513236.835661210] [pcd_ndt_localizer]: NDT ok fitness=0.0816 pose=(1.58 -2.98 0.03)
[pcd_ndt_localizer-1] [INFO] [1786513237.892004258] [pcd_ndt_localizer]: NDT ok fitness=0.0831 pose=(1.57 -2.98 0.03)
[pcd_ndt_localizer-1] [INFO] [1786513238.970360815] [pcd_ndt_localizer]: NDT ok fitness=0.0831 pose=(1.58 -2.97 0.03)
[pcd_ndt_localizer-1] [INFO] [1786513240.083205674] [pcd_ndt_localizer]: NDT ok fitness=0.0837 pose=(1.58 -2.97 0.03)
[pcd_ndt_localizer-1] [INFO] [1786513241.103950972] [pcd_ndt_localizer]: NDT ok fitness=0.0815 pose=(1.58 -2.98 0.03)
[pcd_ndt_localizer-1] [INFO] [1786513242.136619746] [pcd_ndt_localizer]: NDT ok fitness=0.0831 pose=(1.58 -2.97 0.03)
[pcd_ndt_localizer-1] [INFO] [1786513243.174350081] [pcd_ndt_localizer]: NDT ok fitness=0.0836 pose=(1.57 -2.97 0.03)
[pcd_ndt_localizer-1] [INFO] [1786513244.198948672] [pcd_ndt_localizer]: NDT ok fitness=0.0835 pose=(1.57 -2.97 0.03)
[pcd_ndt_localizer-1] [INFO] [1786513245.200967814] [pcd_ndt_localizer]: NDT ok fitness=0.0841 pose=(1.58 -2.98 0.03)
[pcd_ndt_localizer-1] [INFO] [1786513246.340203941] [pcd_ndt_localizer]: NDT ok fitness=0.0839 pose=(1.57 -2.97 0.03)
[pcd_ndt_localizer-1] [INFO] [1786513247.500659853] [pcd_ndt_localizer]: NDT ok fitness=0.0818 pose=(1.57 -2.97 0.03)
[pcd_ndt_localizer-1] [INFO] [1786513248.583765096] [pcd_ndt_localizer]: NDT ok fitness=0.0826 pose=(1.58 -2.97 0.03)
[pcd_ndt_localizer-1] [INFO] [1786513249.707618997] [pcd_ndt_localizer]: NDT ok fitness=0.0828 pose=(1.58 -2.97 0.03)
[pcd_ndt_localizer-1] [INFO] [1786513250.778554578] [pcd_ndt_localizer]: NDT ok fitness=0.0826 pose=(1.58 -2.98 0.03)
[pcd_ndt_localizer-1] [INFO] [1786513251.943844971] [pcd_ndt_localizer]: NDT ok fitness=0.0822 pose=(1.58 -2.98 0.03)
[pcd_ndt_localizer-1] [INFO] [1786513252.950804005] [pcd_ndt_localizer]: NDT ok fitness=0.0835 pose=(1.57 -2.98 0.03)
[pcd_ndt_localizer-1] [INFO] [1786513254.136291904] [pcd_ndt_localizer]: NDT ok fitness=0.0822 pose=(1.58 -2.98 0.03)
[pcd_ndt_localizer-1] [INFO] [1786513255.217834305] [pcd_ndt_localizer]: NDT ok fitness=0.0813 pose=(1.58 -2.97 0.03)
[pcd_ndt_localizer-1] [INFO] [1786513256.252857630] [pcd_ndt_localizer]: NDT ok fitness=0.0826 pose=(1.58 -2.98 0.03)
[pcd_ndt_localizer-1] [INFO] [1786513257.365629333] [pcd_ndt_localizer]: NDT ok fitness=0.0827 pose=(1.58 -2.98 0.03)
[pcd_ndt_localizer-1] [INFO] [1786513258.487212623] [pcd_ndt_localizer]: NDT ok fitness=0.0830 pose=(1.57 -2.97 0.03)
[pcd_ndt_localizer-1] [INFO] [1786513259.631198461] [pcd_ndt_localizer]: NDT ok fitness=0.0831 pose=(1.58 -2.98 0.03)
[pcd_ndt_localizer-1] [INFO] [1786513260.642579896] [pcd_ndt_localizer]: NDT ok fitness=0.0827 pose=(1.57 -2.98 0.03)
[pcd_ndt_localizer-1] [INFO] [1786513261.689764209] [pcd_ndt_localizer]: NDT ok fitness=0.0830 pose=(1.58 -2.98 0.03)
[pcd_ndt_localizer-1] [INFO] [1786513262.729587549] [pcd_ndt_localizer]: NDT ok fitness=0.0824 pose=(1.57 -2.98 0.03)
[pcd_ndt_localizer-1] [INFO] [1786513263.850726279] [pcd_ndt_localizer]: NDT ok fitness=0.0835 pose=(1.58 -2.97 0.03)
[pcd_ndt_localizer-1] [INFO] [1786513264.916146523] [pcd_ndt_localizer]: NDT ok fitness=0.0834 pose=(1.58 -2.98 0.03)
[pcd_ndt_localizer-1] [INFO] [1786513265.975946625] [pcd_ndt_localizer]: NDT ok fitness=0.0823 pose=(1.58 -2.97 0.03)
[pcd_ndt_localizer-1] [INFO] [1786513267.036919603] [pcd_ndt_localizer]: NDT ok fitness=0.0817 pose=(1.58 -2.98 0.03)
[pcd_ndt_localizer-1] [INFO] [1786513268.189552732] [pcd_ndt_localizer]: NDT ok fitness=0.0833 pose=(1.57 -2.98 0.03)
[pcd_ndt_localizer-1] [INFO] [1786513269.295787909] [pcd_ndt_localizer]: NDT ok fitness=0.0830 pose=(1.58 -2.97 0.04)
[pcd_ndt_localizer-1] [INFO] [1786513270.296229968] [pcd_ndt_localizer]: NDT ok fitness=0.0826 pose=(1.58 -2.97 0.03)
[pcd_ndt_localizer-1] [INFO] [1786513271.357116447] [pcd_ndt_localizer]: NDT ok fitness=0.0838 pose=(1.58 -2.98 0.03)
[pcd_ndt_localizer-1] [INFO] [1786513272.385778354] [pcd_ndt_localizer]: NDT ok fitness=0.0832 pose=(1.57 -2.98 0.03)
[pcd_ndt_localizer-1] [INFO] [1786513273.420423137] [pcd_ndt_localizer]: NDT ok fitness=0.0837 pose=(1.57 -2.98 0.03)
[pcd_ndt_localizer-1] [INFO] [1786513274.485207614] [pcd_ndt_localizer]: NDT ok fitness=0.0830 pose=(1.58 -2.98 0.03)
[pcd_ndt_localizer-1] [INFO] [1786513275.547100721] [pcd_ndt_localizer]: NDT ok fitness=0.0824 pose=(1.57 -2.97 0.03)
[pcd_ndt_localizer-1] [INFO] [1786513276.712403305] [pcd_ndt_localizer]: NDT ok fitness=0.0816 pose=(1.57 -2.97 0.03)
[pcd_ndt_localizer-1] [INFO] [1786513277.770986723] [pcd_ndt_localizer]: NDT ok fitness=0.0817 pose=(1.58 -2.98 0.03)
[pcd_ndt_localizer-1] [INFO] [1786513278.799709465] [pcd_ndt_localizer]: NDT ok fitness=0.0834 pose=(1.58 -2.97 0.03)
[pcd_ndt_localizer-1] [INFO] [1786513279.803375867] [pcd_ndt_localizer]: NDT ok fitness=0.0829 pose=(1.57 -2.98 0.03)
[pcd_ndt_localizer-1] [INFO] [1786513280.824867304] [pcd_ndt_localizer]: NDT ok fitness=0.0819 pose=(1.58 -2.97 0.03)
[pcd_ndt_localizer-1] [INFO] [1786513281.876842673] [pcd_ndt_localizer]: NDT ok fitness=0.0827 pose=(1.58 -2.98 0.04)
[pcd_ndt_localizer-1] [INFO] [1786513283.007950599] [pcd_ndt_localizer]: NDT ok fitness=0.0822 pose=(1.58 -2.97 0.04)
[pcd_ndt_localizer-1] [INFO] [1786513284.103458887] [pcd_ndt_localizer]: NDT ok fitness=0.0827 pose=(1.57 -2.98 0.03)
[pcd_ndt_localizer-1] [INFO] [1786513285.294918077] [pcd_ndt_localizer]: NDT ok fitness=0.0834 pose=(1.57 -2.97 0.03)
[pcd_ndt_localizer-1] [INFO] [1786513286.344722742] [pcd_ndt_localizer]: NDT ok fitness=0.0828 pose=(1.57 -2.98 0.04)
[pcd_ndt_localizer-1] [INFO] [1786513287.403964104] [pcd_ndt_localizer]: NDT ok fitness=0.0831 pose=(1.57 -2.98 0.03)
[pcd_ndt_localizer-1] [INFO] [1786513288.516177419] [pcd_ndt_localizer]: NDT ok fitness=0.0833 pose=(1.58 -2.97 0.03)
[pcd_ndt_localizer-1] [INFO] [1786513289.562085685] [pcd_ndt_localizer]: NDT ok fitness=0.0831 pose=(1.58 -2.98 0.03)
[pcd_ndt_localizer-1] [INFO] [1786513290.595426996] [pcd_ndt_localizer]: NDT ok fitness=0.0828 pose=(1.58 -2.97 0.03)
[pcd_ndt_localizer-1] [INFO] [1786513291.605250327] [pcd_ndt_localizer]: NDT ok fitness=0.0825 pose=(1.58 -2.97 0.03)
[pcd_ndt_localizer-1] [INFO] [1786513292.697126450] [pcd_ndt_localizer]: NDT ok fitness=0.0828 pose=(1.57 -2.97 0.03)
[pcd_ndt_localizer-1] [INFO] [1786513293.836625500] [pcd_ndt_localizer]: NDT ok fitness=0.0825 pose=(1.58 -2.98 0.03)
[pcd_ndt_localizer-1] [INFO] [1786513294.840697804] [pcd_ndt_localizer]: NDT ok fitness=0.0821 pose=(1.58 -2.98 0.04)
[pcd_ndt_localizer-1] [INFO] [1786513296.031939833] [pcd_ndt_localizer]: NDT ok fitness=0.0837 pose=(1.58 -2.98 0.03)
[pcd_ndt_localizer-1] [INFO] [1786513297.071761285] [pcd_ndt_localizer]: NDT ok fitness=0.0821 pose=(1.57 -2.98 0.04)
[pcd_ndt_localizer-1] [INFO] [1786513298.125785848] [pcd_ndt_localizer]: NDT ok fitness=0.0830 pose=(1.58 -2.98 0.03)
[pcd_ndt_localizer-1] [INFO] [1786513299.167499177] [pcd_ndt_localizer]: NDT ok fitness=0.0838 pose=(1.58 -2.97 0.03)
[pcd_ndt_localizer-1] [INFO] [1786513300.337547344] [pcd_ndt_localizer]: NDT ok fitness=0.0825 pose=(1.58 -2.98 0.03)
[pcd_ndt_localizer-1] [INFO] [1786513301.365259809] [pcd_ndt_localizer]: NDT ok fitness=0.0828 pose=(1.57 -2.98 0.03)
[pcd_ndt_localizer-1] [INFO] [1786513302.406050128] [pcd_ndt_localizer]: NDT ok fitness=0.0827 pose=(1.58 -2.97 0.03)
[pcd_ndt_localizer-1] [INFO] [1786513303.569751950] [pcd_ndt_localizer]: NDT ok fitness=0.0819 pose=(1.58 -2.97 0.03)
[pcd_ndt_localizer-1] [INFO] [1786513304.581596667] [pcd_ndt_localizer]: NDT ok fitness=0.0832 pose=(1.58 -2.97 0.03)
[pcd_ndt_localizer-1] [INFO] [1786513305.783165410] [pcd_ndt_localizer]: NDT ok fitness=0.0834 pose=(1.58 -2.98 0.04)
[pcd_ndt_localizer-1] [INFO] [1786513306.789651243] [pcd_ndt_localizer]: NDT ok fitness=0.0817 pose=(1.58 -2.98 0.03)
[pcd_ndt_localizer-1] [INFO] [1786513307.831297369] [pcd_ndt_localizer]: NDT ok fitness=0.0817 pose=(1.58 -2.97 0.03)
[pcd_ndt_localizer-1] [INFO] [1786513308.853311642] [pcd_ndt_localizer]: NDT ok fitness=0.0820 pose=(1.58 -2.98 0.03)
[pcd_ndt_localizer-1] [INFO] [1786513310.092933425] [pcd_ndt_localizer]: NDT ok fitness=0.0829 pose=(1.57 -2.97 0.03)
[pcd_ndt_localizer-1] [INFO] [1786513311.201741047] [pcd_ndt_localizer]: NDT ok fitness=0.0824 pose=(1.58 -2.97 0.03)
[pcd_ndt_localizer-1] [INFO] [1786513312.219426778] [pcd_ndt_localizer]: NDT ok fitness=0.0821 pose=(1.58 -2.97 0.03)
[pcd_ndt_localizer-1] [INFO] [1786513313.404561800] [pcd_ndt_localizer]: NDT ok fitness=0.0833 pose=(1.57 -2.98 0.03)
[pcd_ndt_localizer-1] [INFO] [1786513314.412096215] [pcd_ndt_localizer]: NDT ok fitness=0.0830 pose=(1.57 -2.98 0.03)
[pcd_ndt_localizer-1] [INFO] [1786513315.729214304] [pcd_ndt_localizer]: NDT ok fitness=0.0833 pose=(1.57 -2.97 0.03)
[pcd_ndt_localizer-1] [INFO] [1786513316.778653611] [pcd_ndt_localizer]: NDT ok fitness=0.0831 pose=(1.57 -2.98 0.03)
[pcd_ndt_localizer-1] [INFO] [1786513317.876333851] [pcd_ndt_localizer]: NDT ok fitness=0.0849 pose=(1.57 -2.98 0.03)
[pcd_ndt_localizer-1] [INFO] [1786513319.057420597] [pcd_ndt_localizer]: NDT ok fitness=0.0832 pose=(1.58 -2.98 0.03)
[pcd_ndt_localizer-1] [INFO] [1786513320.255431226] [pcd_ndt_localizer]: NDT ok fitness=0.0819 pose=(1.57 -2.97 0.03)
[pcd_ndt_localizer-1] [INFO] [1786513321.267182980] [pcd_ndt_localizer]: NDT ok fitness=0.0827 pose=(1.58 -2.98 0.03)
[pcd_ndt_localizer-1] [INFO] [1786513322.364548072] [pcd_ndt_localizer]: NDT ok fitness=0.0821 pose=(1.57 -2.97 0.03)
[pcd_ndt_localizer-1] [INFO] [1786513323.412933581] [pcd_ndt_localizer]: NDT ok fitness=0.0821 pose=(1.58 -2.97 0.04)
[pcd_ndt_localizer-1] [INFO] [1786513324.441320438] [pcd_ndt_localizer]: NDT ok fitness=0.0820 pose=(1.58 -2.97 0.03)
[pcd_ndt_localizer-1] [INFO] [1786513325.463563039] [pcd_ndt_localizer]: NDT ok fitness=0.0826 pose=(1.58 -2.98 0.03)
[pcd_ndt_localizer-1] [INFO] [1786513326.533781955] [pcd_ndt_localizer]: NDT ok fitness=0.0831 pose=(1.58 -2.98 0.03)
[pcd_ndt_localizer-1] [INFO] [1786513327.606420959] [pcd_ndt_localizer]: NDT ok fitness=0.0829 pose=(1.57 -2.97 0.03)
[pcd_ndt_localizer-1] [INFO] [1786513328.651526508] [pcd_ndt_localizer]: NDT ok fitness=0.0833 pose=(1.58 -2.97 0.03)
[pcd_ndt_localizer-1] [INFO] [1786513329.788484408] [pcd_ndt_localizer]: NDT ok fitness=0.0831 pose=(1.58 -2.97 0.03)
[pcd_ndt_localizer-1] [INFO] [1786513330.860907596] [pcd_ndt_localizer]: NDT ok fitness=0.0838 pose=(1.57 -2.97 0.03)
[pcd_ndt_localizer-1] [INFO] [1786513331.896596641] [pcd_ndt_localizer]: NDT ok fitness=0.0834 pose=(1.58 -2.98 0.03)
[pcd_ndt_localizer-1] [INFO] [1786513333.031130164] [pcd_ndt_localizer]: NDT ok fitness=0.0828 pose=(1.57 -2.97 0.03)
[pcd_ndt_localizer-1] [INFO] [1786513334.082479270] [pcd_ndt_localizer]: NDT ok fitness=0.0828 pose=(1.58 -2.98 0.03)
[pcd_ndt_localizer-1] [INFO] [1786513335.141542257] [pcd_ndt_localizer]: NDT ok fitness=0.0825 pose=(1.58 -2.97 0.03)
[pcd_ndt_localizer-1] [INFO] [1786513336.213674075] [pcd_ndt_localizer]: NDT ok fitness=0.0834 pose=(1.58 -2.97 0.03)
[pcd_ndt_localizer-1] [INFO] [1786513337.259109652] [pcd_ndt_localizer]: NDT ok fitness=0.0832 pose=(1.57 -2.98 0.04)
[pcd_ndt_localizer-1] [INFO] [1786513338.357729350] [pcd_ndt_localizer]: NDT ok fitness=0.0825 pose=(1.57 -2.98 0.03)
[pcd_ndt_localizer-1] [INFO] [1786513339.508839333] [pcd_ndt_localizer]: NDT ok fitness=0.0835 pose=(1.57 -2.98 0.03)
[pcd_ndt_localizer-1] [INFO] [1786513340.521385841] [pcd_ndt_localizer]: NDT ok fitness=0.0823 pose=(1.57 -2.97 0.03)
[pcd_ndt_localizer-1] [INFO] [1786513341.555891056] [pcd_ndt_localizer]: NDT ok fitness=0.0836 pose=(1.57 -2.98 0.03)
[pcd_ndt_localizer-1] [INFO] [1786513342.570991503] [pcd_ndt_localizer]: NDT ok fitness=0.0828 pose=(1.58 -2.98 0.04)
[pcd_ndt_localizer-1] [INFO] [1786513343.742381383] [pcd_ndt_localizer]: NDT ok fitness=0.0829 pose=(1.58 -2.98 0.03)
[pcd_ndt_localizer-1] [INFO] [1786513344.776378549] [pcd_ndt_localizer]: NDT ok fitness=0.0818 pose=(1.57 -2.98 0.03)
[pcd_ndt_localizer-1] [INFO] [1786513345.808452323] [pcd_ndt_localizer]: NDT ok fitness=0.0822 pose=(1.58 -2.97 0.03)
[pcd_ndt_localizer-1] [INFO] [1786513346.909596147] [pcd_ndt_localizer]: NDT ok fitness=0.0823 pose=(1.58 -2.98 0.04)
[pcd_ndt_localizer-1] [INFO] [1786513347.984556901] [pcd_ndt_localizer]: NDT ok fitness=0.0837 pose=(1.58 -2.97 0.03)
[pcd_ndt_localizer-1] [INFO] [1786513349.086420812] [pcd_ndt_localizer]: NDT ok fitness=0.0822 pose=(1.57 -2.97 0.03)
[pcd_ndt_localizer-1] [INFO] [1786513350.183776671] [pcd_ndt_localizer]: NDT ok fitness=0.0828 pose=(1.58 -2.97 0.03)
[pcd_ndt_localizer-1] [INFO] [1786513351.210142962] [pcd_ndt_localizer]: NDT ok fitness=0.0841 pose=(1.58 -2.98 0.04)
[pcd_ndt_localizer-1] [INFO] [1786513352.342680074] [pcd_ndt_localizer]: NDT ok fitness=0.0834 pose=(1.58 -2.98 0.03)
[pcd_ndt_localizer-1] [INFO] [1786513353.494769287] [pcd_ndt_localizer]: NDT ok fitness=0.0818 pose=(1.58 -2.98 0.03)
[pcd_ndt_localizer-1] [INFO] [1786513354.598348326] [pcd_ndt_localizer]: NDT ok fitness=0.0830 pose=(1.58 -2.97 0.03)
[pcd_ndt_localizer-1] [INFO] [1786513355.625674777] [pcd_ndt_localizer]: NDT ok fitness=0.0835 pose=(1.58 -2.97 0.03)
[pcd_ndt_localizer-1] [INFO] [1786513356.643758971] [pcd_ndt_localizer]: NDT ok fitness=0.0822 pose=(1.58 -2.97 0.03)
[pcd_ndt_localizer-1] [INFO] [1786513357.799851867] [pcd_ndt_localizer]: NDT ok fitness=0.0824 pose=(1.58 -2.97 0.03)
[pcd_ndt_localizer-1] [INFO] [1786513358.981994516] [pcd_ndt_localizer]: NDT ok fitness=0.0815 pose=(1.58 -2.97 0.03)
[pcd_ndt_localizer-1] [INFO] [1786513360.195814048] [pcd_ndt_localizer]: NDT ok fitness=0.0828 pose=(1.58 -2.98 0.04)
[pcd_ndt_localizer-1] [INFO] [1786513361.198862195] [pcd_ndt_localizer]: NDT ok fitness=0.0835 pose=(1.58 -2.97 0.03)
[pcd_ndt_localizer-1] [INFO] [1786513362.213344511] [pcd_ndt_localizer]: NDT ok fitness=0.0832 pose=(1.57 -2.98 0.03)
[pcd_ndt_localizer-1] [INFO] [1786513363.291672543] [pcd_ndt_localizer]: NDT ok fitness=0.0819 pose=(1.58 -2.97 0.03)
[pcd_ndt_localizer-1] [INFO] [1786513364.414217167] [pcd_ndt_localizer]: NDT ok fitness=0.0832 pose=(1.57 -2.98 0.03)
[pcd_ndt_localizer-1] [INFO] [1786513365.618699592] [pcd_ndt_localizer]: NDT ok fitness=0.0832 pose=(1.57 -2.97 0.03)
[pcd_ndt_localizer-1] [INFO] [1786513366.667524830] [pcd_ndt_localizer]: NDT ok fitness=0.0824 pose=(1.58 -2.97 0.03)
[pcd_ndt_localizer-1] [INFO] [1786513367.693331902] [pcd_ndt_localizer]: NDT ok fitness=0.0830 pose=(1.58 -2.98 0.03)
[pcd_ndt_localizer-1] [INFO] [1786513368.711212665] [pcd_ndt_localizer]: NDT ok fitness=0.0819 pose=(1.57 -2.98 0.03)
[pcd_ndt_localizer-1] [INFO] [1786513369.912226272] [pcd_ndt_localizer]: NDT ok fitness=0.0837 pose=(1.58 -2.98 0.03)
[pcd_ndt_localizer-1] [INFO] [1786513370.986843494] [pcd_ndt_localizer]: NDT ok fitness=0.0839 pose=(1.57 -2.98 0.04)
[pcd_ndt_localizer-1] [INFO] [1786513372.106003367] [pcd_ndt_localizer]: NDT ok fitness=0.0825 pose=(1.58 -2.98 0.03)
[pcd_ndt_localizer-1] [INFO] [1786513373.149835768] [pcd_ndt_localizer]: NDT ok fitness=0.0833 pose=(1.57 -2.97 0.03)
[pcd_ndt_localizer-1] [INFO] [1786513374.206244712] [pcd_ndt_localizer]: NDT ok fitness=0.0827 pose=(1.58 -2.98 0.03)
[pcd_ndt_localizer-1] [INFO] [1786513375.382746183] [pcd_ndt_localizer]: NDT ok fitness=0.0837 pose=(1.58 -2.98 0.03)
[pcd_ndt_localizer-1] [INFO] [1786513376.400182612] [pcd_ndt_localizer]: NDT ok fitness=0.0835 pose=(1.58 -2.97 0.03)
[pcd_ndt_localizer-1] [INFO] [1786513377.427452453] [pcd_ndt_localizer]: NDT ok fitness=0.0814 pose=(1.58 -2.97 0.04)
[pcd_ndt_localizer-1] [INFO] [1786513378.494148998] [pcd_ndt_localizer]: NDT ok fitness=0.0814 pose=(1.58 -2.98 0.03)
[pcd_ndt_localizer-1] [INFO] [1786513379.537455687] [pcd_ndt_localizer]: NDT ok fitness=0.0827 pose=(1.57 -2.98 0.03)
[pcd_ndt_localizer-1] [INFO] [1786513380.539395317] [pcd_ndt_localizer]: NDT ok fitness=0.0834 pose=(1.58 -2.97 0.03)
[pcd_ndt_localizer-1] [INFO] [1786513381.610803474] [pcd_ndt_localizer]: NDT ok fitness=0.0824 pose=(1.58 -2.98 0.03)
[pcd_ndt_localizer-1] [INFO] [1786513382.713538902] [pcd_ndt_localizer]: NDT ok fitness=0.0817 pose=(1.58 -2.98 0.03)
[pcd_ndt_localizer-1] [INFO] [1786513383.901439021] [pcd_ndt_localizer]: NDT ok fitness=0.0836 pose=(1.57 -2.98 0.03)
[pcd_ndt_localizer-1] [INFO] [1786513385.036759906] [pcd_ndt_localizer]: NDT ok fitness=0.0821 pose=(1.58 -2.98 0.03)
[pcd_ndt_localizer-1] [INFO] [1786513386.039594798] [pcd_ndt_localizer]: NDT ok fitness=0.0835 pose=(1.58 -2.98 0.03)
[pcd_ndt_localizer-1] [INFO] [1786513387.113360568] [pcd_ndt_localizer]: NDT ok fitness=0.0834 pose=(1.58 -2.97 0.04)
[pcd_ndt_localizer-1] [INFO] [1786513388.159861858] [pcd_ndt_localizer]: NDT ok fitness=0.0820 pose=(1.57 -2.98 0.03)
[pcd_ndt_localizer-1] [INFO] [1786513389.175985091] [pcd_ndt_localizer]: NDT ok fitness=0.0814 pose=(1.58 -2.97 0.03)
[pcd_ndt_localizer-1] [INFO] [1786513390.306295507] [pcd_ndt_localizer]: NDT ok fitness=0.0831 pose=(1.57 -2.98 0.03)
[pcd_ndt_localizer-1] [INFO] [1786513391.350997345] [pcd_ndt_localizer]: NDT ok fitness=0.0829 pose=(1.57 -2.98 0.03)
[pcd_ndt_localizer-1] [INFO] [1786513392.351050641] [pcd_ndt_localizer]: NDT ok fitness=0.0813 pose=(1.58 -2.97 0.03)
[pcd_ndt_localizer-1] [INFO] [1786513393.531167016] [pcd_ndt_localizer]: NDT ok fitness=0.0837 pose=(1.58 -2.97 0.03)
[pcd_ndt_localizer-1] [INFO] [1786513394.584768603] [pcd_ndt_localizer]: NDT ok fitness=0.0828 pose=(1.58 -2.98 0.04)
[pcd_ndt_localizer-1] [INFO] [1786513395.613313045] [pcd_ndt_localizer]: NDT ok fitness=0.0825 pose=(1.58 -2.97 0.03)
[pcd_ndt_localizer-1] [INFO] [1786513396.664121516] [pcd_ndt_localizer]: NDT ok fitness=0.0829 pose=(1.58 -2.97 0.03)
[pcd_ndt_localizer-1] [INFO] [1786513397.767428483] [pcd_ndt_localizer]: NDT ok fitness=0.0818 pose=(1.57 -2.98 0.03)
[pcd_ndt_localizer-1] [INFO] [1786513398.774038124] [pcd_ndt_localizer]: NDT ok fitness=0.0834 pose=(1.57 -2.98 0.03)
[pcd_ndt_localizer-1] [INFO] [1786513399.803042037] [pcd_ndt_localizer]: NDT ok fitness=0.0832 pose=(1.58 -2.97 0.03)
[pcd_ndt_localizer-1] [INFO] [1786513400.819998898] [pcd_ndt_localizer]: NDT ok fitness=0.0824 pose=(1.58 -2.98 0.03)
[pcd_ndt_localizer-1] [INFO] [1786513401.921223876] [pcd_ndt_localizer]: NDT ok fitness=0.0825 pose=(1.58 -2.98 0.03)
[pcd_ndt_localizer-1] [INFO] [1786513402.921993645] [pcd_ndt_localizer]: NDT ok fitness=0.0828 pose=(1.58 -2.98 0.03)
[pcd_ndt_localizer-1] [INFO] [1786513404.035331245] [pcd_ndt_localizer]: NDT ok fitness=0.0823 pose=(1.58 -2.97 0.03)
[pcd_ndt_localizer-1] [INFO] [1786513405.038523749] [pcd_ndt_localizer]: NDT ok fitness=0.0823 pose=(1.57 -2.98 0.03)
[pcd_ndt_localizer-1] [INFO] [1786513406.093053239] [pcd_ndt_localizer]: NDT ok fitness=0.0827 pose=(1.57 -2.98 0.03)
[pcd_ndt_localizer-1] [INFO] [1786513407.143107573] [pcd_ndt_localizer]: NDT ok fitness=0.0828 pose=(1.58 -2.97 0.03)
[pcd_ndt_localizer-1] [INFO] [1786513408.161952560] [pcd_ndt_localizer]: NDT ok fitness=0.0823 pose=(1.58 -2.98 0.03)
[pcd_ndt_localizer-1] [INFO] [1786513409.227748597] [pcd_ndt_localizer]: NDT ok fitness=0.0828 pose=(1.58 -2.97 0.03)
[pcd_ndt_localizer-1] [INFO] [1786513410.266150131] [pcd_ndt_localizer]: NDT ok fitness=0.0822 pose=(1.58 -2.98 0.03)
[pcd_ndt_localizer-1] [INFO] [1786513411.268180197] [pcd_ndt_localizer]: NDT ok fitness=0.0834 pose=(1.58 -2.97 0.03)
[pcd_ndt_localizer-1] [INFO] [1786513412.308731530] [pcd_ndt_localizer]: NDT ok fitness=0.0830 pose=(1.58 -2.98 0.03)
[pcd_ndt_localizer-1] [INFO] [1786513413.341262408] [pcd_ndt_localizer]: NDT ok fitness=0.0833 pose=(1.58 -2.98 0.04)
[pcd_ndt_localizer-1] [INFO] [1786513414.492476103] [pcd_ndt_localizer]: NDT ok fitness=0.0843 pose=(1.57 -2.97 0.03)
[pcd_ndt_localizer-1] [INFO] [1786513415.569872681] [pcd_ndt_localizer]: NDT ok fitness=0.0822 pose=(1.58 -2.97 0.03)
[pcd_ndt_localizer-1] [INFO] [1786513416.618397877] [pcd_ndt_localizer]: NDT ok fitness=0.0830 pose=(1.58 -2.97 0.03)
[pcd_ndt_localizer-1] [INFO] [1786513417.627912381] [pcd_ndt_localizer]: NDT ok fitness=0.0833 pose=(1.58 -2.97 0.03)
[pcd_ndt_localizer-1] [INFO] [1786513418.646482063] [pcd_ndt_localizer]: NDT ok fitness=0.0829 pose=(1.57 -2.97 0.03)
[pcd_ndt_localizer-1] [INFO] [1786513419.695123551] [pcd_ndt_localizer]: NDT ok fitness=0.0824 pose=(1.58 -2.97 0.03)
[pcd_ndt_localizer-1] [INFO] [1786513420.902695197] [pcd_ndt_localizer]: NDT ok fitness=0.0826 pose=(1.57 -2.98 0.04)
[pcd_ndt_localizer-1] [INFO] [1786513422.063043881] [pcd_ndt_localizer]: NDT ok fitness=0.0834 pose=(1.58 -2.98 0.03)
[pcd_ndt_localizer-1] [INFO] [1786513423.146185257] [pcd_ndt_localizer]: NDT ok fitness=0.0815 pose=(1.58 -2.98 0.03)
[pcd_ndt_localizer-1] [INFO] [1786513424.185152442] [pcd_ndt_localizer]: NDT ok fitness=0.0828 pose=(1.58 -2.98 0.03)
[pcd_ndt_localizer-1] [INFO] [1786513425.263473658] [pcd_ndt_localizer]: NDT ok fitness=0.0816 pose=(1.58 -2.98 0.03)
[pcd_ndt_localizer-1] [INFO] [1786513426.472804531] [pcd_ndt_localizer]: NDT ok fitness=0.0818 pose=(1.57 -2.98 0.03)
[pcd_ndt_localizer-1] [INFO] [1786513427.510848998] [pcd_ndt_localizer]: NDT ok fitness=0.0825 pose=(1.57 -2.98 0.03)
[pcd_ndt_localizer-1] [INFO] [1786513428.522735196] [pcd_ndt_localizer]: NDT ok fitness=0.0818 pose=(1.58 -2.98 0.03)
[pcd_ndt_localizer-1] [INFO] [1786513429.612525046] [pcd_ndt_localizer]: NDT ok fitness=0.0831 pose=(1.57 -2.97 0.03)
[pcd_ndt_localizer-1] [INFO] [1786513430.817864906] [pcd_ndt_localizer]: NDT ok fitness=0.0822 pose=(1.57 -2.97 0.03)
[pcd_ndt_localizer-1] [INFO] [1786513431.829021224] [pcd_ndt_localizer]: NDT ok fitness=0.0817 pose=(1.57 -2.98 0.03)
[pcd_ndt_localizer-1] [INFO] [1786513432.870154113] [pcd_ndt_localizer]: NDT ok fitness=0.0823 pose=(1.57 -2.98 0.03)
[pcd_ndt_localizer-1] [INFO] [1786513434.058444645] [pcd_ndt_localizer]: NDT ok fitness=0.0826 pose=(1.58 -2.98 0.03)
[pcd_ndt_localizer-1] [INFO] [1786513435.079242304] [pcd_ndt_localizer]: NDT ok fitness=0.0835 pose=(1.58 -2.98 0.03)
[pcd_ndt_localizer-1] [INFO] [1786513436.303654217] [pcd_ndt_localizer]: NDT ok fitness=0.0817 pose=(1.58 -2.97 0.03)
[pcd_ndt_localizer-1] [INFO] [1786513437.433875189] [pcd_ndt_localizer]: NDT ok fitness=0.0825 pose=(1.58 -2.97 0.03)
[pcd_ndt_localizer-1] [INFO] [1786513438.480565637] [pcd_ndt_localizer]: NDT ok fitness=0.0839 pose=(1.58 -2.98 0.04)
[pcd_ndt_localizer-1] [INFO] [1786513439.483939427] [pcd_ndt_localizer]: NDT ok fitness=0.0834 pose=(1.57 -2.97 0.03)
[pcd_ndt_localizer-1] [INFO] [1786513440.548821353] [pcd_ndt_localizer]: NDT ok fitness=0.0822 pose=(1.58 -2.98 0.04)
[pcd_ndt_localizer-1] [INFO] [1786513441.577310177] [pcd_ndt_localizer]: NDT ok fitness=0.0834 pose=(1.58 -2.98 0.03)
[pcd_ndt_localizer-1] [INFO] [1786513442.633834292] [pcd_ndt_localizer]: NDT ok fitness=0.0833 pose=(1.58 -2.97 0.03)
[pcd_ndt_localizer-1] [INFO] [1786513443.702759552] [pcd_ndt_localizer]: NDT ok fitness=0.0823 pose=(1.58 -2.98 0.03)
[pcd_ndt_localizer-1] [INFO] [1786513444.761453978] [pcd_ndt_localizer]: NDT ok fitness=0.0833 pose=(1.57 -2.98 0.04)
[pcd_ndt_localizer-1] [INFO] [1786513445.925882381] [pcd_ndt_localizer]: NDT ok fitness=0.0824 pose=(1.57 -2.98 0.03)
[pcd_ndt_localizer-1] [INFO] [1786513447.200722769] [pcd_ndt_localizer]: NDT ok fitness=0.0822 pose=(1.57 -2.98 0.03)
[pcd_ndt_localizer-1] [INFO] [1786513448.222809975] [pcd_ndt_localizer]: NDT ok fitness=0.0821 pose=(1.58 -2.97 0.03)
[pcd_ndt_localizer-1] [INFO] [1786513449.273279171] [pcd_ndt_localizer]: NDT ok fitness=0.0829 pose=(1.58 -2.97 0.03)
[pcd_ndt_localizer-1] [INFO] [1786513450.316517600] [pcd_ndt_localizer]: NDT ok fitness=0.0825 pose=(1.57 -2.98 0.03)
[pcd_ndt_localizer-1] [INFO] [1786513451.739516593] [pcd_ndt_localizer]: NDT ok fitness=0.0825 pose=(1.58 -2.97 0.03)
[pcd_ndt_localizer-1] [INFO] [1786513452.793075746] [pcd_ndt_localizer]: NDT ok fitness=0.0833 pose=(1.57 -2.98 0.03)
[pcd_ndt_localizer-1] [INFO] [1786513453.841279235] [pcd_ndt_localizer]: NDT ok fitness=0.0820 pose=(1.57 -2.97 0.03)
[pcd_ndt_localizer-1] [INFO] [1786513455.006134628] [pcd_ndt_localizer]: NDT ok fitness=0.0821 pose=(1.57 -2.98 0.03)
[pcd_ndt_localizer-1] [INFO] [1786513456.170634425] [pcd_ndt_localizer]: NDT ok fitness=0.0817 pose=(1.57 -2.97 0.03)
[pcd_ndt_localizer-1] [INFO] [1786513457.179278180] [pcd_ndt_localizer]: NDT ok fitness=0.0822 pose=(1.58 -2.98 0.04)
[pcd_ndt_localizer-1] [INFO] [1786513458.221923534] [pcd_ndt_localizer]: NDT ok fitness=0.0816 pose=(1.58 -2.98 0.03)
[pcd_ndt_localizer-1] [INFO] [1786513459.259737690] [pcd_ndt_localizer]: NDT ok fitness=0.0830 pose=(1.58 -2.98 0.03)
[pcd_ndt_localizer-1] [INFO] [1786513460.369685387] [pcd_ndt_localizer]: NDT ok fitness=0.0837 pose=(1.58 -2.98 0.04)
[pcd_ndt_localizer-1] [INFO] [1786513461.381239094] [pcd_ndt_localizer]: NDT ok fitness=0.0834 pose=(1.58 -2.98 0.03)
[pcd_ndt_localizer-1] [INFO] [1786513462.419643253] [pcd_ndt_localizer]: NDT ok fitness=0.0828 pose=(1.57 -2.98 0.03)
[pcd_ndt_localizer-1] [INFO] [1786513463.469167202] [pcd_ndt_localizer]: NDT ok fitness=0.0828 pose=(1.58 -2.97 0.03)
[pcd_ndt_localizer-1] [INFO] [1786513464.505617856] [pcd_ndt_localizer]: NDT ok fitness=0.0828 pose=(1.58 -2.97 0.03)
[pcd_ndt_localizer-1] [INFO] [1786513465.543762711] [pcd_ndt_localizer]: NDT ok fitness=0.0833 pose=(1.57 -2.98 0.03)
[pcd_ndt_localizer-1] [INFO] [1786513466.577753796] [pcd_ndt_localizer]: NDT ok fitness=0.0830 pose=(1.58 -2.97 0.04)
[pcd_ndt_localizer-1] [INFO] [1786513467.812363324] [pcd_ndt_localizer]: NDT ok fitness=0.0824 pose=(1.57 -2.98 0.03)
[pcd_ndt_localizer-1] [INFO] [1786513468.896831303] [pcd_ndt_localizer]: NDT ok fitness=0.0828 pose=(1.58 -2.98 0.03)
[pcd_ndt_localizer-1] [INFO] [1786513469.928421062] [pcd_ndt_localizer]: NDT ok fitness=0.0831 pose=(1.58 -2.97 0.03)
[pcd_ndt_localizer-1] [INFO] [1786513470.957862461] [pcd_ndt_localizer]: NDT ok fitness=0.0829 pose=(1.57 -2.98 0.03)
[pcd_ndt_localizer-1] [INFO] [1786513472.007612914] [pcd_ndt_localizer]: NDT ok fitness=0.0814 pose=(1.58 -2.98 0.03)
[pcd_ndt_localizer-1] [INFO] [1786513473.080624995] [pcd_ndt_localizer]: NDT ok fitness=0.0833 pose=(1.57 -2.98 0.03)
[pcd_ndt_localizer-1] [INFO] [1786513474.111423240] [pcd_ndt_localizer]: NDT ok fitness=0.0831 pose=(1.57 -2.98 0.04)
[pcd_ndt_localizer-1] [INFO] [1786513475.283947429] [pcd_ndt_localizer]: NDT ok fitness=0.0842 pose=(1.58 -2.98 0.03)
[pcd_ndt_localizer-1] [INFO] [1786513476.315514851] [pcd_ndt_localizer]: NDT ok fitness=0.0827 pose=(1.57 -2.97 0.03)
[pcd_ndt_localizer-1] [INFO] [1786513477.361833478] [pcd_ndt_localizer]: NDT ok fitness=0.0830 pose=(1.58 -2.98 0.03)
[pcd_ndt_localizer-1] [INFO] [1786513478.490723111] [pcd_ndt_localizer]: NDT ok fitness=0.0834 pose=(1.58 -2.98 0.03)
[pcd_ndt_localizer-1] [INFO] [1786513479.579113458] [pcd_ndt_localizer]: NDT ok fitness=0.0828 pose=(1.57 -2.97 0.03)
[pcd_ndt_localizer-1] [INFO] [1786513480.590120108] [pcd_ndt_localizer]: NDT ok fitness=0.0831 pose=(1.58 -2.98 0.03)
[pcd_ndt_localizer-1] [INFO] [1786513481.667636850] [pcd_ndt_localizer]: NDT ok fitness=0.0830 pose=(1.58 -2.98 0.03)
[pcd_ndt_localizer-1] [INFO] [1786513482.810249270] [pcd_ndt_localizer]: NDT ok fitness=0.0831 pose=(1.58 -2.97 0.03)
[pcd_ndt_localizer-1] [INFO] [1786513483.898976461] [pcd_ndt_localizer]: NDT ok fitness=0.0834 pose=(1.58 -2.98 0.03)
[pcd_ndt_localizer-1] [INFO] [1786513484.961276286] [pcd_ndt_localizer]: NDT ok fitness=0.0822 pose=(1.57 -2.98 0.03)
[pcd_ndt_localizer-1] [INFO] [1786513485.965190574] [pcd_ndt_localizer]: NDT ok fitness=0.0827 pose=(1.58 -2.98 0.03)
[pcd_ndt_localizer-1] [INFO] [1786513487.103770222] [pcd_ndt_localizer]: NDT ok fitness=0.0824 pose=(1.57 -2.98 0.03)
[pcd_ndt_localizer-1] [INFO] [1786513488.137575765] [pcd_ndt_localizer]: NDT ok fitness=0.0834 pose=(1.58 -2.97 0.03)
[pcd_ndt_localizer-1] [INFO] [1786513489.336962022] [pcd_ndt_localizer]: NDT ok fitness=0.0816 pose=(1.58 -2.98 0.04)
[pcd_ndt_localizer-1] [INFO] [1786513490.472716905] [pcd_ndt_localizer]: NDT ok fitness=0.0827 pose=(1.58 -2.97 0.03)
[pcd_ndt_localizer-1] [INFO] [1786513491.487648579] [pcd_ndt_localizer]: NDT ok fitness=0.0818 pose=(1.57 -2.97 0.03)
[pcd_ndt_localizer-1] [INFO] [1786513492.713570365] [pcd_ndt_localizer]: NDT ok fitness=0.0830 pose=(1.58 -2.97 0.04)
[pcd_ndt_localizer-1] [INFO] [1786513494.033841016] [pcd_ndt_localizer]: NDT ok fitness=0.0823 pose=(1.57 -2.98 0.03)
[pcd_ndt_localizer-1] [INFO] [1786513495.101759715] [pcd_ndt_localizer]: NDT ok fitness=0.0839 pose=(1.57 -2.97 0.03)
[pcd_ndt_localizer-1] [INFO] [1786513496.175758485] [pcd_ndt_localizer]: NDT ok fitness=0.0832 pose=(1.58 -2.97 0.03)
[pcd_ndt_localizer-1] [INFO] [1786513497.182755402] [pcd_ndt_localizer]: NDT ok fitness=0.0825 pose=(1.58 -2.97 0.03)
[pcd_ndt_localizer-1] [INFO] [1786513498.452345281] [pcd_ndt_localizer]: NDT ok fitness=0.0829 pose=(1.58 -2.98 0.03)
[pcd_ndt_localizer-1] [INFO] [1786513499.518401550] [pcd_ndt_localizer]: NDT ok fitness=0.0841 pose=(1.58 -2.97 0.03)
[pcd_ndt_localizer-1] [INFO] [1786513500.654361656] [pcd_ndt_localizer]: NDT ok fitness=0.0834 pose=(1.57 -2.97 0.03)
[pcd_ndt_localizer-1] [INFO] [1786513501.674966893] [pcd_ndt_localizer]: NDT ok fitness=0.0836 pose=(1.57 -2.97 0.04)
[pcd_ndt_localizer-1] [INFO] [1786513502.707777203] [pcd_ndt_localizer]: NDT ok fitness=0.0830 pose=(1.57 -2.98 0.03)
[pcd_ndt_localizer-1] [INFO] [1786513503.748161619] [pcd_ndt_localizer]: NDT ok fitness=0.0835 pose=(1.58 -2.97 0.03)
[pcd_ndt_localizer-1] [INFO] [1786513504.893350156] [pcd_ndt_localizer]: NDT ok fitness=0.0827 pose=(1.57 -2.97 0.03)
[pcd_ndt_localizer-1] [INFO] [1786513506.070126645] [pcd_ndt_localizer]: NDT ok fitness=0.0822 pose=(1.57 -2.98 0.03)
[pcd_ndt_localizer-1] [INFO] [1786513507.084939628] [pcd_ndt_localizer]: NDT ok fitness=0.0820 pose=(1.58 -2.97 0.03)
[pcd_ndt_localizer-1] [INFO] [1786513508.167896549] [pcd_ndt_localizer]: NDT ok fitness=0.0830 pose=(1.58 -2.97 0.03)
[pcd_ndt_localizer-1] [INFO] [1786513509.322225515] [pcd_ndt_localizer]: NDT ok fitness=0.0830 pose=(1.58 -2.98 0.03)
[pcd_ndt_localizer-1] [INFO] [1786513510.401251010] [pcd_ndt_localizer]: NDT ok fitness=0.0828 pose=(1.58 -2.97 0.03)
[pcd_ndt_localizer-1] [INFO] [1786513511.412475939] [pcd_ndt_localizer]: NDT ok fitness=0.0827 pose=(1.57 -2.98 0.03)
[pcd_ndt_localizer-1] [INFO] [1786513512.440935930] [pcd_ndt_localizer]: NDT ok fitness=0.0827 pose=(1.57 -2.97 0.03)
[pcd_ndt_localizer-1] [INFO] [1786513513.517762986] [pcd_ndt_localizer]: NDT ok fitness=0.0830 pose=(1.58 -2.97 0.03)
[pcd_ndt_localizer-1] [INFO] [1786513514.582047388] [pcd_ndt_localizer]: NDT ok fitness=0.0833 pose=(1.57 -2.97 0.04)
[pcd_ndt_localizer-1] [INFO] [1786513515.729392540] [pcd_ndt_localizer]: NDT ok fitness=0.0838 pose=(1.58 -2.98 0.03)
[pcd_ndt_localizer-1] [INFO] [1786513516.764139523] [pcd_ndt_localizer]: NDT ok fitness=0.0823 pose=(1.58 -2.97 0.03)
[pcd_ndt_localizer-1] [INFO] [1786513517.850113375] [pcd_ndt_localizer]: NDT ok fitness=0.0826 pose=(1.58 -2.98 0.03)
[pcd_ndt_localizer-1] [INFO] [1786513518.968860722] [pcd_ndt_localizer]: NDT ok fitness=0.0831 pose=(1.58 -2.97 0.04)
[pcd_ndt_localizer-1] [INFO] [1786513520.240732884] [pcd_ndt_localizer]: NDT ok fitness=0.0832 pose=(1.58 -2.97 0.03)
[pcd_ndt_localizer-1] [INFO] [1786513521.352640934] [pcd_ndt_localizer]: NDT ok fitness=0.0824 pose=(1.58 -2.97 0.03)
[pcd_ndt_localizer-1] [INFO] [1786513522.420109922] [pcd_ndt_localizer]: NDT ok fitness=0.0820 pose=(1.58 -2.97 0.03)
[pcd_ndt_localizer-1] [INFO] [1786513523.919628552] [pcd_ndt_localizer]: NDT ok fitness=0.0831 pose=(1.57 -2.98 0.04)
[pcd_ndt_localizer-1] [INFO] [1786513525.195709589] [pcd_ndt_localizer]: NDT ok fitness=0.0834 pose=(1.58 -2.98 0.03)
[pcd_ndt_localizer-1] [INFO] [1786513526.374908686] [pcd_ndt_localizer]: NDT ok fitness=0.0817 pose=(1.58 -2.98 0.03)
[pcd_ndt_localizer-1] [INFO] [1786513527.431497219] [pcd_ndt_localizer]: NDT ok fitness=0.0839 pose=(1.57 -2.97 0.03)
[pcd_ndt_localizer-1] [INFO] [1786513528.602377802] [pcd_ndt_localizer]: NDT ok fitness=0.0835 pose=(1.58 -2.97 0.03)
[pcd_ndt_localizer-1] [INFO] [1786513529.633856741] [pcd_ndt_localizer]: NDT ok fitness=0.0830 pose=(1.58 -2.98 0.03)
[pcd_ndt_localizer-1] [INFO] [1786513530.809751280] [pcd_ndt_localizer]: NDT ok fitness=0.0823 pose=(1.58 -2.97 0.03)
[pcd_ndt_localizer-1] [INFO] [1786513531.877399922] [pcd_ndt_localizer]: NDT ok fitness=0.0835 pose=(1.58 -2.98 0.03)
[pcd_ndt_localizer-1] [INFO] [1786513532.910596005] [pcd_ndt_localizer]: NDT ok fitness=0.0816 pose=(1.58 -2.97 0.03)
[pcd_ndt_localizer-1] [INFO] [1786513533.946382478] [pcd_ndt_localizer]: NDT ok fitness=0.0816 pose=(1.58 -2.98 0.03)
[pcd_ndt_localizer-1] [INFO] [1786513535.071977058] [pcd_ndt_localizer]: NDT ok fitness=0.0825 pose=(1.58 -2.98 0.03)
[pcd_ndt_localizer-1] [INFO] [1786513536.158273161] [pcd_ndt_localizer]: NDT ok fitness=0.0822 pose=(1.57 -2.98 0.03)
[pcd_ndt_localizer-1] [INFO] [1786513537.205484394] [pcd_ndt_localizer]: NDT ok fitness=0.0818 pose=(1.58 -2.98 0.03)
[pcd_ndt_localizer-1] [INFO] [1786513538.207351574] [pcd_ndt_localizer]: NDT ok fitness=0.0836 pose=(1.58 -2.98 0.03)
[pcd_ndt_localizer-1] [INFO] [1786513539.254071078] [pcd_ndt_localizer]: NDT ok fitness=0.0828 pose=(1.57 -2.98 0.03)
[pcd_ndt_localizer-1] [INFO] [1786513540.378875329] [pcd_ndt_localizer]: NDT ok fitness=0.0815 pose=(1.58 -2.97 0.03)
[pcd_ndt_localizer-1] [INFO] [1786513541.529232996] [pcd_ndt_localizer]: NDT ok fitness=0.0842 pose=(1.57 -2.97 0.03)
[pcd_ndt_localizer-1] [INFO] [1786513542.843379350] [pcd_ndt_localizer]: NDT ok fitness=0.0833 pose=(1.57 -2.97 0.03)
[pcd_ndt_localizer-1] [INFO] [1786513543.917809046] [pcd_ndt_localizer]: NDT ok fitness=0.0814 pose=(1.58 -2.98 0.03)
[pcd_ndt_localizer-1] [INFO] [1786513545.170814284] [pcd_ndt_localizer]: NDT ok fitness=0.0830 pose=(1.57 -2.97 0.03)
[pcd_ndt_localizer-1] [INFO] [1786513546.215806595] [pcd_ndt_localizer]: NDT ok fitness=0.0830 pose=(1.58 -2.97 0.03)
[pcd_ndt_localizer-1] [INFO] [1786513547.241344443] [pcd_ndt_localizer]: NDT ok fitness=0.0827 pose=(1.58 -2.98 0.03)
[pcd_ndt_localizer-1] [INFO] [1786513548.254283443] [pcd_ndt_localizer]: NDT ok fitness=0.0826 pose=(1.57 -2.98 0.04)
[pcd_ndt_localizer-1] [INFO] [1786513549.255666768] [pcd_ndt_localizer]: NDT ok fitness=0.0821 pose=(1.58 -2.97 0.03)
[pcd_ndt_localizer-1] [INFO] [1786513550.546676488] [pcd_ndt_localizer]: NDT ok fitness=0.0818 pose=(1.58 -2.97 0.03)
[pcd_ndt_localizer-1] [INFO] [1786513551.615772121] [pcd_ndt_localizer]: NDT ok fitness=0.0832 pose=(1.57 -2.98 0.03)
[pcd_ndt_localizer-1] [INFO] [1786513552.692692459] [pcd_ndt_localizer]: NDT ok fitness=0.0832 pose=(1.57 -2.98 0.03)
[pcd_ndt_localizer-1] [INFO] [1786513553.827778200] [pcd_ndt_localizer]: NDT ok fitness=0.0836 pose=(1.58 -2.97 0.03)
[pcd_ndt_localizer-1] [INFO] [1786513554.896609952] [pcd_ndt_localizer]: NDT ok fitness=0.0829 pose=(1.57 -2.97 0.03)
[pcd_ndt_localizer-1] [INFO] [1786513555.972118244] [pcd_ndt_localizer]: NDT ok fitness=0.0820 pose=(1.58 -2.97 0.03)
[pcd_ndt_localizer-1] [INFO] [1786513556.975102677] [pcd_ndt_localizer]: NDT ok fitness=0.0829 pose=(1.57 -2.98 0.03)
[pcd_ndt_localizer-1] [INFO] [1786513558.012705466] [pcd_ndt_localizer]: NDT ok fitness=0.0833 pose=(1.57 -2.98 0.03)
[pcd_ndt_localizer-1] [INFO] [1786513559.026415564] [pcd_ndt_localizer]: NDT ok fitness=0.0827 pose=(1.58 -2.98 0.03)
[pcd_ndt_localizer-1] [INFO] [1786513560.108318818] [pcd_ndt_localizer]: NDT ok fitness=0.0834 pose=(1.57 -2.98 0.03)
[pcd_ndt_localizer-1] [INFO] [1786513561.234714129] [pcd_ndt_localizer]: NDT ok fitness=0.0831 pose=(1.58 -2.97 0.03)
[pcd_ndt_localizer-1] [INFO] [1786513562.433654323] [pcd_ndt_localizer]: NDT ok fitness=0.0838 pose=(1.57 -2.98 0.03)
[pcd_ndt_localizer-1] [INFO] [1786513563.616463586] [pcd_ndt_localizer]: NDT ok fitness=0.0818 pose=(1.58 -2.97 0.03)
[pcd_ndt_localizer-1] [INFO] [1786513564.672470948] [pcd_ndt_localizer]: NDT ok fitness=0.0836 pose=(1.58 -2.97 0.03)
[pcd_ndt_localizer-1] [INFO] [1786513565.888521754] [pcd_ndt_localizer]: NDT ok fitness=0.0820 pose=(1.58 -2.98 0.03)
[pcd_ndt_localizer-1] [INFO] [1786513566.959504745] [pcd_ndt_localizer]: NDT ok fitness=0.0830 pose=(1.58 -2.98 0.04)
[pcd_ndt_localizer-1] [INFO] [1786513568.288842638] [pcd_ndt_localizer]: NDT ok fitness=0.0823 pose=(1.57 -2.98 0.03)
[pcd_ndt_localizer-1] [INFO] [1786513569.298746851] [pcd_ndt_localizer]: NDT ok fitness=0.0828 pose=(1.58 -2.98 0.03)
[pcd_ndt_localizer-1] [INFO] [1786513570.484879040] [pcd_ndt_localizer]: NDT ok fitness=0.0837 pose=(1.57 -2.97 0.03)
[pcd_ndt_localizer-1] [INFO] [1786513571.567381258] [pcd_ndt_localizer]: NDT ok fitness=0.0835 pose=(1.58 -2.97 0.03)
[pcd_ndt_localizer-1] [INFO] [1786513572.773614012] [pcd_ndt_localizer]: NDT ok fitness=0.0823 pose=(1.58 -2.98 0.03)
[pcd_ndt_localizer-1] [INFO] [1786513573.871234680] [pcd_ndt_localizer]: NDT ok fitness=0.0825 pose=(1.58 -2.97 0.03)
[pcd_ndt_localizer-1] [INFO] [1786513574.967255167] [pcd_ndt_localizer]: NDT ok fitness=0.0815 pose=(1.57 -2.97 0.03)
[pcd_ndt_localizer-1] [INFO] [1786513576.036357136] [pcd_ndt_localizer]: NDT ok fitness=0.0825 pose=(1.58 -2.97 0.03)
[pcd_ndt_localizer-1] [INFO] [1786513577.217297698] [pcd_ndt_localizer]: NDT ok fitness=0.0816 pose=(1.57 -2.98 0.03)
[pcd_ndt_localizer-1] [INFO] [1786513578.329302263] [pcd_ndt_localizer]: NDT ok fitness=0.0825 pose=(1.57 -2.98 0.03)
[pcd_ndt_localizer-1] [INFO] [1786513579.369713496] [pcd_ndt_localizer]: NDT ok fitness=0.0829 pose=(1.58 -2.98 0.03)
[pcd_ndt_localizer-1] [INFO] [1786513580.378238911] [pcd_ndt_localizer]: NDT ok fitness=0.0820 pose=(1.58 -2.97 0.03)
[pcd_ndt_localizer-1] [INFO] [1786513581.400028219] [pcd_ndt_localizer]: NDT ok fitness=0.0840 pose=(1.58 -2.97 0.03)
[pcd_ndt_localizer-1] [INFO] [1786513582.497325708] [pcd_ndt_localizer]: NDT ok fitness=0.0837 pose=(1.58 -2.97 0.03)
[pcd_ndt_localizer-1] [INFO] [1786513583.650753653] [pcd_ndt_localizer]: NDT ok fitness=0.0831 pose=(1.57 -2.98 0.03)
[pcd_ndt_localizer-1] [INFO] [1786513584.666951801] [pcd_ndt_localizer]: NDT ok fitness=0.0827 pose=(1.58 -2.97 0.03)
[pcd_ndt_localizer-1] [INFO] [1786513585.720031642] [pcd_ndt_localizer]: NDT ok fitness=0.0832 pose=(1.57 -2.98 0.03)
[pcd_ndt_localizer-1] [INFO] [1786513586.726351609] [pcd_ndt_localizer]: NDT ok fitness=0.0824 pose=(1.58 -2.98 0.03)
[pcd_ndt_localizer-1] [INFO] [1786513587.874116775] [pcd_ndt_localizer]: NDT ok fitness=0.0821 pose=(1.58 -2.97 0.04)
[pcd_ndt_localizer-1] [INFO] [1786513588.891141094] [pcd_ndt_localizer]: NDT ok fitness=0.0831 pose=(1.58 -2.98 0.03)
[pcd_ndt_localizer-1] [INFO] [1786513590.001635818] [pcd_ndt_localizer]: NDT ok fitness=0.0824 pose=(1.57 -2.97 0.03)
[pcd_ndt_localizer-1] [INFO] [1786513591.156630982] [pcd_ndt_localizer]: NDT ok fitness=0.0830 pose=(1.58 -2.98 0.03)
[pcd_ndt_localizer-1] [INFO] [1786513592.235035593] [pcd_ndt_localizer]: NDT ok fitness=0.0827 pose=(1.58 -2.98 0.04)
[pcd_ndt_localizer-1] [INFO] [1786513593.339424803] [pcd_ndt_localizer]: NDT ok fitness=0.0827 pose=(1.58 -2.97 0.03)
[pcd_ndt_localizer-1] [INFO] [1786513594.483702623] [pcd_ndt_localizer]: NDT ok fitness=0.0831 pose=(1.58 -2.97 0.03)
[pcd_ndt_localizer-1] [INFO] [1786513595.490676051] [pcd_ndt_localizer]: NDT ok fitness=0.0841 pose=(1.57 -2.98 0.03)
[pcd_ndt_localizer-1] [INFO] [1786513596.582569778] [pcd_ndt_localizer]: NDT ok fitness=0.0837 pose=(1.57 -2.97 0.04)
[pcd_ndt_localizer-1] [INFO] [1786513597.587644584] [pcd_ndt_localizer]: NDT ok fitness=0.0831 pose=(1.58 -2.98 0.03)
[pcd_ndt_localizer-1] [INFO] [1786513598.656510161] [pcd_ndt_localizer]: NDT ok fitness=0.0831 pose=(1.58 -2.97 0.03)
[pcd_ndt_localizer-1] [INFO] [1786513599.767824816] [pcd_ndt_localizer]: NDT ok fitness=0.0822 pose=(1.58 -2.98 0.03)
[pcd_ndt_localizer-1] [INFO] [1786513600.880647104] [pcd_ndt_localizer]: NDT ok fitness=0.0834 pose=(1.58 -2.98 0.03)
[pcd_ndt_localizer-1] [INFO] [1786513601.957161157] [pcd_ndt_localizer]: NDT ok fitness=0.0823 pose=(1.58 -2.98 0.03)
[pcd_ndt_localizer-1] [INFO] [1786513603.002141276] [pcd_ndt_localizer]: NDT ok fitness=0.0831 pose=(1.58 -2.97 0.03)
[pcd_ndt_localizer-1] [INFO] [1786513604.190825613] [pcd_ndt_localizer]: NDT ok fitness=0.0828 pose=(1.57 -2.98 0.04)
[pcd_ndt_localizer-1] [INFO] [1786513605.217575980] [pcd_ndt_localizer]: NDT ok fitness=0.0818 pose=(1.57 -2.97 0.03)
[pcd_ndt_localizer-1] [INFO] [1786513606.363458204] [pcd_ndt_localizer]: NDT ok fitness=0.0826 pose=(1.57 -2.98 0.03)
[pcd_ndt_localizer-1] [INFO] [1786513607.468482795] [pcd_ndt_localizer]: NDT ok fitness=0.0836 pose=(1.58 -2.97 0.03)
[pcd_ndt_localizer-1] [INFO] [1786513608.499980519] [pcd_ndt_localizer]: NDT ok fitness=0.0824 pose=(1.57 -2.97 0.03)
[pcd_ndt_localizer-1] [INFO] [1786513609.526408187] [pcd_ndt_localizer]: NDT ok fitness=0.0833 pose=(1.57 -2.98 0.03)
[pcd_ndt_localizer-1] [INFO] [1786513610.588918964] [pcd_ndt_localizer]: NDT ok fitness=0.0824 pose=(1.58 -2.98 0.03)
[pcd_ndt_localizer-1] [INFO] [1786513612.106245476] [pcd_ndt_localizer]: NDT ok fitness=0.0821 pose=(1.58 -2.97 0.03)
[pcd_ndt_localizer-1] [INFO] [1786513613.156892342] [pcd_ndt_localizer]: NDT ok fitness=0.0826 pose=(1.57 -2.98 0.03)
[pcd_ndt_localizer-1] [INFO] [1786513614.267254357] [pcd_ndt_localizer]: NDT ok fitness=0.0827 pose=(1.57 -2.98 0.03)
[pcd_ndt_localizer-1] [INFO] [1786513615.546939992] [pcd_ndt_localizer]: NDT ok fitness=0.0831 pose=(1.57 -2.98 0.04)
[pcd_ndt_localizer-1] [INFO] [1786513616.604372874] [pcd_ndt_localizer]: NDT ok fitness=0.0816 pose=(1.58 -2.98 0.03)
[pcd_ndt_localizer-1] [INFO] [1786513617.636857350] [pcd_ndt_localizer]: NDT ok fitness=0.0831 pose=(1.58 -2.98 0.03)
[pcd_ndt_localizer-1] [INFO] [1786513618.645901054] [pcd_ndt_localizer]: NDT ok fitness=0.0825 pose=(1.57 -2.98 0.03)
[pcd_ndt_localizer-1] [INFO] [1786513619.687755278] [pcd_ndt_localizer]: NDT ok fitness=0.0827 pose=(1.58 -2.98 0.03)
[pcd_ndt_localizer-1] [INFO] [1786513620.860251210] [pcd_ndt_localizer]: NDT ok fitness=0.0823 pose=(1.58 -2.98 0.03)
[pcd_ndt_localizer-1] [INFO] [1786513622.008307138] [pcd_ndt_localizer]: NDT ok fitness=0.0837 pose=(1.57 -2.98 0.03)
[pcd_ndt_localizer-1] [INFO] [1786513623.056514691] [pcd_ndt_localizer]: NDT ok fitness=0.0827 pose=(1.57 -2.98 0.03)
[pcd_ndt_localizer-1] [INFO] [1786513624.082676303] [pcd_ndt_localizer]: NDT ok fitness=0.0832 pose=(1.58 -2.97 0.03)
[pcd_ndt_localizer-1] [INFO] [1786513625.158438619] [pcd_ndt_localizer]: NDT ok fitness=0.0820 pose=(1.58 -2.98 0.03)
[pcd_ndt_localizer-1] [INFO] [1786513626.364778097] [pcd_ndt_localizer]: NDT ok fitness=0.0842 pose=(1.58 -2.97 0.03)
[pcd_ndt_localizer-1] [INFO] [1786513627.419801171] [pcd_ndt_localizer]: NDT ok fitness=0.0826 pose=(1.58 -2.98 0.03)
[pcd_ndt_localizer-1] [INFO] [1786513628.458098670] [pcd_ndt_localizer]: NDT ok fitness=0.0834 pose=(1.58 -2.98 0.03)
[pcd_ndt_localizer-1] [INFO] [1786513629.568249670] [pcd_ndt_localizer]: NDT ok fitness=0.0832 pose=(1.58 -2.98 0.04)
[pcd_ndt_localizer-1] [INFO] [1786513630.585568495] [pcd_ndt_localizer]: NDT ok fitness=0.0833 pose=(1.58 -2.98 0.03)
[pcd_ndt_localizer-1] [INFO] [1786513631.587593761] [pcd_ndt_localizer]: NDT ok fitness=0.0826 pose=(1.57 -2.98 0.03)
[pcd_ndt_localizer-1] [INFO] [1786513632.608316602] [pcd_ndt_localizer]: NDT ok fitness=0.0832 pose=(1.57 -2.98 0.03)
[pcd_ndt_localizer-1] [INFO] [1786513633.632284157] [pcd_ndt_localizer]: NDT ok fitness=0.0829 pose=(1.58 -2.98 0.03)
[pcd_ndt_localizer-1] [INFO] [1786513634.702693497] [pcd_ndt_localizer]: NDT ok fitness=0.0822 pose=(1.57 -2.97 0.03)
[pcd_ndt_localizer-1] [INFO] [1786513635.860882526] [pcd_ndt_localizer]: NDT ok fitness=0.0828 pose=(1.57 -2.97 0.03)
[pcd_ndt_localizer-1] [INFO] [1786513636.880117510] [pcd_ndt_localizer]: NDT ok fitness=0.0831 pose=(1.58 -2.97 0.03)
[pcd_ndt_localizer-1] [INFO] [1786513637.910546175] [pcd_ndt_localizer]: NDT ok fitness=0.0827 pose=(1.58 -2.98 0.03)
[pcd_ndt_localizer-1] [INFO] [1786513638.955532022] [pcd_ndt_localizer]: NDT ok fitness=0.0824 pose=(1.58 -2.98 0.03)
[pcd_ndt_localizer-1] [INFO] [1786513639.998918969] [pcd_ndt_localizer]: NDT ok fitness=0.0826 pose=(1.58 -2.98 0.03)
[pcd_ndt_localizer-1] [INFO] [1786513641.027322126] [pcd_ndt_localizer]: NDT ok fitness=0.0834 pose=(1.57 -2.97 0.03)
[pcd_ndt_localizer-1] [INFO] [1786513642.088469818] [pcd_ndt_localizer]: NDT ok fitness=0.0833 pose=(1.57 -2.97 0.03)
[pcd_ndt_localizer-1] [INFO] [1786513643.120092569] [pcd_ndt_localizer]: NDT ok fitness=0.0830 pose=(1.57 -2.98 0.03)
[pcd_ndt_localizer-1] [INFO] [1786513644.136895441] [pcd_ndt_localizer]: NDT ok fitness=0.0818 pose=(1.57 -2.98 0.03)
[pcd_ndt_localizer-1] [INFO] [1786513645.191898706] [pcd_ndt_localizer]: NDT ok fitness=0.0814 pose=(1.58 -2.98 0.03)
[pcd_ndt_localizer-1] [INFO] [1786513646.216269187] [pcd_ndt_localizer]: NDT ok fitness=0.0833 pose=(1.58 -2.97 0.03)
[pcd_ndt_localizer-1] [INFO] [1786513647.285719776] [pcd_ndt_localizer]: NDT ok fitness=0.0823 pose=(1.58 -2.98 0.03)
[pcd_ndt_localizer-1] [INFO] [1786513648.305652895] [pcd_ndt_localizer]: NDT ok fitness=0.0832 pose=(1.57 -2.97 0.03)
[pcd_ndt_localizer-1] [INFO] [1786513649.309040477] [pcd_ndt_localizer]: NDT ok fitness=0.0835 pose=(1.58 -2.97 0.03)
[pcd_ndt_localizer-1] [INFO] [1786513650.336546773] [pcd_ndt_localizer]: NDT ok fitness=0.0826 pose=(1.58 -2.98 0.04)
[pcd_ndt_localizer-1] [INFO] [1786513651.396812132] [pcd_ndt_localizer]: NDT ok fitness=0.0822 pose=(1.58 -2.98 0.03)
[pcd_ndt_localizer-1] [INFO] [1786513652.474062881] [pcd_ndt_localizer]: NDT ok fitness=0.0824 pose=(1.58 -2.98 0.03)
[pcd_ndt_localizer-1] [INFO] [1786513653.509081232] [pcd_ndt_localizer]: NDT ok fitness=0.0824 pose=(1.57 -2.97 0.03)
[pcd_ndt_localizer-1] [INFO] [1786513654.539490440] [pcd_ndt_localizer]: NDT ok fitness=0.0827 pose=(1.58 -2.97 0.03)
[pcd_ndt_localizer-1] [INFO] [1786513655.546674083] [pcd_ndt_localizer]: NDT ok fitness=0.0830 pose=(1.57 -2.98 0.03)
[pcd_ndt_localizer-1] [INFO] [1786513656.559260176] [pcd_ndt_localizer]: NDT ok fitness=0.0837 pose=(1.57 -2.98 0.03)
[pcd_ndt_localizer-1] [INFO] [1786513657.571078212] [pcd_ndt_localizer]: NDT ok fitness=0.0836 pose=(1.58 -2.97 0.03)
[pcd_ndt_localizer-1] [INFO] [1786513658.603503390] [pcd_ndt_localizer]: NDT ok fitness=0.0820 pose=(1.58 -2.97 0.03)
[pcd_ndt_localizer-1] [INFO] [1786513659.709118561] [pcd_ndt_localizer]: NDT ok fitness=0.0826 pose=(1.58 -2.97 0.03)
[pcd_ndt_localizer-1] [INFO] [1786513660.904405227] [pcd_ndt_localizer]: NDT ok fitness=0.0827 pose=(1.58 -2.98 0.03)
[pcd_ndt_localizer-1] [INFO] [1786513662.020639691] [pcd_ndt_localizer]: NDT ok fitness=0.0836 pose=(1.57 -2.97 0.04)
[pcd_ndt_localizer-1] [INFO] [1786513663.241279384] [pcd_ndt_localizer]: NDT ok fitness=0.0832 pose=(1.58 -2.98 0.03)
[pcd_ndt_localizer-1] [INFO] [1786513664.275400201] [pcd_ndt_localizer]: NDT ok fitness=0.0832 pose=(1.57 -2.98 0.03)
[pcd_ndt_localizer-1] [INFO] [1786513665.497980086] [pcd_ndt_localizer]: NDT ok fitness=0.0835 pose=(1.58 -2.97 0.04)
[pcd_ndt_localizer-1] [INFO] [1786513666.551170139] [pcd_ndt_localizer]: NDT ok fitness=0.0823 pose=(1.57 -2.97 0.03)
[pcd_ndt_localizer-1] [INFO] [1786513667.572453158] [pcd_ndt_localizer]: NDT ok fitness=0.0822 pose=(1.58 -2.98 0.03)
[pcd_ndt_localizer-1] [INFO] [1786513668.624282367] [pcd_ndt_localizer]: NDT ok fitness=0.0817 pose=(1.58 -2.97 0.03)
[pcd_ndt_localizer-1] [INFO] [1786513669.640963379] [pcd_ndt_localizer]: NDT ok fitness=0.0834 pose=(1.57 -2.97 0.03)
[pcd_ndt_localizer-1] [INFO] [1786513670.680119402] [pcd_ndt_localizer]: NDT ok fitness=0.0821 pose=(1.58 -2.97 0.03)
[pcd_ndt_localizer-1] [INFO] [1786513671.839071433] [pcd_ndt_localizer]: NDT ok fitness=0.0832 pose=(1.58 -2.98 0.03)
[pcd_ndt_localizer-1] [INFO] [1786513672.990043936] [pcd_ndt_localizer]: NDT ok fitness=0.0837 pose=(1.57 -2.98 0.04)
[pcd_ndt_localizer-1] [INFO] [1786513674.105695309] [pcd_ndt_localizer]: NDT ok fitness=0.0816 pose=(1.57 -2.98 0.03)
[pcd_ndt_localizer-1] [INFO] [1786513675.165800054] [pcd_ndt_localizer]: NDT ok fitness=0.0821 pose=(1.57 -2.98 0.03)
[pcd_ndt_localizer-1] [INFO] [1786513676.216955097] [pcd_ndt_localizer]: NDT ok fitness=0.0828 pose=(1.57 -2.98 0.03)
[pcd_ndt_localizer-1] [INFO] [1786513677.264676842] [pcd_ndt_localizer]: NDT ok fitness=0.0830 pose=(1.58 -2.98 0.03)
[pcd_ndt_localizer-1] [INFO] [1786513678.267645819] [pcd_ndt_localizer]: NDT ok fitness=0.0812 pose=(1.57 -2.98 0.03)
[pcd_ndt_localizer-1] [INFO] [1786513679.281420207] [pcd_ndt_localizer]: NDT ok fitness=0.0829 pose=(1.58 -2.97 0.03)
[pcd_ndt_localizer-1] [INFO] [1786513680.408002468] [pcd_ndt_localizer]: NDT ok fitness=0.0831 pose=(1.57 -2.98 0.03)
[pcd_ndt_localizer-1] [INFO] [1786513681.487362534] [pcd_ndt_localizer]: NDT ok fitness=0.0840 pose=(1.58 -2.98 0.04)
[pcd_ndt_localizer-1] [INFO] [1786513682.532255931] [pcd_ndt_localizer]: NDT ok fitness=0.0830 pose=(1.58 -2.98 0.03)
[pcd_ndt_localizer-1] [INFO] [1786513683.608637019] [pcd_ndt_localizer]: NDT ok fitness=0.0813 pose=(1.58 -2.97 0.03)
[pcd_ndt_localizer-1] [INFO] [1786513684.636153524] [pcd_ndt_localizer]: NDT ok fitness=0.0846 pose=(1.57 -2.98 0.03)
[pcd_ndt_localizer-1] [INFO] [1786513685.792286069] [pcd_ndt_localizer]: NDT ok fitness=0.0815 pose=(1.58 -2.97 0.03)
[pcd_ndt_localizer-1] [INFO] [1786513686.845120431] [pcd_ndt_localizer]: NDT ok fitness=0.0823 pose=(1.57 -2.98 0.03)
[pcd_ndt_localizer-1] [INFO] [1786513687.926285005] [pcd_ndt_localizer]: NDT ok fitness=0.0824 pose=(1.58 -2.98 0.03)
[pcd_ndt_localizer-1] [INFO] [1786513688.990473404] [pcd_ndt_localizer]: NDT ok fitness=0.0817 pose=(1.58 -2.98 0.03)
[pcd_ndt_localizer-1] [INFO] [1786513690.001475605] [pcd_ndt_localizer]: NDT ok fitness=0.0820 pose=(1.58 -2.98 0.03)
[pcd_ndt_localizer-1] [INFO] [1786513691.083943198] [pcd_ndt_localizer]: NDT ok fitness=0.0828 pose=(1.58 -2.97 0.03)
[pcd_ndt_localizer-1] [INFO] [1786513692.142384145] [pcd_ndt_localizer]: NDT ok fitness=0.0827 pose=(1.58 -2.98 0.03)
[pcd_ndt_localizer-1] [INFO] [1786513693.188192195] [pcd_ndt_localizer]: NDT ok fitness=0.0828 pose=(1.58 -2.98 0.03)
[pcd_ndt_localizer-1] [INFO] [1786513694.203093180] [pcd_ndt_localizer]: NDT ok fitness=0.0835 pose=(1.58 -2.97 0.03)
[pcd_ndt_localizer-1] [INFO] [1786513695.364410760] [pcd_ndt_localizer]: NDT ok fitness=0.0821 pose=(1.58 -2.97 0.03)
[pcd_ndt_localizer-1] [INFO] [1786513696.379795506] [pcd_ndt_localizer]: NDT ok fitness=0.0838 pose=(1.57 -2.98 0.03)
[pcd_ndt_localizer-1] [INFO] [1786513697.444972321] [pcd_ndt_localizer]: NDT ok fitness=0.0827 pose=(1.58 -2.97 0.04)
[pcd_ndt_localizer-1] [INFO] [1786513698.541780514] [pcd_ndt_localizer]: NDT ok fitness=0.0829 pose=(1.58 -2.97 0.03)
[pcd_ndt_localizer-1] [INFO] [1786513699.691675991] [pcd_ndt_localizer]: NDT ok fitness=0.0830 pose=(1.57 -2.97 0.03)
[pcd_ndt_localizer-1] [INFO] [1786513700.725866795] [pcd_ndt_localizer]: NDT ok fitness=0.0834 pose=(1.58 -2.97 0.03)
[pcd_ndt_localizer-1] [INFO] [1786513701.760345864] [pcd_ndt_localizer]: NDT ok fitness=0.0827 pose=(1.58 -2.98 0.03)
[pcd_ndt_localizer-1] [INFO] [1786513702.856871072] [pcd_ndt_localizer]: NDT ok fitness=0.0825 pose=(1.58 -2.98 0.03)
[pcd_ndt_localizer-1] [INFO] [1786513704.252443721] [pcd_ndt_localizer]: NDT ok fitness=0.0831 pose=(1.57 -2.97 0.03)
[pcd_ndt_localizer-1] [INFO] [1786513705.292581953] [pcd_ndt_localizer]: NDT ok fitness=0.0827 pose=(1.58 -2.98 0.03)
[pcd_ndt_localizer-1] [INFO] [1786513706.427926102] [pcd_ndt_localizer]: NDT ok fitness=0.0824 pose=(1.58 -2.97 0.03)
[pcd_ndt_localizer-1] [INFO] [1786513707.461370482] [pcd_ndt_localizer]: NDT ok fitness=0.0823 pose=(1.58 -2.97 0.03)
[pcd_ndt_localizer-1] [INFO] [1786513708.508744344] [pcd_ndt_localizer]: NDT ok fitness=0.0836 pose=(1.58 -2.97 0.03)
[pcd_ndt_localizer-1] [INFO] [1786513709.671741499] [pcd_ndt_localizer]: NDT ok fitness=0.0831 pose=(1.57 -2.97 0.03)
[pcd_ndt_localizer-1] [INFO] [1786513710.719255974] [pcd_ndt_localizer]: NDT ok fitness=0.0826 pose=(1.57 -2.97 0.03)
[pcd_ndt_localizer-1] [INFO] [1786513711.920176809] [pcd_ndt_localizer]: NDT ok fitness=0.0830 pose=(1.57 -2.98 0.03)
[pcd_ndt_localizer-1] [INFO] [1786513712.946771971] [pcd_ndt_localizer]: NDT ok fitness=0.0835 pose=(1.57 -2.97 0.04)
[pcd_ndt_localizer-1] [INFO] [1786513713.969538976] [pcd_ndt_localizer]: NDT ok fitness=0.0828 pose=(1.58 -2.97 0.04)
[pcd_ndt_localizer-1] [INFO] [1786513715.116716730] [pcd_ndt_localizer]: NDT ok fitness=0.0816 pose=(1.58 -2.98 0.03)
[pcd_ndt_localizer-1] [INFO] [1786513716.289083442] [pcd_ndt_localizer]: NDT ok fitness=0.0838 pose=(1.58 -2.97 0.03)
[pcd_ndt_localizer-1] [INFO] [1786513717.475106315] [pcd_ndt_localizer]: NDT ok fitness=0.0833 pose=(1.57 -2.98 0.04)
[pcd_ndt_localizer-1] [INFO] [1786513718.557660759] [pcd_ndt_localizer]: NDT ok fitness=0.0829 pose=(1.57 -2.98 0.04)
[pcd_ndt_localizer-1] [INFO] [1786513719.684546166] [pcd_ndt_localizer]: NDT ok fitness=0.0815 pose=(1.58 -2.97 0.03)
[pcd_ndt_localizer-1] [INFO] [1786513720.725207199] [pcd_ndt_localizer]: NDT ok fitness=0.0821 pose=(1.57 -2.98 0.03)
[pcd_ndt_localizer-1] [INFO] [1786513721.838159955] [pcd_ndt_localizer]: NDT ok fitness=0.0838 pose=(1.58 -2.97 0.03)
[pcd_ndt_localizer-1] [INFO] [1786513722.992073259] [pcd_ndt_localizer]: NDT ok fitness=0.0842 pose=(1.57 -2.97 0.03)
[pcd_ndt_localizer-1] [INFO] [1786513724.130935092] [pcd_ndt_localizer]: NDT ok fitness=0.0825 pose=(1.58 -2.98 0.03)
[pcd_ndt_localizer-1] [INFO] [1786513725.281437148] [pcd_ndt_localizer]: NDT ok fitness=0.0828 pose=(1.58 -2.98 0.03)
[pcd_ndt_localizer-1] [INFO] [1786513726.285858013] [pcd_ndt_localizer]: NDT ok fitness=0.0835 pose=(1.58 -2.97 0.03)
[pcd_ndt_localizer-1] [INFO] [1786513727.476200420] [pcd_ndt_localizer]: NDT ok fitness=0.0833 pose=(1.58 -2.97 0.03)
[pcd_ndt_localizer-1] [INFO] [1786513728.609438740] [pcd_ndt_localizer]: NDT ok fitness=0.0832 pose=(1.58 -2.98 0.03)
[pcd_ndt_localizer-1] [INFO] [1786513729.775614008] [pcd_ndt_localizer]: NDT ok fitness=0.0834 pose=(1.58 -2.98 0.03)
[pcd_ndt_localizer-1] [INFO] [1786513730.812811200] [pcd_ndt_localizer]: NDT ok fitness=0.0832 pose=(1.58 -2.98 0.03)
[pcd_ndt_localizer-1] [INFO] [1786513731.828276901] [pcd_ndt_localizer]: NDT ok fitness=0.0829 pose=(1.57 -2.97 0.03)
[pcd_ndt_localizer-1] [INFO] [1786513732.867571477] [pcd_ndt_localizer]: NDT ok fitness=0.0827 pose=(1.57 -2.98 0.03)
[pcd_ndt_localizer-1] [INFO] [1786513733.926119605] [pcd_ndt_localizer]: NDT ok fitness=0.0831 pose=(1.58 -2.98 0.03)
[pcd_ndt_localizer-1] [INFO] [1786513735.067935914] [pcd_ndt_localizer]: NDT ok fitness=0.0822 pose=(1.58 -2.98 0.03)
[pcd_ndt_localizer-1] [INFO] [1786513736.217288896] [pcd_ndt_localizer]: NDT ok fitness=0.0832 pose=(1.58 -2.98 0.03)
[pcd_ndt_localizer-1] [INFO] [1786513737.257876380] [pcd_ndt_localizer]: NDT ok fitness=0.0823 pose=(1.58 -2.97 0.03)
[pcd_ndt_localizer-1] [INFO] [1786513738.305014423] [pcd_ndt_localizer]: NDT ok fitness=0.0834 pose=(1.58 -2.98 0.03)
[pcd_ndt_localizer-1] [INFO] [1786513739.322041329] [pcd_ndt_localizer]: NDT ok fitness=0.0827 pose=(1.58 -2.97 0.03)
[pcd_ndt_localizer-1] [INFO] [1786513740.396014142] [pcd_ndt_localizer]: NDT ok fitness=0.0827 pose=(1.58 -2.97 0.03)
[pcd_ndt_localizer-1] [INFO] [1786513741.600564141] [pcd_ndt_localizer]: NDT ok fitness=0.0829 pose=(1.58 -2.98 0.03)
[pcd_ndt_localizer-1] [INFO] [1786513742.637301510] [pcd_ndt_localizer]: NDT ok fitness=0.0828 pose=(1.57 -2.98 0.04)
[pcd_ndt_localizer-1] [INFO] [1786513743.657736883] [pcd_ndt_localizer]: NDT ok fitness=0.0823 pose=(1.58 -2.98 0.03)
[pcd_ndt_localizer-1] [INFO] [1786513744.740092446] [pcd_ndt_localizer]: NDT ok fitness=0.0838 pose=(1.57 -2.97 0.03)
[pcd_ndt_localizer-1] [INFO] [1786513745.749418450] [pcd_ndt_localizer]: NDT ok fitness=0.0831 pose=(1.58 -2.98 0.03)
[pcd_ndt_localizer-1] [INFO] [1786513746.894023174] [pcd_ndt_localizer]: NDT ok fitness=0.0827 pose=(1.57 -2.98 0.04)
[pcd_ndt_localizer-1] [INFO] [1786513747.918872906] [pcd_ndt_localizer]: NDT ok fitness=0.0831 pose=(1.57 -2.98 0.03)
[pcd_ndt_localizer-1] [INFO] [1786513748.968633950] [pcd_ndt_localizer]: NDT ok fitness=0.0821 pose=(1.58 -2.98 0.03)
[pcd_ndt_localizer-1] [INFO] [1786513750.023333819] [pcd_ndt_localizer]: NDT ok fitness=0.0844 pose=(1.57 -2.98 0.03)
[pcd_ndt_localizer-1] [INFO] [1786513751.099458194] [pcd_ndt_localizer]: NDT ok fitness=0.0822 pose=(1.58 -2.97 0.03)
[pcd_ndt_localizer-1] [INFO] [1786513752.147911866] [pcd_ndt_localizer]: NDT ok fitness=0.0828 pose=(1.58 -2.97 0.04)
[pcd_ndt_localizer-1] [INFO] [1786513753.321250113] [pcd_ndt_localizer]: NDT ok fitness=0.0831 pose=(1.58 -2.98 0.03)
[pcd_ndt_localizer-1] [INFO] [1786513754.333976968] [pcd_ndt_localizer]: NDT ok fitness=0.0825 pose=(1.58 -2.97 0.03)
[pcd_ndt_localizer-1] [INFO] [1786513755.345742062] [pcd_ndt_localizer]: NDT ok fitness=0.0821 pose=(1.58 -2.97 0.03)
[pcd_ndt_localizer-1] [INFO] [1786513756.349437442] [pcd_ndt_localizer]: NDT ok fitness=0.0827 pose=(1.57 -2.98 0.03)
[pcd_ndt_localizer-1] [INFO] [1786513757.540024276] [pcd_ndt_localizer]: NDT ok fitness=0.0840 pose=(1.57 -2.97 0.04)
[pcd_ndt_localizer-1] [INFO] [1786513758.571858886] [pcd_ndt_localizer]: NDT ok fitness=0.0826 pose=(1.58 -2.98 0.03)
[pcd_ndt_localizer-1] [INFO] [1786513759.639764133] [pcd_ndt_localizer]: NDT ok fitness=0.0824 pose=(1.57 -2.97 0.03)
[pcd_ndt_localizer-1] [INFO] [1786513760.722440955] [pcd_ndt_localizer]: NDT ok fitness=0.0815 pose=(1.58 -2.98 0.03)
[pcd_ndt_localizer-1] [INFO] [1786513761.728368923] [pcd_ndt_localizer]: NDT ok fitness=0.0833 pose=(1.58 -2.97 0.03)
[pcd_ndt_localizer-1] [INFO] [1786513762.901011754] [pcd_ndt_localizer]: NDT ok fitness=0.0831 pose=(1.57 -2.98 0.03)
[pcd_ndt_localizer-1] [INFO] [1786513764.039019549] [pcd_ndt_localizer]: NDT ok fitness=0.0828 pose=(1.58 -2.98 0.04)
[pcd_ndt_localizer-1] [INFO] [1786513765.115714471] [pcd_ndt_localizer]: NDT ok fitness=0.0822 pose=(1.57 -2.97 0.03)
[pcd_ndt_localizer-1] [INFO] [1786513766.170546889] [pcd_ndt_localizer]: NDT ok fitness=0.0831 pose=(1.58 -2.97 0.03)
[pcd_ndt_localizer-1] [INFO] [1786513767.192519659] [pcd_ndt_localizer]: NDT ok fitness=0.0834 pose=(1.57 -2.98 0.03)
[pcd_ndt_localizer-1] [INFO] [1786513768.336859510] [pcd_ndt_localizer]: NDT ok fitness=0.0834 pose=(1.57 -2.98 0.03)
[pcd_ndt_localizer-1] [INFO] [1786513769.391913535] [pcd_ndt_localizer]: NDT ok fitness=0.0821 pose=(1.58 -2.97 0.03)
[pcd_ndt_localizer-1] [INFO] [1786513770.581772473] [pcd_ndt_localizer]: NDT ok fitness=0.0826 pose=(1.58 -2.97 0.04)
[pcd_ndt_localizer-1] [INFO] [1786513771.656168149] [pcd_ndt_localizer]: NDT ok fitness=0.0832 pose=(1.58 -2.97 0.03)
[pcd_ndt_localizer-1] [INFO] [1786513772.767289588] [pcd_ndt_localizer]: NDT ok fitness=0.0829 pose=(1.57 -2.97 0.03)
[pcd_ndt_localizer-1] [INFO] [1786513773.813753784] [pcd_ndt_localizer]: NDT ok fitness=0.0828 pose=(1.58 -2.97 0.03)
[pcd_ndt_localizer-1] [INFO] [1786513774.898460244] [pcd_ndt_localizer]: NDT ok fitness=0.0836 pose=(1.57 -2.97 0.03)
[pcd_ndt_localizer-1] [INFO] [1786513775.957541734] [pcd_ndt_localizer]: NDT ok fitness=0.0830 pose=(1.57 -2.98 0.03)
[pcd_ndt_localizer-1] [INFO] [1786513777.023937073] [pcd_ndt_localizer]: NDT ok fitness=0.0830 pose=(1.58 -2.98 0.03)
[pcd_ndt_localizer-1] [INFO] [1786513778.039907207] [pcd_ndt_localizer]: NDT ok fitness=0.0821 pose=(1.57 -2.98 0.04)
[pcd_ndt_localizer-1] [INFO] [1786513779.119669946] [pcd_ndt_localizer]: NDT ok fitness=0.0817 pose=(1.57 -2.97 0.03)
[pcd_ndt_localizer-1] [INFO] [1786513780.158338421] [pcd_ndt_localizer]: NDT ok fitness=0.0816 pose=(1.57 -2.98 0.03)
[pcd_ndt_localizer-1] [INFO] [1786513781.286359764] [pcd_ndt_localizer]: NDT ok fitness=0.0831 pose=(1.58 -2.98 0.03)
[pcd_ndt_localizer-1] [INFO] [1786513782.369296947] [pcd_ndt_localizer]: NDT ok fitness=0.0820 pose=(1.58 -2.98 0.03)
[pcd_ndt_localizer-1] [INFO] [1786513783.528868548] [pcd_ndt_localizer]: NDT ok fitness=0.0840 pose=(1.58 -2.97 0.04)
[pcd_ndt_localizer-1] [INFO] [1786513784.552968367] [pcd_ndt_localizer]: NDT ok fitness=0.0824 pose=(1.58 -2.98 0.03)
[pcd_ndt_localizer-1] [INFO] [1786513785.706169448] [pcd_ndt_localizer]: NDT ok fitness=0.0835 pose=(1.57 -2.98 0.04)
[pcd_ndt_localizer-1] [INFO] [1786513786.745228112] [pcd_ndt_localizer]: NDT ok fitness=0.0837 pose=(1.57 -2.98 0.03)
[pcd_ndt_localizer-1] [INFO] [1786513787.824006817] [pcd_ndt_localizer]: NDT ok fitness=0.0833 pose=(1.57 -2.98 0.03)
[pcd_ndt_localizer-1] [INFO] [1786513788.829254601] [pcd_ndt_localizer]: NDT ok fitness=0.0827 pose=(1.57 -2.98 0.03)
[pcd_ndt_localizer-1] [INFO] [1786513789.930240655] [pcd_ndt_localizer]: NDT ok fitness=0.0830 pose=(1.58 -2.97 0.03)
[pcd_ndt_localizer-1] [INFO] [1786513791.062537600] [pcd_ndt_localizer]: NDT ok fitness=0.0821 pose=(1.58 -2.97 0.03)
[pcd_ndt_localizer-1] [INFO] [1786513792.134614861] [pcd_ndt_localizer]: NDT ok fitness=0.0814 pose=(1.58 -2.97 0.03)
[pcd_ndt_localizer-1] [INFO] [1786513793.264772341] [pcd_ndt_localizer]: NDT ok fitness=0.0842 pose=(1.58 -2.97 0.03)
[pcd_ndt_localizer-1] [INFO] [1786513794.452010805] [pcd_ndt_localizer]: NDT ok fitness=0.0821 pose=(1.57 -2.97 0.04)
[pcd_ndt_localizer-1] [INFO] [1786513795.571956961] [pcd_ndt_localizer]: NDT ok fitness=0.0829 pose=(1.58 -2.98 0.04)
[pcd_ndt_localizer-1] [INFO] [1786513796.623386543] [pcd_ndt_localizer]: NDT ok fitness=0.0831 pose=(1.57 -2.98 0.03)
[pcd_ndt_localizer-1] [INFO] [1786513797.704741656] [pcd_ndt_localizer]: NDT ok fitness=0.0816 pose=(1.58 -2.98 0.03)
[pcd_ndt_localizer-1] [INFO] [1786513798.725287881] [pcd_ndt_localizer]: NDT ok fitness=0.0832 pose=(1.58 -2.98 0.03)
[pcd_ndt_localizer-1] [INFO] [1786513799.849351041] [pcd_ndt_localizer]: NDT ok fitness=0.0835 pose=(1.58 -2.97 0.03)
[pcd_ndt_localizer-1] [INFO] [1786513800.944584899] [pcd_ndt_localizer]: NDT ok fitness=0.0824 pose=(1.58 -2.98 0.03)
[pcd_ndt_localizer-1] [INFO] [1786513802.009340855] [pcd_ndt_localizer]: NDT ok fitness=0.0821 pose=(1.58 -2.97 0.03)
[pcd_ndt_localizer-1] [INFO] [1786513803.085255527] [pcd_ndt_localizer]: NDT ok fitness=0.0820 pose=(1.57 -2.97 0.03)
[pcd_ndt_localizer-1] [INFO] [1786513804.115374046] [pcd_ndt_localizer]: NDT ok fitness=0.0822 pose=(1.57 -2.97 0.04)
[pcd_ndt_localizer-1] [INFO] [1786513805.142746936] [pcd_ndt_localizer]: NDT ok fitness=0.0825 pose=(1.58 -2.98 0.03)
[pcd_ndt_localizer-1] [INFO] [1786513806.187657608] [pcd_ndt_localizer]: NDT ok fitness=0.0845 pose=(1.57 -2.98 0.03)
[pcd_ndt_localizer-1] [INFO] [1786513807.222296313] [pcd_ndt_localizer]: NDT ok fitness=0.0828 pose=(1.58 -2.97 0.03)
[pcd_ndt_localizer-1] [INFO] [1786513808.265004158] [pcd_ndt_localizer]: NDT ok fitness=0.0834 pose=(1.58 -2.97 0.03)
[pcd_ndt_localizer-1] [INFO] [1786513809.318317867] [pcd_ndt_localizer]: NDT ok fitness=0.0821 pose=(1.58 -2.98 0.03)
[pcd_ndt_localizer-1] [INFO] [1786513810.351409288] [pcd_ndt_localizer]: NDT ok fitness=0.0829 pose=(1.57 -2.98 0.03)
[pcd_ndt_localizer-1] [INFO] [1786513811.361538615] [pcd_ndt_localizer]: NDT ok fitness=0.0825 pose=(1.58 -2.97 0.03)
[pcd_ndt_localizer-1] [INFO] [1786513812.385968780] [pcd_ndt_localizer]: NDT ok fitness=0.0829 pose=(1.58 -2.98 0.03)
[pcd_ndt_localizer-1] [INFO] [1786513813.529237459] [pcd_ndt_localizer]: NDT ok fitness=0.0828 pose=(1.58 -2.97 0.04)
[pcd_ndt_localizer-1] [INFO] [1786513814.541116797] [pcd_ndt_localizer]: NDT ok fitness=0.0814 pose=(1.58 -2.98 0.03)
[pcd_ndt_localizer-1] [INFO] [1786513815.585021994] [pcd_ndt_localizer]: NDT ok fitness=0.0830 pose=(1.58 -2.97 0.03)
[pcd_ndt_localizer-1] [INFO] [1786513816.616427118] [pcd_ndt_localizer]: NDT ok fitness=0.0832 pose=(1.58 -2.98 0.03)
[pcd_ndt_localizer-1] [INFO] [1786513817.622476977] [pcd_ndt_localizer]: NDT ok fitness=0.0823 pose=(1.58 -2.98 0.03)
[pcd_ndt_localizer-1] [INFO] [1786513818.687766711] [pcd_ndt_localizer]: NDT ok fitness=0.0817 pose=(1.58 -2.97 0.03)
[pcd_ndt_localizer-1] [INFO] [1786513819.726096678] [pcd_ndt_localizer]: NDT ok fitness=0.0816 pose=(1.58 -2.98 0.03)
[pcd_ndt_localizer-1] [INFO] [1786513820.740680524] [pcd_ndt_localizer]: NDT ok fitness=0.0833 pose=(1.57 -2.98 0.03)
[pcd_ndt_localizer-1] [INFO] [1786513821.741559168] [pcd_ndt_localizer]: NDT ok fitness=0.0834 pose=(1.58 -2.98 0.03)
[pcd_ndt_localizer-1] [INFO] [1786513822.873708107] [pcd_ndt_localizer]: NDT ok fitness=0.0832 pose=(1.57 -2.98 0.04)
[pcd_ndt_localizer-1] [INFO] [1786513823.882001019] [pcd_ndt_localizer]: NDT ok fitness=0.0840 pose=(1.58 -2.97 0.03)
[pcd_ndt_localizer-1] [INFO] [1786513824.904701270] [pcd_ndt_localizer]: NDT ok fitness=0.0821 pose=(1.57 -2.98 0.04)
[pcd_ndt_localizer-1] [INFO] [1786513825.945110444] [pcd_ndt_localizer]: NDT ok fitness=0.0823 pose=(1.58 -2.97 0.03)
[pcd_ndt_localizer-1] [INFO] [1786513827.014421307] [pcd_ndt_localizer]: NDT ok fitness=0.0827 pose=(1.57 -2.98 0.03)
[pcd_ndt_localizer-1] [INFO] [1786513828.063949256] [pcd_ndt_localizer]: NDT ok fitness=0.0826 pose=(1.58 -2.97 0.03)
[pcd_ndt_localizer-1] [INFO] [1786513829.120250363] [pcd_ndt_localizer]: NDT ok fitness=0.0836 pose=(1.57 -2.98 0.03)
[pcd_ndt_localizer-1] [INFO] [1786513830.122010637] [pcd_ndt_localizer]: NDT ok fitness=0.0831 pose=(1.58 -2.98 0.03)
[pcd_ndt_localizer-1] [INFO] [1786513831.245829500] [pcd_ndt_localizer]: NDT ok fitness=0.0831 pose=(1.58 -2.98 0.03)
[pcd_ndt_localizer-1] [INFO] [1786513832.331328403] [pcd_ndt_localizer]: NDT ok fitness=0.0824 pose=(1.58 -2.97 0.03)
[pcd_ndt_localizer-1] [INFO] [1786513833.334838624] [pcd_ndt_localizer]: NDT ok fitness=0.0825 pose=(1.58 -2.97 0.03)
[pcd_ndt_localizer-1] [INFO] [1786513834.492541042] [pcd_ndt_localizer]: NDT ok fitness=0.0833 pose=(1.58 -2.97 0.04)
[pcd_ndt_localizer-1] [INFO] [1786513835.618696561] [pcd_ndt_localizer]: NDT ok fitness=0.0831 pose=(1.57 -2.98 0.03)
[pcd_ndt_localizer-1] [INFO] [1786513836.757415517] [pcd_ndt_localizer]: NDT ok fitness=0.0827 pose=(1.58 -2.97 0.03)
[pcd_ndt_localizer-1] [INFO] [1786513837.937444936] [pcd_ndt_localizer]: NDT ok fitness=0.0819 pose=(1.58 -2.97 0.03)
[pcd_ndt_localizer-1] [INFO] [1786513838.956464933] [pcd_ndt_localizer]: NDT ok fitness=0.0819 pose=(1.57 -2.98 0.03)
[pcd_ndt_localizer-1] [INFO] [1786513840.137695449] [pcd_ndt_localizer]: NDT ok fitness=0.0845 pose=(1.58 -2.97 0.03)
[pcd_ndt_localizer-1] [INFO] [1786513841.231576173] [pcd_ndt_localizer]: NDT ok fitness=0.0824 pose=(1.58 -2.97 0.03)
[pcd_ndt_localizer-1] [INFO] [1786513842.334236172] [pcd_ndt_localizer]: NDT ok fitness=0.0832 pose=(1.57 -2.98 0.03)
[pcd_ndt_localizer-1] [INFO] [1786513843.380340452] [pcd_ndt_localizer]: NDT ok fitness=0.0829 pose=(1.57 -2.97 0.03)
[pcd_ndt_localizer-1] [INFO] [1786513844.387540463] [pcd_ndt_localizer]: NDT ok fitness=0.0828 pose=(1.57 -2.97 0.03)
[pcd_ndt_localizer-1] [INFO] [1786513845.418049875] [pcd_ndt_localizer]: NDT ok fitness=0.0836 pose=(1.58 -2.98 0.03)
[pcd_ndt_localizer-1] [INFO] [1786513846.470255419] [pcd_ndt_localizer]: NDT ok fitness=0.0816 pose=(1.58 -2.98 0.03)
[pcd_ndt_localizer-1] [INFO] [1786513847.481764921] [pcd_ndt_localizer]: NDT ok fitness=0.0828 pose=(1.58 -2.97 0.03)
[pcd_ndt_localizer-1] [INFO] [1786513848.596133063] [pcd_ndt_localizer]: NDT ok fitness=0.0835 pose=(1.57 -2.97 0.03)
[pcd_ndt_localizer-1] [INFO] [1786513849.624256858] [pcd_ndt_localizer]: NDT ok fitness=0.0821 pose=(1.57 -2.97 0.03)
[pcd_ndt_localizer-1] [INFO] [1786513850.667325195] [pcd_ndt_localizer]: NDT ok fitness=0.0832 pose=(1.58 -2.97 0.03)
[pcd_ndt_localizer-1] [INFO] [1786513851.679307833] [pcd_ndt_localizer]: NDT ok fitness=0.0836 pose=(1.58 -2.97 0.03)
[pcd_ndt_localizer-1] [INFO] [1786513852.824856493] [pcd_ndt_localizer]: NDT ok fitness=0.0827 pose=(1.58 -2.98 0.03)
[pcd_ndt_localizer-1] [INFO] [1786513854.004117278] [pcd_ndt_localizer]: NDT ok fitness=0.0836 pose=(1.58 -2.98 0.03)
[pcd_ndt_localizer-1] [INFO] [1786513855.148405095] [pcd_ndt_localizer]: NDT ok fitness=0.0829 pose=(1.58 -2.98 0.03)
[pcd_ndt_localizer-1] [INFO] [1786513856.154946843] [pcd_ndt_localizer]: NDT ok fitness=0.0826 pose=(1.57 -2.98 0.03)
[pcd_ndt_localizer-1] [INFO] [1786513857.257924133] [pcd_ndt_localizer]: NDT ok fitness=0.0827 pose=(1.58 -2.97 0.04)
[pcd_ndt_localizer-1] [INFO] [1786513858.442412872] [pcd_ndt_localizer]: NDT ok fitness=0.0830 pose=(1.58 -2.97 0.04)
[pcd_ndt_localizer-1] [INFO] [1786513859.559970351] [pcd_ndt_localizer]: NDT ok fitness=0.0839 pose=(1.58 -2.97 0.04)
[pcd_ndt_localizer-1] [INFO] [1786513860.656963588] [pcd_ndt_localizer]: NDT ok fitness=0.0835 pose=(1.57 -2.97 0.03)
[pcd_ndt_localizer-1] [INFO] [1786513861.747544463] [pcd_ndt_localizer]: NDT ok fitness=0.0828 pose=(1.57 -2.97 0.03)
[pcd_ndt_localizer-1] [INFO] [1786513862.849036681] [pcd_ndt_localizer]: NDT ok fitness=0.0831 pose=(1.58 -2.98 0.04)
[pcd_ndt_localizer-1] [INFO] [1786513863.876330923] [pcd_ndt_localizer]: NDT ok fitness=0.0830 pose=(1.58 -2.97 0.03)
[pcd_ndt_localizer-1] [INFO] [1786513864.918963998] [pcd_ndt_localizer]: NDT ok fitness=0.0835 pose=(1.58 -2.98 0.03)
[pcd_ndt_localizer-1] [INFO] [1786513866.024069404] [pcd_ndt_localizer]: NDT ok fitness=0.0832 pose=(1.58 -2.98 0.03)
[pcd_ndt_localizer-1] [INFO] [1786513867.194402697] [pcd_ndt_localizer]: NDT ok fitness=0.0829 pose=(1.58 -2.98 0.03)
[pcd_ndt_localizer-1] [INFO] [1786513868.255473950] [pcd_ndt_localizer]: NDT ok fitness=0.0826 pose=(1.57 -2.97 0.03)
[pcd_ndt_localizer-1] [INFO] [1786513869.402358610] [pcd_ndt_localizer]: NDT ok fitness=0.0832 pose=(1.57 -2.97 0.03)
[pcd_ndt_localizer-1] [INFO] [1786513870.454728873] [pcd_ndt_localizer]: NDT ok fitness=0.0819 pose=(1.57 -2.97 0.03)
[pcd_ndt_localizer-1] [INFO] [1786513871.622941993] [pcd_ndt_localizer]: NDT ok fitness=0.0835 pose=(1.58 -2.98 0.04)
[pcd_ndt_localizer-1] [INFO] [1786513872.660085043] [pcd_ndt_localizer]: NDT ok fitness=0.0832 pose=(1.58 -2.98 0.03)
[pcd_ndt_localizer-1] [INFO] [1786513873.710870416] [pcd_ndt_localizer]: NDT ok fitness=0.0830 pose=(1.58 -2.97 0.03)
[pcd_ndt_localizer-1] [INFO] [1786513874.845346399] [pcd_ndt_localizer]: NDT ok fitness=0.0834 pose=(1.57 -2.97 0.03)
[pcd_ndt_localizer-1] [INFO] [1786513875.854273922] [pcd_ndt_localizer]: NDT ok fitness=0.0834 pose=(1.58 -2.98 0.03)
[pcd_ndt_localizer-1] [INFO] [1786513876.893379892] [pcd_ndt_localizer]: NDT ok fitness=0.0823 pose=(1.58 -2.98 0.03)
[pcd_ndt_localizer-1] [INFO] [1786513878.106953805] [pcd_ndt_localizer]: NDT ok fitness=0.0816 pose=(1.57 -2.97 0.04)
[pcd_ndt_localizer-1] [INFO] [1786513879.115141077] [pcd_ndt_localizer]: NDT ok fitness=0.0830 pose=(1.58 -2.97 0.03)
[pcd_ndt_localizer-1] [INFO] [1786513880.131733521] [pcd_ndt_localizer]: NDT ok fitness=0.0839 pose=(1.58 -2.97 0.03)
[pcd_ndt_localizer-1] [INFO] [1786513881.234136940] [pcd_ndt_localizer]: NDT ok fitness=0.0831 pose=(1.58 -2.98 0.03)
[pcd_ndt_localizer-1] [INFO] [1786513882.260238018] [pcd_ndt_localizer]: NDT ok fitness=0.0828 pose=(1.58 -2.98 0.03)
[pcd_ndt_localizer-1] [INFO] [1786513883.370862250] [pcd_ndt_localizer]: NDT ok fitness=0.0820 pose=(1.58 -2.97 0.03)
[pcd_ndt_localizer-1] [INFO] [1786513884.422975991] [pcd_ndt_localizer]: NDT ok fitness=0.0831 pose=(1.58 -2.98 0.03)
[pcd_ndt_localizer-1] [INFO] [1786513885.623158631] [pcd_ndt_localizer]: NDT ok fitness=0.0821 pose=(1.58 -2.97 0.03)
[pcd_ndt_localizer-1] [INFO] [1786513886.671776405] [pcd_ndt_localizer]: NDT ok fitness=0.0819 pose=(1.58 -2.97 0.03)
[pcd_ndt_localizer-1] [INFO] [1786513887.725584608] [pcd_ndt_localizer]: NDT ok fitness=0.0831 pose=(1.58 -2.97 0.03)
[pcd_ndt_localizer-1] [INFO] [1786513888.813918969] [pcd_ndt_localizer]: NDT ok fitness=0.0824 pose=(1.57 -2.98 0.03)
[pcd_ndt_localizer-1] [INFO] [1786513889.857804089] [pcd_ndt_localizer]: NDT ok fitness=0.0813 pose=(1.58 -2.98 0.03)
[pcd_ndt_localizer-1] [INFO] [1786513890.896854377] [pcd_ndt_localizer]: NDT ok fitness=0.0828 pose=(1.57 -2.98 0.04)
[pcd_ndt_localizer-1] [INFO] [1786513892.119279334] [pcd_ndt_localizer]: NDT ok fitness=0.0834 pose=(1.57 -2.97 0.03)
[pcd_ndt_localizer-1] [INFO] [1786513893.141024190] [pcd_ndt_localizer]: NDT ok fitness=0.0828 pose=(1.58 -2.97 0.03)
[pcd_ndt_localizer-1] [INFO] [1786513894.231902516] [pcd_ndt_localizer]: NDT ok fitness=0.0813 pose=(1.58 -2.98 0.03)
[pcd_ndt_localizer-1] [INFO] [1786513895.291788701] [pcd_ndt_localizer]: NDT ok fitness=0.0844 pose=(1.57 -2.98 0.03)
[pcd_ndt_localizer-1] [INFO] [1786513896.348711226] [pcd_ndt_localizer]: NDT ok fitness=0.0845 pose=(1.58 -2.97 0.03)
[pcd_ndt_localizer-1] [INFO] [1786513897.387176565] [pcd_ndt_localizer]: NDT ok fitness=0.0820 pose=(1.57 -2.98 0.03)
[pcd_ndt_localizer-1] [INFO] [1786513898.490553715] [pcd_ndt_localizer]: NDT ok fitness=0.0820 pose=(1.57 -2.97 0.04)
[pcd_ndt_localizer-1] [INFO] [1786513899.622443620] [pcd_ndt_localizer]: NDT ok fitness=0.0832 pose=(1.57 -2.97 0.03)
[pcd_ndt_localizer-1] [INFO] [1786513900.784719306] [pcd_ndt_localizer]: NDT ok fitness=0.0824 pose=(1.57 -2.97 0.03)
[pcd_ndt_localizer-1] [INFO] [1786513901.802240424] [pcd_ndt_localizer]: NDT ok fitness=0.0829 pose=(1.58 -2.98 0.03)
[pcd_ndt_localizer-1] [INFO] [1786513902.823106367] [pcd_ndt_localizer]: NDT ok fitness=0.0831 pose=(1.57 -2.98 0.04)
[pcd_ndt_localizer-1] [INFO] [1786513903.875329392] [pcd_ndt_localizer]: NDT ok fitness=0.0821 pose=(1.58 -2.98 0.03)
[pcd_ndt_localizer-1] [INFO] [1786513904.933883401] [pcd_ndt_localizer]: NDT ok fitness=0.0829 pose=(1.58 -2.97 0.03)
[pcd_ndt_localizer-1] [INFO] [1786513906.019421532] [pcd_ndt_localizer]: NDT ok fitness=0.0824 pose=(1.58 -2.97 0.03)
[pcd_ndt_localizer-1] [INFO] [1786513907.222056389] [pcd_ndt_localizer]: NDT ok fitness=0.0832 pose=(1.58 -2.98 0.04)
[pcd_ndt_localizer-1] [INFO] [1786513908.329828292] [pcd_ndt_localizer]: NDT ok fitness=0.0824 pose=(1.58 -2.98 0.03)
[pcd_ndt_localizer-1] [INFO] [1786513909.454938365] [pcd_ndt_localizer]: NDT ok fitness=0.0817 pose=(1.57 -2.98 0.03)
[pcd_ndt_localizer-1] [INFO] [1786513910.457287568] [pcd_ndt_localizer]: NDT ok fitness=0.0833 pose=(1.58 -2.98 0.03)
[pcd_ndt_localizer-1] [INFO] [1786513911.543548253] [pcd_ndt_localizer]: NDT ok fitness=0.0829 pose=(1.57 -2.97 0.03)
[pcd_ndt_localizer-1] [INFO] [1786513912.545762955] [pcd_ndt_localizer]: NDT ok fitness=0.0814 pose=(1.58 -2.97 0.03)
[pcd_ndt_localizer-1] [INFO] [1786513913.587000267] [pcd_ndt_localizer]: NDT ok fitness=0.0830 pose=(1.58 -2.97 0.03)
[pcd_ndt_localizer-1] [INFO] [1786513914.661777268] [pcd_ndt_localizer]: NDT ok fitness=0.0841 pose=(1.58 -2.98 0.03)
[pcd_ndt_localizer-1] [INFO] [1786513915.713848384] [pcd_ndt_localizer]: NDT ok fitness=0.0829 pose=(1.57 -2.97 0.03)
[pcd_ndt_localizer-1] [INFO] [1786513916.761253025] [pcd_ndt_localizer]: NDT ok fitness=0.0821 pose=(1.58 -2.98 0.03)
[pcd_ndt_localizer-1] [INFO] [1786513917.782297887] [pcd_ndt_localizer]: NDT ok fitness=0.0828 pose=(1.58 -2.98 0.03)
[pcd_ndt_localizer-1] [INFO] [1786513918.929004589] [pcd_ndt_localizer]: NDT ok fitness=0.0833 pose=(1.57 -2.97 0.03)
[pcd_ndt_localizer-1] [INFO] [1786513920.045213921] [pcd_ndt_localizer]: NDT ok fitness=0.0811 pose=(1.57 -2.97 0.03)
[pcd_ndt_localizer-1] [INFO] [1786513921.055507318] [pcd_ndt_localizer]: NDT ok fitness=0.0837 pose=(1.58 -2.98 0.03)
[pcd_ndt_localizer-1] [INFO] [1786513922.103167809] [pcd_ndt_localizer]: NDT ok fitness=0.0824 pose=(1.58 -2.97 0.03)
[pcd_ndt_localizer-1] [INFO] [1786513923.108026031] [pcd_ndt_localizer]: NDT ok fitness=0.0828 pose=(1.58 -2.97 0.03)
[pcd_ndt_localizer-1] [INFO] [1786513924.290122314] [pcd_ndt_localizer]: NDT ok fitness=0.0820 pose=(1.58 -2.98 0.03)
[pcd_ndt_localizer-1] [INFO] [1786513925.316257026] [pcd_ndt_localizer]: NDT ok fitness=0.0828 pose=(1.58 -2.98 0.03)
[pcd_ndt_localizer-1] [INFO] [1786513926.487118371] [pcd_ndt_localizer]: NDT ok fitness=0.0817 pose=(1.58 -2.98 0.03)
[pcd_ndt_localizer-1] [INFO] [1786513927.490546269] [pcd_ndt_localizer]: NDT ok fitness=0.0835 pose=(1.58 -2.97 0.03)
[pcd_ndt_localizer-1] [INFO] [1786513928.550055704] [pcd_ndt_localizer]: NDT ok fitness=0.0827 pose=(1.57 -2.97 0.03)
[pcd_ndt_localizer-1] [INFO] [1786513929.720640911] [pcd_ndt_localizer]: NDT ok fitness=0.0825 pose=(1.57 -2.97 0.03)
[pcd_ndt_localizer-1] [INFO] [1786513930.800863775] [pcd_ndt_localizer]: NDT ok fitness=0.0839 pose=(1.58 -2.97 0.03)
[pcd_ndt_localizer-1] [INFO] [1786513931.841120155] [pcd_ndt_localizer]: NDT ok fitness=0.0835 pose=(1.58 -2.97 0.03)
[pcd_ndt_localizer-1] [INFO] [1786513932.861546243] [pcd_ndt_localizer]: NDT ok fitness=0.0833 pose=(1.58 -2.97 0.03)
[pcd_ndt_localizer-1] [INFO] [1786513934.028919972] [pcd_ndt_localizer]: NDT ok fitness=0.0835 pose=(1.57 -2.98 0.03)
[pcd_ndt_localizer-1] [INFO] [1786513935.043850114] [pcd_ndt_localizer]: NDT ok fitness=0.0836 pose=(1.58 -2.98 0.03)
[pcd_ndt_localizer-1] [INFO] [1786513936.242704162] [pcd_ndt_localizer]: NDT ok fitness=0.0839 pose=(1.58 -2.98 0.03)
[pcd_ndt_localizer-1] [INFO] [1786513937.275464108] [pcd_ndt_localizer]: NDT ok fitness=0.0829 pose=(1.58 -2.98 0.03)
[pcd_ndt_localizer-1] [INFO] [1786513938.399863307] [pcd_ndt_localizer]: NDT ok fitness=0.0826 pose=(1.57 -2.97 0.04)
[pcd_ndt_localizer-1] [INFO] [1786513939.475890466] [pcd_ndt_localizer]: NDT ok fitness=0.0830 pose=(1.58 -2.98 0.03)
[pcd_ndt_localizer-1] [INFO] [1786513940.511518933] [pcd_ndt_localizer]: NDT ok fitness=0.0829 pose=(1.57 -2.97 0.03)
[pcd_ndt_localizer-1] [INFO] [1786513941.597863493] [pcd_ndt_localizer]: NDT ok fitness=0.0830 pose=(1.58 -2.97 0.03)
[pcd_ndt_localizer-1] [INFO] [1786513942.617592051] [pcd_ndt_localizer]: NDT ok fitness=0.0836 pose=(1.57 -2.97 0.03)
[pcd_ndt_localizer-1] [INFO] [1786513943.627857831] [pcd_ndt_localizer]: NDT ok fitness=0.0827 pose=(1.57 -2.97 0.03)
[pcd_ndt_localizer-1] [INFO] [1786513944.683088166] [pcd_ndt_localizer]: NDT ok fitness=0.0830 pose=(1.57 -2.98 0.03)
[pcd_ndt_localizer-1] [INFO] [1786513945.694363711] [pcd_ndt_localizer]: NDT ok fitness=0.0826 pose=(1.58 -2.97 0.03)
[pcd_ndt_localizer-1] [INFO] [1786513946.732890908] [pcd_ndt_localizer]: NDT ok fitness=0.0825 pose=(1.58 -2.98 0.03)
[pcd_ndt_localizer-1] [INFO] [1786513947.767776564] [pcd_ndt_localizer]: NDT ok fitness=0.0827 pose=(1.58 -2.98 0.03)
[pcd_ndt_localizer-1] [INFO] [1786513948.872119862] [pcd_ndt_localizer]: NDT ok fitness=0.0832 pose=(1.58 -2.97 0.03)
[pcd_ndt_localizer-1] [INFO] [1786513949.922971413] [pcd_ndt_localizer]: NDT ok fitness=0.0821 pose=(1.58 -2.97 0.03)
[pcd_ndt_localizer-1] [INFO] [1786513951.051185055] [pcd_ndt_localizer]: NDT ok fitness=0.0825 pose=(1.57 -2.98 0.04)
[pcd_ndt_localizer-1] [INFO] [1786513952.084169649] [pcd_ndt_localizer]: NDT ok fitness=0.0823 pose=(1.58 -2.97 0.03)
[pcd_ndt_localizer-1] [INFO] [1786513953.138238950] [pcd_ndt_localizer]: NDT ok fitness=0.0838 pose=(1.58 -2.98 0.03)
[pcd_ndt_localizer-1] [INFO] [1786513954.139116899] [pcd_ndt_localizer]: NDT ok fitness=0.0824 pose=(1.58 -2.97 0.03)
[pcd_ndt_localizer-1] [INFO] [1786513955.193208185] [pcd_ndt_localizer]: NDT ok fitness=0.0824 pose=(1.57 -2.97 0.03)
[pcd_ndt_localizer-1] [INFO] [1786513956.201615977] [pcd_ndt_localizer]: NDT ok fitness=0.0829 pose=(1.58 -2.98 0.03)
[pcd_ndt_localizer-1] [INFO] [1786513957.232706582] [pcd_ndt_localizer]: NDT ok fitness=0.0823 pose=(1.58 -2.98 0.04)
[pcd_ndt_localizer-1] [INFO] [1786513958.273950966] [pcd_ndt_localizer]: NDT ok fitness=0.0828 pose=(1.57 -2.98 0.03)
[pcd_ndt_localizer-1] [INFO] [1786513959.312133063] [pcd_ndt_localizer]: NDT ok fitness=0.0830 pose=(1.58 -2.97 0.03)
[pcd_ndt_localizer-1] [INFO] [1786513960.344543684] [pcd_ndt_localizer]: NDT ok fitness=0.0820 pose=(1.58 -2.98 0.03)
[pcd_ndt_localizer-1] [INFO] [1786513961.345126934] [pcd_ndt_localizer]: NDT ok fitness=0.0831 pose=(1.58 -2.97 0.03)
[pcd_ndt_localizer-1] [INFO] [1786513962.444819694] [pcd_ndt_localizer]: NDT ok fitness=0.0821 pose=(1.58 -2.98 0.03)
[pcd_ndt_localizer-1] [INFO] [1786513963.614007698] [pcd_ndt_localizer]: NDT ok fitness=0.0824 pose=(1.57 -2.98 0.03)
[pcd_ndt_localizer-1] [INFO] [1786513964.721685901] [pcd_ndt_localizer]: NDT ok fitness=0.0833 pose=(1.57 -2.97 0.03)
[pcd_ndt_localizer-1] [INFO] [1786513965.753827201] [pcd_ndt_localizer]: NDT ok fitness=0.0822 pose=(1.58 -2.98 0.03)
[pcd_ndt_localizer-1] [INFO] [1786513966.760363693] [pcd_ndt_localizer]: NDT ok fitness=0.0830 pose=(1.57 -2.98 0.03)
[pcd_ndt_localizer-1] [INFO] [1786513967.848859308] [pcd_ndt_localizer]: NDT ok fitness=0.0821 pose=(1.57 -2.98 0.04)
[pcd_ndt_localizer-1] [INFO] [1786513968.915746933] [pcd_ndt_localizer]: NDT ok fitness=0.0827 pose=(1.57 -2.98 0.04)
[pcd_ndt_localizer-1] [INFO] [1786513970.046589727] [pcd_ndt_localizer]: NDT ok fitness=0.0844 pose=(1.57 -2.98 0.03)
[pcd_ndt_localizer-1] [INFO] [1786513971.090798763] [pcd_ndt_localizer]: NDT ok fitness=0.0845 pose=(1.58 -2.97 0.03)
[pcd_ndt_localizer-1] [INFO] [1786513972.094883518] [pcd_ndt_localizer]: NDT ok fitness=0.0821 pose=(1.58 -2.97 0.03)
[pcd_ndt_localizer-1] [INFO] [1786513973.253709126] [pcd_ndt_localizer]: NDT ok fitness=0.0826 pose=(1.58 -2.97 0.03)
[pcd_ndt_localizer-1] [INFO] [1786513974.256241472] [pcd_ndt_localizer]: NDT ok fitness=0.0808 pose=(1.58 -2.97 0.03)
[pcd_ndt_localizer-1] [INFO] [1786513975.414589175] [pcd_ndt_localizer]: NDT ok fitness=0.0832 pose=(1.57 -2.98 0.04)
[pcd_ndt_localizer-1] [INFO] [1786513976.488642054] [pcd_ndt_localizer]: NDT ok fitness=0.0821 pose=(1.57 -2.98 0.03)
[pcd_ndt_localizer-1] [INFO] [1786513977.496716938] [pcd_ndt_localizer]: NDT ok fitness=0.0823 pose=(1.58 -2.97 0.04)
[pcd_ndt_localizer-1] [INFO] [1786513978.614293904] [pcd_ndt_localizer]: NDT ok fitness=0.0831 pose=(1.57 -2.97 0.03)
[pcd_ndt_localizer-1] [INFO] [1786513979.675258816] [pcd_ndt_localizer]: NDT ok fitness=0.0824 pose=(1.58 -2.97 0.03)
[pcd_ndt_localizer-1] [INFO] [1786513980.811690423] [pcd_ndt_localizer]: NDT ok fitness=0.0830 pose=(1.57 -2.98 0.03)
[pcd_ndt_localizer-1] [INFO] [1786513981.907108019] [pcd_ndt_localizer]: NDT ok fitness=0.0818 pose=(1.58 -2.97 0.03)
[pcd_ndt_localizer-1] [INFO] [1786513982.996326284] [pcd_ndt_localizer]: NDT ok fitness=0.0827 pose=(1.57 -2.97 0.03)
[pcd_ndt_localizer-1] [INFO] [1786513984.184509893] [pcd_ndt_localizer]: NDT ok fitness=0.0818 pose=(1.57 -2.97 0.04)
[pcd_ndt_localizer-1] [INFO] [1786513985.274894697] [pcd_ndt_localizer]: NDT ok fitness=0.0838 pose=(1.57 -2.97 0.03)
[pcd_ndt_localizer-1] [INFO] [1786513986.284428162] [pcd_ndt_localizer]: NDT ok fitness=0.0812 pose=(1.58 -2.98 0.03)
[pcd_ndt_localizer-1] [INFO] [1786513987.307879192] [pcd_ndt_localizer]: NDT ok fitness=0.0828 pose=(1.58 -2.97 0.03)
[pcd_ndt_localizer-1] [INFO] [1786513988.316252327] [pcd_ndt_localizer]: NDT ok fitness=0.0823 pose=(1.57 -2.97 0.04)
[pcd_ndt_localizer-1] [INFO] [1786513989.353025551] [pcd_ndt_localizer]: NDT ok fitness=0.0829 pose=(1.57 -2.97 0.03)
[pcd_ndt_localizer-1] [INFO] [1786513990.388938422] [pcd_ndt_localizer]: NDT ok fitness=0.0834 pose=(1.58 -2.98 0.03)
[pcd_ndt_localizer-1] [INFO] [1786513991.494046530] [pcd_ndt_localizer]: NDT ok fitness=0.0829 pose=(1.58 -2.98 0.03)
[pcd_ndt_localizer-1] [INFO] [1786513992.532902709] [pcd_ndt_localizer]: NDT ok fitness=0.0833 pose=(1.58 -2.97 0.03)
[pcd_ndt_localizer-1] [INFO] [1786513993.545656499] [pcd_ndt_localizer]: NDT ok fitness=0.0832 pose=(1.58 -2.97 0.04)
[pcd_ndt_localizer-1] [INFO] [1786513994.694168389] [pcd_ndt_localizer]: NDT ok fitness=0.0838 pose=(1.58 -2.98 0.03)
[pcd_ndt_localizer-1] [INFO] [1786513995.782986694] [pcd_ndt_localizer]: NDT ok fitness=0.0832 pose=(1.58 -2.97 0.03)
[pcd_ndt_localizer-1] [INFO] [1786513996.889633469] [pcd_ndt_localizer]: NDT ok fitness=0.0830 pose=(1.58 -2.98 0.03)
[pcd_ndt_localizer-1] [INFO] [1786513997.915905062] [pcd_ndt_localizer]: NDT ok fitness=0.0835 pose=(1.58 -2.98 0.03)
[pcd_ndt_localizer-1] [INFO] [1786513998.973445674] [pcd_ndt_localizer]: NDT ok fitness=0.0823 pose=(1.57 -2.98 0.03)
[pcd_ndt_localizer-1] [INFO] [1786514000.039428953] [pcd_ndt_localizer]: NDT ok fitness=0.0830 pose=(1.58 -2.98 0.03)
[pcd_ndt_localizer-1] [INFO] [1786514001.134749918] [pcd_ndt_localizer]: NDT ok fitness=0.0828 pose=(1.57 -2.97 0.03)
[pcd_ndt_localizer-1] [INFO] [1786514002.139248030] [pcd_ndt_localizer]: NDT ok fitness=0.0832 pose=(1.58 -2.97 0.03)
[pcd_ndt_localizer-1] [INFO] [1786514003.256693379] [pcd_ndt_localizer]: NDT ok fitness=0.0825 pose=(1.57 -2.97 0.04)
[pcd_ndt_localizer-1] [INFO] [1786514004.271222013] [pcd_ndt_localizer]: NDT ok fitness=0.0841 pose=(1.57 -2.98 0.03)
[pcd_ndt_localizer-1] [INFO] [1786514005.317395148] [pcd_ndt_localizer]: NDT ok fitness=0.0831 pose=(1.58 -2.98 0.03)
[pcd_ndt_localizer-1] [INFO] [1786514006.474031442] [pcd_ndt_localizer]: NDT ok fitness=0.0821 pose=(1.58 -2.98 0.04)
[pcd_ndt_localizer-1] [INFO] [1786514007.506531308] [pcd_ndt_localizer]: NDT ok fitness=0.0821 pose=(1.58 -2.97 0.03)
[pcd_ndt_localizer-1] [INFO] [1786514008.567582468] [pcd_ndt_localizer]: NDT ok fitness=0.0835 pose=(1.58 -2.98 0.03)
[pcd_ndt_localizer-1] [INFO] [1786514009.585945288] [pcd_ndt_localizer]: NDT ok fitness=0.0830 pose=(1.57 -2.98 0.03)
[pcd_ndt_localizer-1] [INFO] [1786514010.610652324] [pcd_ndt_localizer]: NDT ok fitness=0.0831 pose=(1.58 -2.97 0.03)
[pcd_ndt_localizer-1] [INFO] [1786514011.650413782] [pcd_ndt_localizer]: NDT ok fitness=0.0824 pose=(1.57 -2.97 0.03)
[pcd_ndt_localizer-1] [INFO] [1786514012.787863176] [pcd_ndt_localizer]: NDT ok fitness=0.0821 pose=(1.58 -2.98 0.03)
[pcd_ndt_localizer-1] [INFO] [1786514013.805674981] [pcd_ndt_localizer]: NDT ok fitness=0.0830 pose=(1.58 -2.97 0.03)
[pcd_ndt_localizer-1] [INFO] [1786514014.869365493] [pcd_ndt_localizer]: NDT ok fitness=0.0824 pose=(1.58 -2.97 0.04)
[pcd_ndt_localizer-1] [INFO] [1786514015.905825569] [pcd_ndt_localizer]: NDT ok fitness=0.0823 pose=(1.58 -2.98 0.04)
[pcd_ndt_localizer-1] [INFO] [1786514017.039157462] [pcd_ndt_localizer]: NDT ok fitness=0.0822 pose=(1.57 -2.97 0.03)
[pcd_ndt_localizer-1] [INFO] [1786514018.100382490] [pcd_ndt_localizer]: NDT ok fitness=0.0828 pose=(1.58 -2.97 0.03)
[pcd_ndt_localizer-1] [INFO] [1786514019.121145892] [pcd_ndt_localizer]: NDT ok fitness=0.0831 pose=(1.57 -2.98 0.03)
[pcd_ndt_localizer-1] [INFO] [1786514020.301583776] [pcd_ndt_localizer]: NDT ok fitness=0.0833 pose=(1.58 -2.98 0.03)
[pcd_ndt_localizer-1] [INFO] [1786514021.328716229] [pcd_ndt_localizer]: NDT ok fitness=0.0837 pose=(1.58 -2.98 0.04)
[pcd_ndt_localizer-1] [INFO] [1786514022.425033454] [pcd_ndt_localizer]: NDT ok fitness=0.0826 pose=(1.57 -2.97 0.04)
[pcd_ndt_localizer-1] [INFO] [1786514023.611001418] [pcd_ndt_localizer]: NDT ok fitness=0.0837 pose=(1.58 -2.98 0.03)
[pcd_ndt_localizer-1] [INFO] [1786514024.786545937] [pcd_ndt_localizer]: NDT ok fitness=0.0834 pose=(1.58 -2.98 0.03)
[pcd_ndt_localizer-1] [INFO] [1786514025.970365944] [pcd_ndt_localizer]: NDT ok fitness=0.0826 pose=(1.58 -2.97 0.04)
[pcd_ndt_localizer-1] [INFO] [1786514027.050686570] [pcd_ndt_localizer]: NDT ok fitness=0.0835 pose=(1.57 -2.98 0.03)
[pcd_ndt_localizer-1] [INFO] [1786514028.120044932] [pcd_ndt_localizer]: NDT ok fitness=0.0828 pose=(1.58 -2.97 0.03)
[pcd_ndt_localizer-1] [INFO] [1786514029.155926728] [pcd_ndt_localizer]: NDT ok fitness=0.0824 pose=(1.58 -2.98 0.03)
[pcd_ndt_localizer-1] [INFO] [1786514030.180985213] [pcd_ndt_localizer]: NDT ok fitness=0.0835 pose=(1.58 -2.98 0.03)
[pcd_ndt_localizer-1] [INFO] [1786514031.352302399] [pcd_ndt_localizer]: NDT ok fitness=0.0839 pose=(1.58 -2.97 0.03)
[pcd_ndt_localizer-1] [INFO] [1786514032.388444693] [pcd_ndt_localizer]: NDT ok fitness=0.0815 pose=(1.58 -2.97 0.03)
[pcd_ndt_localizer-1] [INFO] [1786514033.534306864] [pcd_ndt_localizer]: NDT ok fitness=0.0824 pose=(1.57 -2.97 0.04)
[pcd_ndt_localizer-1] [INFO] [1786514034.556254956] [pcd_ndt_localizer]: NDT ok fitness=0.0812 pose=(1.58 -2.98 0.03)
[pcd_ndt_localizer-1] [INFO] [1786514035.577969849] [pcd_ndt_localizer]: NDT ok fitness=0.0832 pose=(1.58 -2.97 0.03)
[pcd_ndt_localizer-1] [INFO] [1786514036.600844918] [pcd_ndt_localizer]: NDT ok fitness=0.0827 pose=(1.58 -2.98 0.03)
[pcd_ndt_localizer-1] [INFO] [1786514037.610589891] [pcd_ndt_localizer]: NDT ok fitness=0.0821 pose=(1.57 -2.97 0.03)
[pcd_ndt_localizer-1] [INFO] [1786514038.743004312] [pcd_ndt_localizer]: NDT ok fitness=0.0834 pose=(1.58 -2.97 0.03)
[pcd_ndt_localizer-1] [INFO] [1786514039.854811605] [pcd_ndt_localizer]: NDT ok fitness=0.0826 pose=(1.57 -2.97 0.03)
[pcd_ndt_localizer-1] [INFO] [1786514040.911206218] [pcd_ndt_localizer]: NDT ok fitness=0.0825 pose=(1.57 -2.97 0.03)
[pcd_ndt_localizer-1] [INFO] [1786514042.054803239] [pcd_ndt_localizer]: NDT ok fitness=0.0828 pose=(1.57 -2.97 0.03)
[pcd_ndt_localizer-1] [INFO] [1786514043.109434689] [pcd_ndt_localizer]: NDT ok fitness=0.0834 pose=(1.58 -2.98 0.03)
[pcd_ndt_localizer-1] [INFO] [1786514044.139000271] [pcd_ndt_localizer]: NDT ok fitness=0.0828 pose=(1.58 -2.98 0.03)
[pcd_ndt_localizer-1] [INFO] [1786514045.193907549] [pcd_ndt_localizer]: NDT ok fitness=0.0827 pose=(1.57 -2.98 0.03)
[pcd_ndt_localizer-1] [INFO] [1786514046.251766199] [pcd_ndt_localizer]: NDT ok fitness=0.0823 pose=(1.58 -2.98 0.04)
[pcd_ndt_localizer-1] [INFO] [1786514047.292913353] [pcd_ndt_localizer]: NDT ok fitness=0.0823 pose=(1.58 -2.98 0.04)
[pcd_ndt_localizer-1] [INFO] [1786514048.409767301] [pcd_ndt_localizer]: NDT ok fitness=0.0822 pose=(1.57 -2.97 0.03)
[pcd_ndt_localizer-1] [INFO] [1786514049.445873401] [pcd_ndt_localizer]: NDT ok fitness=0.0828 pose=(1.58 -2.97 0.03)
[pcd_ndt_localizer-1] [INFO] [1786514050.476725216] [pcd_ndt_localizer]: NDT ok fitness=0.0824 pose=(1.57 -2.98 0.03)
[pcd_ndt_localizer-1] [INFO] [1786514051.528890159] [pcd_ndt_localizer]: NDT ok fitness=0.0833 pose=(1.57 -2.98 0.03)
[pcd_ndt_localizer-1] [INFO] [1786514052.665426146] [pcd_ndt_localizer]: NDT ok fitness=0.0826 pose=(1.58 -2.98 0.03)
[pcd_ndt_localizer-1] [INFO] [1786514053.688278429] [pcd_ndt_localizer]: NDT ok fitness=0.0826 pose=(1.58 -2.98 0.03)
[pcd_ndt_localizer-1] [INFO] [1786514054.746810279] [pcd_ndt_localizer]: NDT ok fitness=0.0828 pose=(1.58 -2.98 0.03)
[pcd_ndt_localizer-1] [INFO] [1786514055.914970253] [pcd_ndt_localizer]: NDT ok fitness=0.0828 pose=(1.58 -2.97 0.04)
[pcd_ndt_localizer-1] [INFO] [1786514057.028096102] [pcd_ndt_localizer]: NDT ok fitness=0.0837 pose=(1.57 -2.98 0.03)
[pcd_ndt_localizer-1] [INFO] [1786514058.265935156] [pcd_ndt_localizer]: NDT ok fitness=0.0827 pose=(1.58 -2.97 0.03)
[pcd_ndt_localizer-1] [INFO] [1786514059.377536387] [pcd_ndt_localizer]: NDT ok fitness=0.0833 pose=(1.58 -2.98 0.04)
[pcd_ndt_localizer-1] [INFO] [1786514060.498061566] [pcd_ndt_localizer]: NDT ok fitness=0.0817 pose=(1.58 -2.98 0.03)
[pcd_ndt_localizer-1] [INFO] [1786514061.539248275] [pcd_ndt_localizer]: NDT ok fitness=0.0823 pose=(1.58 -2.98 0.03)
[pcd_ndt_localizer-1] [INFO] [1786514062.731624299] [pcd_ndt_localizer]: NDT ok fitness=0.0830 pose=(1.58 -2.98 0.03)
[pcd_ndt_localizer-1] [INFO] [1786514063.734111585] [pcd_ndt_localizer]: NDT ok fitness=0.0824 pose=(1.58 -2.97 0.03)
[pcd_ndt_localizer-1] [INFO] [1786514064.780741935] [pcd_ndt_localizer]: NDT ok fitness=0.0832 pose=(1.57 -2.98 0.03)
[pcd_ndt_localizer-1] [INFO] [1786514065.961293395] [pcd_ndt_localizer]: NDT ok fitness=0.0818 pose=(1.57 -2.97 0.04)
[pcd_ndt_localizer-1] [INFO] [1786514067.045490323] [pcd_ndt_localizer]: NDT ok fitness=0.0832 pose=(1.57 -2.98 0.04)
[pcd_ndt_localizer-1] [INFO] [1786514068.053163312] [pcd_ndt_localizer]: NDT ok fitness=0.0829 pose=(1.58 -2.97 0.04)
[pcd_ndt_localizer-1] [INFO] [1786514069.075758777] [pcd_ndt_localizer]: NDT ok fitness=0.0840 pose=(1.58 -2.98 0.03)
[pcd_ndt_localizer-1] [INFO] [1786514070.101760464] [pcd_ndt_localizer]: NDT ok fitness=0.0829 pose=(1.58 -2.98 0.03)
[pcd_ndt_localizer-1] [INFO] [1786514071.128950808] [pcd_ndt_localizer]: NDT ok fitness=0.0829 pose=(1.57 -2.97 0.03)
[pcd_ndt_localizer-1] [INFO] [1786514072.227107010] [pcd_ndt_localizer]: NDT ok fitness=0.0812 pose=(1.58 -2.97 0.03)
[pcd_ndt_localizer-1] [INFO] [1786514073.305792931] [pcd_ndt_localizer]: NDT ok fitness=0.0833 pose=(1.58 -2.97 0.04)
[pcd_ndt_localizer-1] [INFO] [1786514074.492458575] [pcd_ndt_localizer]: NDT ok fitness=0.0829 pose=(1.58 -2.97 0.03)
[pcd_ndt_localizer-1] [INFO] [1786514075.492461399] [pcd_ndt_localizer]: NDT ok fitness=0.0830 pose=(1.58 -2.97 0.03)
[pcd_ndt_localizer-1] [INFO] [1786514076.509634920] [pcd_ndt_localizer]: NDT ok fitness=0.0828 pose=(1.58 -2.97 0.03)
[pcd_ndt_localizer-1] [INFO] [1786514077.532590123] [pcd_ndt_localizer]: NDT ok fitness=0.0834 pose=(1.57 -2.98 0.03)
[pcd_ndt_localizer-1] [INFO] [1786514078.532619062] [pcd_ndt_localizer]: NDT ok fitness=0.0827 pose=(1.58 -2.97 0.03)
[pcd_ndt_localizer-1] [INFO] [1786514079.704638056] [pcd_ndt_localizer]: NDT ok fitness=0.0827 pose=(1.58 -2.97 0.04)
[pcd_ndt_localizer-1] [INFO] [1786514080.731932888] [pcd_ndt_localizer]: NDT ok fitness=0.0827 pose=(1.57 -2.98 0.03)
[pcd_ndt_localizer-1] [INFO] [1786514081.824023228] [pcd_ndt_localizer]: NDT ok fitness=0.0840 pose=(1.57 -2.98 0.03)
[pcd_ndt_localizer-1] [INFO] [1786514082.880394096] [pcd_ndt_localizer]: NDT ok fitness=0.0834 pose=(1.57 -2.97 0.04)
[pcd_ndt_localizer-1] [INFO] [1786514083.901061107] [pcd_ndt_localizer]: NDT ok fitness=0.0837 pose=(1.57 -2.98 0.03)
[pcd_ndt_localizer-1] [INFO] [1786514084.980032328] [pcd_ndt_localizer]: NDT ok fitness=0.0827 pose=(1.57 -2.97 0.03)
[pcd_ndt_localizer-1] [INFO] [1786514086.114042827] [pcd_ndt_localizer]: NDT ok fitness=0.0826 pose=(1.57 -2.97 0.04)
[pcd_ndt_localizer-1] [INFO] [1786514087.198671305] [pcd_ndt_localizer]: NDT ok fitness=0.0827 pose=(1.57 -2.98 0.03)
[pcd_ndt_localizer-1] [INFO] [1786514088.345448835] [pcd_ndt_localizer]: NDT ok fitness=0.0838 pose=(1.58 -2.98 0.04)
[pcd_ndt_localizer-1] [INFO] [1786514089.425141322] [pcd_ndt_localizer]: NDT ok fitness=0.0829 pose=(1.57 -2.97 0.03)
[pcd_ndt_localizer-1] [INFO] [1786514090.567770884] [pcd_ndt_localizer]: NDT ok fitness=0.0835 pose=(1.57 -2.97 0.04)
[pcd_ndt_localizer-1] [INFO] [1786514091.603824212] [pcd_ndt_localizer]: NDT ok fitness=0.0837 pose=(1.57 -2.98 0.03)
[pcd_ndt_localizer-1] [INFO] [1786514092.763382950] [pcd_ndt_localizer]: NDT ok fitness=0.0828 pose=(1.57 -2.98 0.03)
[pcd_ndt_localizer-1] [INFO] [1786514093.786282500] [pcd_ndt_localizer]: NDT ok fitness=0.0826 pose=(1.57 -2.97 0.03)
[pcd_ndt_localizer-1] [INFO] [1786514094.804286639] [pcd_ndt_localizer]: NDT ok fitness=0.0835 pose=(1.57 -2.97 0.04)
[pcd_ndt_localizer-1] [INFO] [1786514095.814353491] [pcd_ndt_localizer]: NDT ok fitness=0.0833 pose=(1.57 -2.97 0.03)
[pcd_ndt_localizer-1] [INFO] [1786514096.836793682] [pcd_ndt_localizer]: NDT ok fitness=0.0830 pose=(1.57 -2.98 0.03)
[pcd_ndt_localizer-1] [INFO] [1786514098.003860397] [pcd_ndt_localizer]: NDT ok fitness=0.0822 pose=(1.57 -2.98 0.03)
[pcd_ndt_localizer-1] [INFO] [1786514099.004708976] [pcd_ndt_localizer]: NDT ok fitness=0.0818 pose=(1.58 -2.97 0.03)
[pcd_ndt_localizer-1] [INFO] [1786514100.135548951] [pcd_ndt_localizer]: NDT ok fitness=0.0823 pose=(1.58 -2.98 0.03)
[pcd_ndt_localizer-1] [INFO] [1786514101.190744825] [pcd_ndt_localizer]: NDT ok fitness=0.0838 pose=(1.57 -2.97 0.03)
[pcd_ndt_localizer-1] [INFO] [1786514102.389897544] [pcd_ndt_localizer]: NDT ok fitness=0.0827 pose=(1.58 -2.97 0.04)
[pcd_ndt_localizer-1] [INFO] [1786514103.574262292] [pcd_ndt_localizer]: NDT ok fitness=0.0829 pose=(1.57 -2.97 0.03)
[pcd_ndt_localizer-1] [INFO] [1786514104.618295887] [pcd_ndt_localizer]: NDT ok fitness=0.0834 pose=(1.58 -2.98 0.04)
[pcd_ndt_localizer-1] [INFO] [1786514105.630318234] [pcd_ndt_localizer]: NDT ok fitness=0.0834 pose=(1.57 -2.97 0.03)
[pcd_ndt_localizer-1] [INFO] [1786514106.664917925] [pcd_ndt_localizer]: NDT ok fitness=0.0832 pose=(1.57 -2.98 0.03)
[pcd_ndt_localizer-1] [INFO] [1786514107.707520636] [pcd_ndt_localizer]: NDT ok fitness=0.0837 pose=(1.58 -2.98 0.03)
[pcd_ndt_localizer-1] [INFO] [1786514108.746321387] [pcd_ndt_localizer]: NDT ok fitness=0.0824 pose=(1.58 -2.98 0.03)
[pcd_ndt_localizer-1] [INFO] [1786514109.924243480] [pcd_ndt_localizer]: NDT ok fitness=0.0836 pose=(1.57 -2.97 0.03)
[pcd_ndt_localizer-1] [INFO] [1786514110.969891139] [pcd_ndt_localizer]: NDT ok fitness=0.0836 pose=(1.58 -2.97 0.03)
[pcd_ndt_localizer-1] [INFO] [1786514112.027580274] [pcd_ndt_localizer]: NDT ok fitness=0.0823 pose=(1.58 -2.98 0.03)
[pcd_ndt_localizer-1] [INFO] [1786514113.228581697] [pcd_ndt_localizer]: NDT ok fitness=0.0826 pose=(1.58 -2.98 0.03)
[pcd_ndt_localizer-1] [INFO] [1786514114.240026981] [pcd_ndt_localizer]: NDT ok fitness=0.0824 pose=(1.57 -2.98 0.03)
[pcd_ndt_localizer-1] [INFO] [1786514115.247756262] [pcd_ndt_localizer]: NDT ok fitness=0.0824 pose=(1.57 -2.97 0.04)
[pcd_ndt_localizer-1] [INFO] [1786514116.284167791] [pcd_ndt_localizer]: NDT ok fitness=0.0833 pose=(1.58 -2.97 0.03)
[pcd_ndt_localizer-1] [INFO] [1786514117.412547371] [pcd_ndt_localizer]: NDT ok fitness=0.0838 pose=(1.57 -2.98 0.03)
[pcd_ndt_localizer-1] [INFO] [1786514118.448224641] [pcd_ndt_localizer]: NDT ok fitness=0.0828 pose=(1.58 -2.97 0.03)
[pcd_ndt_localizer-1] [INFO] [1786514119.483359726] [pcd_ndt_localizer]: NDT ok fitness=0.0818 pose=(1.58 -2.97 0.03)
[pcd_ndt_localizer-1] [INFO] [1786514120.633097463] [pcd_ndt_localizer]: NDT ok fitness=0.0829 pose=(1.58 -2.97 0.03)
[pcd_ndt_localizer-1] [INFO] [1786514121.636758494] [pcd_ndt_localizer]: NDT ok fitness=0.0829 pose=(1.58 -2.98 0.03)
[pcd_ndt_localizer-1] [INFO] [1786514122.691374365] [pcd_ndt_localizer]: NDT ok fitness=0.0823 pose=(1.57 -2.97 0.03)
[pcd_ndt_localizer-1] [INFO] [1786514123.886069790] [pcd_ndt_localizer]: NDT ok fitness=0.0825 pose=(1.57 -2.97 0.03)
[pcd_ndt_localizer-1] [INFO] [1786514124.994814992] [pcd_ndt_localizer]: NDT ok fitness=0.0830 pose=(1.57 -2.98 0.03)
[pcd_ndt_localizer-1] [INFO] [1786514126.035632790] [pcd_ndt_localizer]: NDT ok fitness=0.0830 pose=(1.58 -2.97 0.03)
[pcd_ndt_localizer-1] [INFO] [1786514127.232019657] [pcd_ndt_localizer]: NDT ok fitness=0.0824 pose=(1.57 -2.98 0.04)
[pcd_ndt_localizer-1] [INFO] [1786514128.410916272] [pcd_ndt_localizer]: NDT ok fitness=0.0827 pose=(1.58 -2.97 0.03)
[pcd_ndt_localizer-1] [INFO] [1786514129.531149515] [pcd_ndt_localizer]: NDT ok fitness=0.0813 pose=(1.57 -2.97 0.03)
[pcd_ndt_localizer-1] [INFO] [1786514130.553036225] [pcd_ndt_localizer]: NDT ok fitness=0.0838 pose=(1.57 -2.97 0.03)
[pcd_ndt_localizer-1] [INFO] [1786514131.558292468] [pcd_ndt_localizer]: NDT ok fitness=0.0828 pose=(1.58 -2.97 0.03)
[pcd_ndt_localizer-1] [INFO] [1786514132.597809852] [pcd_ndt_localizer]: NDT ok fitness=0.0814 pose=(1.58 -2.98 0.03)
[pcd_ndt_localizer-1] [INFO] [1786514133.801348359] [pcd_ndt_localizer]: NDT ok fitness=0.0834 pose=(1.58 -2.97 0.03)
[pcd_ndt_localizer-1] [INFO] [1786514134.844662054] [pcd_ndt_localizer]: NDT ok fitness=0.0848 pose=(1.57 -2.98 0.03)
[pcd_ndt_localizer-1] [INFO] [1786514135.989858932] [pcd_ndt_localizer]: NDT ok fitness=0.0822 pose=(1.57 -2.97 0.04)
[pcd_ndt_localizer-1] [INFO] [1786514137.062771878] [pcd_ndt_localizer]: NDT ok fitness=0.0830 pose=(1.58 -2.98 0.04)
[pcd_ndt_localizer-1] [INFO] [1786514138.200541487] [pcd_ndt_localizer]: NDT ok fitness=0.0828 pose=(1.58 -2.98 0.03)
[pcd_ndt_localizer-1] [INFO] [1786514139.264604693] [pcd_ndt_localizer]: NDT ok fitness=0.0825 pose=(1.58 -2.98 0.03)
[pcd_ndt_localizer-1] [INFO] [1786514140.265101220] [pcd_ndt_localizer]: NDT ok fitness=0.0831 pose=(1.57 -2.97 0.03)
[pcd_ndt_localizer-1] [INFO] [1786514141.457095363] [pcd_ndt_localizer]: NDT ok fitness=0.0810 pose=(1.58 -2.98 0.03)
[pcd_ndt_localizer-1] [INFO] [1786514142.592415157] [pcd_ndt_localizer]: NDT ok fitness=0.0832 pose=(1.57 -2.98 0.04)
[pcd_ndt_localizer-1] [INFO] [1786514143.613313659] [pcd_ndt_localizer]: NDT ok fitness=0.0836 pose=(1.57 -2.98 0.03)
[pcd_ndt_localizer-1] [INFO] [1786514144.722291735] [pcd_ndt_localizer]: NDT ok fitness=0.0821 pose=(1.57 -2.98 0.04)
[pcd_ndt_localizer-1] [INFO] [1786514145.846759102] [pcd_ndt_localizer]: NDT ok fitness=0.0839 pose=(1.58 -2.97 0.03)
[pcd_ndt_localizer-1] [INFO] [1786514147.021956916] [pcd_ndt_localizer]: NDT ok fitness=0.0823 pose=(1.57 -2.97 0.03)
[pcd_ndt_localizer-1] [INFO] [1786514148.048615983] [pcd_ndt_localizer]: NDT ok fitness=0.0835 pose=(1.57 -2.97 0.04)
[pcd_ndt_localizer-1] [INFO] [1786514149.104986691] [pcd_ndt_localizer]: NDT ok fitness=0.0828 pose=(1.58 -2.98 0.03)
[pcd_ndt_localizer-1] [INFO] [1786514150.138744437] [pcd_ndt_localizer]: NDT ok fitness=0.0824 pose=(1.58 -2.98 0.03)
[pcd_ndt_localizer-1] [INFO] [1786514151.301164418] [pcd_ndt_localizer]: NDT ok fitness=0.0832 pose=(1.58 -2.98 0.03)
[pcd_ndt_localizer-1] [INFO] [1786514152.340788815] [pcd_ndt_localizer]: NDT ok fitness=0.0826 pose=(1.58 -2.97 0.03)
[pcd_ndt_localizer-1] [INFO] [1786514153.432658706] [pcd_ndt_localizer]: NDT ok fitness=0.0828 pose=(1.58 -2.97 0.04)
[pcd_ndt_localizer-1] [INFO] [1786514154.434037739] [pcd_ndt_localizer]: NDT ok fitness=0.0830 pose=(1.57 -2.98 0.03)
[pcd_ndt_localizer-1] [INFO] [1786514155.482716940] [pcd_ndt_localizer]: NDT ok fitness=0.0826 pose=(1.58 -2.97 0.03)
[pcd_ndt_localizer-1] [INFO] [1786514156.516014056] [pcd_ndt_localizer]: NDT ok fitness=0.0832 pose=(1.58 -2.97 0.03)
[pcd_ndt_localizer-1] [INFO] [1786514157.530544538] [pcd_ndt_localizer]: NDT ok fitness=0.0825 pose=(1.58 -2.97 0.03)
[pcd_ndt_localizer-1] [INFO] [1786514158.532107164] [pcd_ndt_localizer]: NDT ok fitness=0.0820 pose=(1.57 -2.97 0.03)
[pcd_ndt_localizer-1] [INFO] [1786514159.670866740] [pcd_ndt_localizer]: NDT ok fitness=0.0830 pose=(1.58 -2.97 0.03)
[pcd_ndt_localizer-1] [INFO] [1786514160.746415717] [pcd_ndt_localizer]: NDT ok fitness=0.0828 pose=(1.58 -2.97 0.03)
[pcd_ndt_localizer-1] [INFO] [1786514161.790388579] [pcd_ndt_localizer]: NDT ok fitness=0.0823 pose=(1.58 -2.97 0.03)
[pcd_ndt_localizer-1] [INFO] [1786514162.842131448] [pcd_ndt_localizer]: NDT ok fitness=0.0826 pose=(1.57 -2.98 0.04)
[pcd_ndt_localizer-1] [INFO] [1786514163.844557891] [pcd_ndt_localizer]: NDT ok fitness=0.0837 pose=(1.57 -2.97 0.03)
[pcd_ndt_localizer-1] [INFO] [1786514164.907755200] [pcd_ndt_localizer]: NDT ok fitness=0.0831 pose=(1.57 -2.97 0.03)
[pcd_ndt_localizer-1] [INFO] [1786514165.912851788] [pcd_ndt_localizer]: NDT ok fitness=0.0825 pose=(1.58 -2.98 0.03)
[pcd_ndt_localizer-1] [INFO] [1786514166.941069715] [pcd_ndt_localizer]: NDT ok fitness=0.0823 pose=(1.58 -2.97 0.03)
[pcd_ndt_localizer-1] [INFO] [1786514167.955555779] [pcd_ndt_localizer]: NDT ok fitness=0.0834 pose=(1.57 -2.98 0.03)
[pcd_ndt_localizer-1] [INFO] [1786514169.018320108] [pcd_ndt_localizer]: NDT ok fitness=0.0834 pose=(1.58 -2.98 0.04)
[pcd_ndt_localizer-1] [INFO] [1786514170.215222967] [pcd_ndt_localizer]: NDT ok fitness=0.0828 pose=(1.58 -2.97 0.03)
[pcd_ndt_localizer-1] [INFO] [1786514171.400807905] [pcd_ndt_localizer]: NDT ok fitness=0.0825 pose=(1.58 -2.98 0.04)
[pcd_ndt_localizer-1] [INFO] [1786514172.580323431] [pcd_ndt_localizer]: NDT ok fitness=0.0829 pose=(1.57 -2.98 0.03)
[pcd_ndt_localizer-1] [INFO] [1786514173.711714044] [pcd_ndt_localizer]: NDT ok fitness=0.0837 pose=(1.58 -2.98 0.03)
[pcd_ndt_localizer-1] [INFO] [1786514174.712198377] [pcd_ndt_localizer]: NDT ok fitness=0.0824 pose=(1.57 -2.98 0.04)
[pcd_ndt_localizer-1] [INFO] [1786514175.762616350] [pcd_ndt_localizer]: NDT ok fitness=0.0826 pose=(1.58 -2.97 0.03)
[pcd_ndt_localizer-1] [INFO] [1786514176.779089230] [pcd_ndt_localizer]: NDT ok fitness=0.0822 pose=(1.57 -2.98 0.04)
[pcd_ndt_localizer-1] [INFO] [1786514177.803144876] [pcd_ndt_localizer]: NDT ok fitness=0.0818 pose=(1.57 -2.98 0.03)
[pcd_ndt_localizer-1] [INFO] [1786514178.989424536] [pcd_ndt_localizer]: NDT ok fitness=0.0827 pose=(1.58 -2.97 0.03)
[pcd_ndt_localizer-1] [INFO] [1786514180.156748561] [pcd_ndt_localizer]: NDT ok fitness=0.0824 pose=(1.58 -2.98 0.03)
[pcd_ndt_localizer-1] [INFO] [1786514181.211324463] [pcd_ndt_localizer]: NDT ok fitness=0.0821 pose=(1.57 -2.98 0.03)
[pcd_ndt_localizer-1] [INFO] [1786514182.215932867] [pcd_ndt_localizer]: NDT ok fitness=0.0829 pose=(1.57 -2.98 0.03)
[pcd_ndt_localizer-1] [INFO] [1786514183.216607290] [pcd_ndt_localizer]: NDT ok fitness=0.0824 pose=(1.58 -2.98 0.03)
[pcd_ndt_localizer-1] [INFO] [1786514184.254725470] [pcd_ndt_localizer]: NDT ok fitness=0.0811 pose=(1.58 -2.98 0.03)
[pcd_ndt_localizer-1] [INFO] [1786514185.302984171] [pcd_ndt_localizer]: NDT ok fitness=0.0823 pose=(1.58 -2.98 0.03)
[pcd_ndt_localizer-1] [INFO] [1786514186.386277457] [pcd_ndt_localizer]: NDT ok fitness=0.0820 pose=(1.58 -2.97 0.03)
[pcd_ndt_localizer-1] [INFO] [1786514187.486374945] [pcd_ndt_localizer]: NDT ok fitness=0.0832 pose=(1.58 -2.98 0.04)
[pcd_ndt_localizer-1] [INFO] [1786514188.573721547] [pcd_ndt_localizer]: NDT ok fitness=0.0833 pose=(1.57 -2.97 0.03)
[pcd_ndt_localizer-1] [INFO] [1786514189.588211963] [pcd_ndt_localizer]: NDT ok fitness=0.0828 pose=(1.57 -2.98 0.03)
[pcd_ndt_localizer-1] [INFO] [1786514190.618126260] [pcd_ndt_localizer]: NDT ok fitness=0.0826 pose=(1.57 -2.97 0.04)
[pcd_ndt_localizer-1] [INFO] [1786514191.628523615] [pcd_ndt_localizer]: NDT ok fitness=0.0815 pose=(1.58 -2.98 0.03)
[pcd_ndt_localizer-1] [INFO] [1786514192.668501885] [pcd_ndt_localizer]: NDT ok fitness=0.0819 pose=(1.58 -2.98 0.03)
[pcd_ndt_localizer-1] [INFO] [1786514193.765343728] [pcd_ndt_localizer]: NDT ok fitness=0.0824 pose=(1.57 -2.98 0.03)
[pcd_ndt_localizer-1] [INFO] [1786514194.830743384] [pcd_ndt_localizer]: NDT ok fitness=0.0826 pose=(1.57 -2.97 0.04)
[pcd_ndt_localizer-1] [INFO] [1786514195.947264096] [pcd_ndt_localizer]: NDT ok fitness=0.0829 pose=(1.58 -2.97 0.03)
[pcd_ndt_localizer-1] [INFO] [1786514196.950059837] [pcd_ndt_localizer]: NDT ok fitness=0.0822 pose=(1.57 -2.98 0.03)
[pcd_ndt_localizer-1] [INFO] [1786514198.045567568] [pcd_ndt_localizer]: NDT ok fitness=0.0824 pose=(1.57 -2.98 0.03)
[pcd_ndt_localizer-1] [INFO] [1786514199.071127510] [pcd_ndt_localizer]: NDT ok fitness=0.0823 pose=(1.57 -2.98 0.03)
[pcd_ndt_localizer-1] [INFO] [1786514200.098416464] [pcd_ndt_localizer]: NDT ok fitness=0.0825 pose=(1.57 -2.97 0.04)
[pcd_ndt_localizer-1] [INFO] [1786514201.151284027] [pcd_ndt_localizer]: NDT ok fitness=0.0828 pose=(1.57 -2.98 0.04)
[pcd_ndt_localizer-1] [INFO] [1786514202.317212881] [pcd_ndt_localizer]: NDT ok fitness=0.0825 pose=(1.58 -2.97 0.03)
[pcd_ndt_localizer-1] [INFO] [1786514203.493660547] [pcd_ndt_localizer]: NDT ok fitness=0.0827 pose=(1.57 -2.98 0.03)
[pcd_ndt_localizer-1] [INFO] [1786514204.499935784] [pcd_ndt_localizer]: NDT ok fitness=0.0828 pose=(1.57 -2.98 0.03)
[pcd_ndt_localizer-1] [INFO] [1786514205.540076045] [pcd_ndt_localizer]: NDT ok fitness=0.0831 pose=(1.57 -2.98 0.03)
[pcd_ndt_localizer-1] [INFO] [1786514206.560288594] [pcd_ndt_localizer]: NDT ok fitness=0.0831 pose=(1.58 -2.98 0.03)
[pcd_ndt_localizer-1] [INFO] [1786514207.706035707] [pcd_ndt_localizer]: NDT ok fitness=0.0836 pose=(1.57 -2.98 0.04)
[pcd_ndt_localizer-1] [INFO] [1786514208.759761551] [pcd_ndt_localizer]: NDT ok fitness=0.0833 pose=(1.58 -2.97 0.03)
[pcd_ndt_localizer-1] [INFO] [1786514209.850759017] [pcd_ndt_localizer]: NDT ok fitness=0.0828 pose=(1.58 -2.98 0.03)
[pcd_ndt_localizer-1] [INFO] [1786514211.042123786] [pcd_ndt_localizer]: NDT ok fitness=0.0825 pose=(1.58 -2.98 0.03)
[pcd_ndt_localizer-1] [INFO] [1786514212.051149011] [pcd_ndt_localizer]: NDT ok fitness=0.0829 pose=(1.58 -2.98 0.03)
[pcd_ndt_localizer-1] [INFO] [1786514213.186952157] [pcd_ndt_localizer]: NDT ok fitness=0.0820 pose=(1.57 -2.98 0.03)
[pcd_ndt_localizer-1] [INFO] [1786514214.259703879] [pcd_ndt_localizer]: NDT ok fitness=0.0832 pose=(1.57 -2.98 0.04)
[pcd_ndt_localizer-1] [INFO] [1786514215.260371133] [pcd_ndt_localizer]: NDT ok fitness=0.0821 pose=(1.58 -2.98 0.03)
[pcd_ndt_localizer-1] [INFO] [1786514216.386887111] [pcd_ndt_localizer]: NDT ok fitness=0.0827 pose=(1.57 -2.98 0.03)
[pcd_ndt_localizer-1] [INFO] [1786514217.529733444] [pcd_ndt_localizer]: NDT ok fitness=0.0841 pose=(1.58 -2.98 0.04)
[pcd_ndt_localizer-1] [INFO] [1786514218.536617254] [pcd_ndt_localizer]: NDT ok fitness=0.0828 pose=(1.57 -2.98 0.03)
[pcd_ndt_localizer-1] [INFO] [1786514219.663796368] [pcd_ndt_localizer]: NDT ok fitness=0.0820 pose=(1.57 -2.97 0.03)
[pcd_ndt_localizer-1] [INFO] [1786514220.802423426] [pcd_ndt_localizer]: NDT ok fitness=0.0835 pose=(1.57 -2.98 0.04)
[pcd_ndt_localizer-1] [INFO] [1786514221.804143659] [pcd_ndt_localizer]: NDT ok fitness=0.0808 pose=(1.58 -2.97 0.03)
[pcd_ndt_localizer-1] [INFO] [1786514222.863746811] [pcd_ndt_localizer]: NDT ok fitness=0.0825 pose=(1.58 -2.98 0.03)
[pcd_ndt_localizer-1] [INFO] [1786514223.905486926] [pcd_ndt_localizer]: NDT ok fitness=0.0833 pose=(1.58 -2.97 0.03)
[pcd_ndt_localizer-1] [INFO] [1786514224.907189622] [pcd_ndt_localizer]: NDT ok fitness=0.0834 pose=(1.58 -2.97 0.03)
[pcd_ndt_localizer-1] [INFO] [1786514225.995726681] [pcd_ndt_localizer]: NDT ok fitness=0.0836 pose=(1.58 -2.98 0.03)
[pcd_ndt_localizer-1] [INFO] [1786514227.106994564] [pcd_ndt_localizer]: NDT ok fitness=0.0826 pose=(1.57 -2.98 0.03)
[pcd_ndt_localizer-1] [INFO] [1786514228.253065949] [pcd_ndt_localizer]: NDT ok fitness=0.0818 pose=(1.58 -2.97 0.03)
[pcd_ndt_localizer-1] [INFO] [1786514229.365041386] [pcd_ndt_localizer]: NDT ok fitness=0.0824 pose=(1.58 -2.98 0.03)
[pcd_ndt_localizer-1] [INFO] [1786514230.498964025] [pcd_ndt_localizer]: NDT ok fitness=0.0835 pose=(1.58 -2.98 0.03)
[pcd_ndt_localizer-1] [INFO] [1786514231.548283257] [pcd_ndt_localizer]: NDT ok fitness=0.0823 pose=(1.58 -2.98 0.03)
[pcd_ndt_localizer-1] [INFO] [1786514232.554026564] [pcd_ndt_localizer]: NDT ok fitness=0.0819 pose=(1.58 -2.98 0.03)
[pcd_ndt_localizer-1] [INFO] [1786514233.627760893] [pcd_ndt_localizer]: NDT ok fitness=0.0838 pose=(1.57 -2.97 0.04)
[pcd_ndt_localizer-1] [INFO] [1786514234.898288262] [pcd_ndt_localizer]: NDT ok fitness=0.0827 pose=(1.58 -2.98 0.03)
[pcd_ndt_localizer-1] [INFO] [1786514235.945030442] [pcd_ndt_localizer]: NDT ok fitness=0.0823 pose=(1.58 -2.97 0.03)
[pcd_ndt_localizer-1] [INFO] [1786514237.151909271] [pcd_ndt_localizer]: NDT ok fitness=0.0834 pose=(1.57 -2.98 0.03)
[pcd_ndt_localizer-1] [INFO] [1786514238.219559595] [pcd_ndt_localizer]: NDT ok fitness=0.0828 pose=(1.58 -2.98 0.03)
[pcd_ndt_localizer-1] [INFO] [1786514239.224617877] [pcd_ndt_localizer]: NDT ok fitness=0.0834 pose=(1.58 -2.98 0.03)
[pcd_ndt_localizer-1] [INFO] [1786514240.339285955] [pcd_ndt_localizer]: NDT ok fitness=0.0826 pose=(1.58 -2.97 0.03)
[pcd_ndt_localizer-1] [INFO] [1786514241.345104530] [pcd_ndt_localizer]: NDT ok fitness=0.0833 pose=(1.58 -2.98 0.03)
[pcd_ndt_localizer-1] [INFO] [1786514242.457772897] [pcd_ndt_localizer]: NDT ok fitness=0.0839 pose=(1.58 -2.98 0.03)
[pcd_ndt_localizer-1] [INFO] [1786514243.580651483] [pcd_ndt_localizer]: NDT ok fitness=0.0842 pose=(1.58 -2.97 0.03)
[pcd_ndt_localizer-1] [INFO] [1786514244.586703829] [pcd_ndt_localizer]: NDT ok fitness=0.0819 pose=(1.58 -2.97 0.03)
[pcd_ndt_localizer-1] [INFO] [1786514245.646126652] [pcd_ndt_localizer]: NDT ok fitness=0.0819 pose=(1.58 -2.97 0.04)
[pcd_ndt_localizer-1] [INFO] [1786514246.663353361] [pcd_ndt_localizer]: NDT ok fitness=0.0829 pose=(1.58 -2.98 0.03)
[pcd_ndt_localizer-1] [INFO] [1786514247.754304776] [pcd_ndt_localizer]: NDT ok fitness=0.0819 pose=(1.58 -2.98 0.03)
[pcd_ndt_localizer-1] [INFO] [1786514248.842955943] [pcd_ndt_localizer]: NDT ok fitness=0.0830 pose=(1.58 -2.98 0.03)
[pcd_ndt_localizer-1] [INFO] [1786514249.879378516] [pcd_ndt_localizer]: NDT ok fitness=0.0833 pose=(1.57 -2.98 0.03)
[pcd_ndt_localizer-1] [INFO] [1786514250.942642168] [pcd_ndt_localizer]: NDT ok fitness=0.0823 pose=(1.57 -2.97 0.03)
[pcd_ndt_localizer-1] [INFO] [1786514251.993915998] [pcd_ndt_localizer]: NDT ok fitness=0.0826 pose=(1.57 -2.98 0.03)
[pcd_ndt_localizer-1] [INFO] [1786514253.004782891] [pcd_ndt_localizer]: NDT ok fitness=0.0828 pose=(1.57 -2.97 0.03)
[pcd_ndt_localizer-1] [INFO] [1786514254.006989032] [pcd_ndt_localizer]: NDT ok fitness=0.0824 pose=(1.58 -2.97 0.03)
[pcd_ndt_localizer-1] [INFO] [1786514255.199032917] [pcd_ndt_localizer]: NDT ok fitness=0.0828 pose=(1.58 -2.98 0.03)
[pcd_ndt_localizer-1] [INFO] [1786514256.337584573] [pcd_ndt_localizer]: NDT ok fitness=0.0831 pose=(1.57 -2.98 0.03)
[pcd_ndt_localizer-1] [INFO] [1786514257.388534548] [pcd_ndt_localizer]: NDT ok fitness=0.0836 pose=(1.57 -2.98 0.03)
[pcd_ndt_localizer-1] [INFO] [1786514258.396880919] [pcd_ndt_localizer]: NDT ok fitness=0.0826 pose=(1.58 -2.98 0.03)
[pcd_ndt_localizer-1] [INFO] [1786514259.437002625] [pcd_ndt_localizer]: NDT ok fitness=0.0809 pose=(1.58 -2.98 0.03)
[pcd_ndt_localizer-1] [INFO] [1786514260.440895334] [pcd_ndt_localizer]: NDT ok fitness=0.0829 pose=(1.57 -2.97 0.03)
[pcd_ndt_localizer-1] [INFO] [1786514261.635905169] [pcd_ndt_localizer]: NDT ok fitness=0.0832 pose=(1.57 -2.97 0.03)
[pcd_ndt_localizer-1] [INFO] [1786514262.659379927] [pcd_ndt_localizer]: NDT ok fitness=0.0836 pose=(1.57 -2.98 0.03)
[pcd_ndt_localizer-1] [INFO] [1786514263.833590829] [pcd_ndt_localizer]: NDT ok fitness=0.0826 pose=(1.57 -2.97 0.03)
[pcd_ndt_localizer-1] [INFO] [1786514265.008303032] [pcd_ndt_localizer]: NDT ok fitness=0.0826 pose=(1.57 -2.98 0.03)
[pcd_ndt_localizer-1] [INFO] [1786514266.063484131] [pcd_ndt_localizer]: NDT ok fitness=0.0819 pose=(1.57 -2.98 0.03)
[pcd_ndt_localizer-1] [INFO] [1786514267.131956869] [pcd_ndt_localizer]: NDT ok fitness=0.0833 pose=(1.58 -2.98 0.03)
[pcd_ndt_localizer-1] [INFO] [1786514268.278115216] [pcd_ndt_localizer]: NDT ok fitness=0.0823 pose=(1.58 -2.98 0.03)
[pcd_ndt_localizer-1] [INFO] [1786514269.328334697] [pcd_ndt_localizer]: NDT ok fitness=0.0822 pose=(1.58 -2.98 0.03)
[pcd_ndt_localizer-1] [INFO] [1786514270.332374484] [pcd_ndt_localizer]: NDT ok fitness=0.0830 pose=(1.58 -2.97 0.03)
[pcd_ndt_localizer-1] [INFO] [1786514271.334867165] [pcd_ndt_localizer]: NDT ok fitness=0.0820 pose=(1.57 -2.98 0.03)
[pcd_ndt_localizer-1] [INFO] [1786514272.476575499] [pcd_ndt_localizer]: NDT ok fitness=0.0829 pose=(1.57 -2.98 0.03)
[pcd_ndt_localizer-1] [INFO] [1786514273.517670335] [pcd_ndt_localizer]: NDT ok fitness=0.0830 pose=(1.57 -2.97 0.03)
[pcd_ndt_localizer-1] [INFO] [1786514274.572873964] [pcd_ndt_localizer]: NDT ok fitness=0.0831 pose=(1.57 -2.97 0.03)
[pcd_ndt_localizer-1] [INFO] [1786514275.624617349] [pcd_ndt_localizer]: NDT ok fitness=0.0829 pose=(1.58 -2.98 0.04)
[pcd_ndt_localizer-1] [INFO] [1786514276.770330974] [pcd_ndt_localizer]: NDT ok fitness=0.0830 pose=(1.58 -2.98 0.03)
[pcd_ndt_localizer-1] [INFO] [1786514277.860450297] [pcd_ndt_localizer]: NDT ok fitness=0.0822 pose=(1.58 -2.97 0.03)
[pcd_ndt_localizer-1] [INFO] [1786514279.037961211] [pcd_ndt_localizer]: NDT ok fitness=0.0834 pose=(1.58 -2.98 0.03)
[pcd_ndt_localizer-1] [INFO] [1786514280.053668374] [pcd_ndt_localizer]: NDT ok fitness=0.0828 pose=(1.58 -2.97 0.03)
[pcd_ndt_localizer-1] [INFO] [1786514281.115083659] [pcd_ndt_localizer]: NDT ok fitness=0.0827 pose=(1.57 -2.98 0.03)
[pcd_ndt_localizer-1] [INFO] [1786514282.201288991] [pcd_ndt_localizer]: NDT ok fitness=0.0822 pose=(1.58 -2.97 0.03)
[pcd_ndt_localizer-1] [INFO] [1786514283.352741676] [pcd_ndt_localizer]: NDT ok fitness=0.0826 pose=(1.57 -2.98 0.03)
[pcd_ndt_localizer-1] [INFO] [1786514284.541414537] [pcd_ndt_localizer]: NDT ok fitness=0.0827 pose=(1.58 -2.97 0.03)
[pcd_ndt_localizer-1] [INFO] [1786514285.543599942] [pcd_ndt_localizer]: NDT ok fitness=0.0834 pose=(1.58 -2.97 0.03)
[pcd_ndt_localizer-1] [INFO] [1786514286.543707625] [pcd_ndt_localizer]: NDT ok fitness=0.0826 pose=(1.58 -2.98 0.03)
[pcd_ndt_localizer-1] [INFO] [1786514287.617035257] [pcd_ndt_localizer]: NDT ok fitness=0.0840 pose=(1.57 -2.97 0.03)
[pcd_ndt_localizer-1] [INFO] [1786514288.645132036] [pcd_ndt_localizer]: NDT ok fitness=0.0834 pose=(1.58 -2.97 0.03)
[pcd_ndt_localizer-1] [INFO] [1786514289.681629813] [pcd_ndt_localizer]: NDT ok fitness=0.0827 pose=(1.58 -2.98 0.03)
[pcd_ndt_localizer-1] [INFO] [1786514290.794642014] [pcd_ndt_localizer]: NDT ok fitness=0.0831 pose=(1.57 -2.97 0.04)
[pcd_ndt_localizer-1] [INFO] [1786514291.804946547] [pcd_ndt_localizer]: NDT ok fitness=0.0833 pose=(1.57 -2.98 0.03)
[pcd_ndt_localizer-1] [INFO] [1786514292.821593783] [pcd_ndt_localizer]: NDT ok fitness=0.0832 pose=(1.57 -2.98 0.03)
[pcd_ndt_localizer-1] [INFO] [1786514293.964914730] [pcd_ndt_localizer]: NDT ok fitness=0.0838 pose=(1.57 -2.97 0.03)
[pcd_ndt_localizer-1] [INFO] [1786514294.992709896] [pcd_ndt_localizer]: NDT ok fitness=0.0828 pose=(1.58 -2.98 0.04)
[pcd_ndt_localizer-1] [INFO] [1786514296.075848602] [pcd_ndt_localizer]: NDT ok fitness=0.0820 pose=(1.57 -2.98 0.03)
[pcd_ndt_localizer-1] [INFO] [1786514297.159010284] [pcd_ndt_localizer]: NDT ok fitness=0.0837 pose=(1.58 -2.98 0.03)
[pcd_ndt_localizer-1] [INFO] [1786514298.177680774] [pcd_ndt_localizer]: NDT ok fitness=0.0838 pose=(1.57 -2.98 0.04)
[pcd_ndt_localizer-1] [INFO] [1786514299.272019476] [pcd_ndt_localizer]: NDT ok fitness=0.0838 pose=(1.58 -2.98 0.03)
[pcd_ndt_localizer-1] [INFO] [1786514300.375555434] [pcd_ndt_localizer]: NDT ok fitness=0.0836 pose=(1.57 -2.97 0.03)
[pcd_ndt_localizer-1] [INFO] [1786514301.474975600] [pcd_ndt_localizer]: NDT ok fitness=0.0810 pose=(1.58 -2.98 0.03)
[pcd_ndt_localizer-1] [INFO] [1786514302.641961330] [pcd_ndt_localizer]: NDT ok fitness=0.0830 pose=(1.58 -2.97 0.04)
[pcd_ndt_localizer-1] [INFO] [1786514303.698454454] [pcd_ndt_localizer]: NDT ok fitness=0.0817 pose=(1.58 -2.98 0.03)
[pcd_ndt_localizer-1] [INFO] [1786514304.718991551] [pcd_ndt_localizer]: NDT ok fitness=0.0828 pose=(1.58 -2.98 0.03)
[pcd_ndt_localizer-1] [INFO] [1786514305.720724808] [pcd_ndt_localizer]: NDT ok fitness=0.0821 pose=(1.57 -2.98 0.03)
[pcd_ndt_localizer-1] [INFO] [1786514306.768270671] [pcd_ndt_localizer]: NDT ok fitness=0.0825 pose=(1.58 -2.98 0.03)
[pcd_ndt_localizer-1] [INFO] [1786514307.803985182] [pcd_ndt_localizer]: NDT ok fitness=0.0828 pose=(1.58 -2.97 0.03)
[pcd_ndt_localizer-1] [INFO] [1786514308.836880917] [pcd_ndt_localizer]: NDT ok fitness=0.0825 pose=(1.58 -2.98 0.03)
[pcd_ndt_localizer-1] [INFO] [1786514309.880585880] [pcd_ndt_localizer]: NDT ok fitness=0.0827 pose=(1.58 -2.97 0.03)
[pcd_ndt_localizer-1] [INFO] [1786514310.908925838] [pcd_ndt_localizer]: NDT ok fitness=0.0828 pose=(1.58 -2.97 0.04)
[pcd_ndt_localizer-1] [INFO] [1786514312.006207961] [pcd_ndt_localizer]: NDT ok fitness=0.0823 pose=(1.58 -2.97 0.03)
[pcd_ndt_localizer-1] [INFO] [1786514313.062257482] [pcd_ndt_localizer]: NDT ok fitness=0.0837 pose=(1.58 -2.97 0.03)
[pcd_ndt_localizer-1] [INFO] [1786514314.071899875] [pcd_ndt_localizer]: NDT ok fitness=0.0838 pose=(1.57 -2.97 0.03)
[pcd_ndt_localizer-1] [INFO] [1786514315.198523152] [pcd_ndt_localizer]: NDT ok fitness=0.0826 pose=(1.58 -2.97 0.04)
[pcd_ndt_localizer-1] [INFO] [1786514316.267773458] [pcd_ndt_localizer]: NDT ok fitness=0.0828 pose=(1.58 -2.98 0.03)
[pcd_ndt_localizer-1] [INFO] [1786514317.271743610] [pcd_ndt_localizer]: NDT ok fitness=0.0822 pose=(1.58 -2.98 0.03)
[pcd_ndt_localizer-1] [INFO] [1786514318.271790779] [pcd_ndt_localizer]: NDT ok fitness=0.0818 pose=(1.57 -2.98 0.03)
[pcd_ndt_localizer-1] [INFO] [1786514319.311184263] [pcd_ndt_localizer]: NDT ok fitness=0.0825 pose=(1.58 -2.97 0.03)
[pcd_ndt_localizer-1] [INFO] [1786514320.459416139] [pcd_ndt_localizer]: NDT ok fitness=0.0820 pose=(1.58 -2.98 0.04)
[pcd_ndt_localizer-1] [INFO] [1786514321.536502171] [pcd_ndt_localizer]: NDT ok fitness=0.0812 pose=(1.58 -2.97 0.03)
[pcd_ndt_localizer-1] [INFO] [1786514322.716681838] [pcd_ndt_localizer]: NDT ok fitness=0.0836 pose=(1.57 -2.98 0.04)
[pcd_ndt_localizer-1] [INFO] [1786514323.801529481] [pcd_ndt_localizer]: NDT ok fitness=0.0829 pose=(1.58 -2.98 0.03)
[pcd_ndt_localizer-1] [INFO] [1786514324.859765910] [pcd_ndt_localizer]: NDT ok fitness=0.0834 pose=(1.57 -2.98 0.03)
[pcd_ndt_localizer-1] [INFO] [1786514325.875205287] [pcd_ndt_localizer]: NDT ok fitness=0.0835 pose=(1.58 -2.98 0.03)
[pcd_ndt_localizer-1] [INFO] [1786514326.929212576] [pcd_ndt_localizer]: NDT ok fitness=0.0824 pose=(1.57 -2.97 0.03)
[pcd_ndt_localizer-1] [INFO] [1786514327.984933091] [pcd_ndt_localizer]: NDT ok fitness=0.0827 pose=(1.58 -2.98 0.03)
[pcd_ndt_localizer-1] [INFO] [1786514329.146220563] [pcd_ndt_localizer]: NDT ok fitness=0.0832 pose=(1.58 -2.98 0.04)
[pcd_ndt_localizer-1] [INFO] [1786514330.245263241] [pcd_ndt_localizer]: NDT ok fitness=0.0826 pose=(1.57 -2.97 0.04)
[pcd_ndt_localizer-1] [INFO] [1786514331.260759420] [pcd_ndt_localizer]: NDT ok fitness=0.0831 pose=(1.58 -2.98 0.03)
[pcd_ndt_localizer-1] [INFO] [1786514332.331770697] [pcd_ndt_localizer]: NDT ok fitness=0.0825 pose=(1.58 -2.98 0.03)
[pcd_ndt_localizer-1] [INFO] [1786514333.471910196] [pcd_ndt_localizer]: NDT ok fitness=0.0824 pose=(1.58 -2.97 0.03)
[pcd_ndt_localizer-1] [INFO] [1786514334.483389468] [pcd_ndt_localizer]: NDT ok fitness=0.0819 pose=(1.58 -2.97 0.03)
[pcd_ndt_localizer-1] [INFO] [1786514335.610358167] [pcd_ndt_localizer]: NDT ok fitness=0.0830 pose=(1.58 -2.97 0.03)
[pcd_ndt_localizer-1] [INFO] [1786514336.634130090] [pcd_ndt_localizer]: NDT ok fitness=0.0827 pose=(1.58 -2.98 0.03)
[pcd_ndt_localizer-1] [INFO] [1786514337.717770193] [pcd_ndt_localizer]: NDT ok fitness=0.0828 pose=(1.57 -2.98 0.03)
[pcd_ndt_localizer-1] [INFO] [1786514338.778215485] [pcd_ndt_localizer]: NDT ok fitness=0.0829 pose=(1.57 -2.97 0.04)
[pcd_ndt_localizer-1] [INFO] [1786514339.837374834] [pcd_ndt_localizer]: NDT ok fitness=0.0823 pose=(1.58 -2.97 0.04)
[pcd_ndt_localizer-1] [INFO] [1786514340.960462983] [pcd_ndt_localizer]: NDT ok fitness=0.0821 pose=(1.58 -2.98 0.04)
[pcd_ndt_localizer-1] [INFO] [1786514341.988528337] [pcd_ndt_localizer]: NDT ok fitness=0.0829 pose=(1.57 -2.98 0.03)
[pcd_ndt_localizer-1] [INFO] [1786514343.045391972] [pcd_ndt_localizer]: NDT ok fitness=0.0830 pose=(1.58 -2.97 0.03)
[pcd_ndt_localizer-1] [INFO] [1786514344.085525520] [pcd_ndt_localizer]: NDT ok fitness=0.0822 pose=(1.58 -2.97 0.03)
[pcd_ndt_localizer-1] [INFO] [1786514345.135398201] [pcd_ndt_localizer]: NDT ok fitness=0.0829 pose=(1.58 -2.97 0.03)
[pcd_ndt_localizer-1] [INFO] [1786514346.195322479] [pcd_ndt_localizer]: NDT ok fitness=0.0835 pose=(1.57 -2.98 0.03)
[pcd_ndt_localizer-1] [INFO] [1786514347.376495405] [pcd_ndt_localizer]: NDT ok fitness=0.0822 pose=(1.58 -2.97 0.03)
[pcd_ndt_localizer-1] [INFO] [1786514348.478893362] [pcd_ndt_localizer]: NDT ok fitness=0.0826 pose=(1.57 -2.98 0.04)
[pcd_ndt_localizer-1] [INFO] [1786514349.525495184] [pcd_ndt_localizer]: NDT ok fitness=0.0826 pose=(1.57 -2.97 0.03)
[pcd_ndt_localizer-1] [INFO] [1786514350.575161745] [pcd_ndt_localizer]: NDT ok fitness=0.0826 pose=(1.58 -2.97 0.03)
[pcd_ndt_localizer-1] [INFO] [1786514351.635531898] [pcd_ndt_localizer]: NDT ok fitness=0.0838 pose=(1.58 -2.98 0.03)
[pcd_ndt_localizer-1] [INFO] [1786514352.729157226] [pcd_ndt_localizer]: NDT ok fitness=0.0825 pose=(1.58 -2.98 0.03)
[pcd_ndt_localizer-1] [INFO] [1786514353.891794451] [pcd_ndt_localizer]: NDT ok fitness=0.0828 pose=(1.57 -2.98 0.04)
[pcd_ndt_localizer-1] [INFO] [1786514355.094769520] [pcd_ndt_localizer]: NDT ok fitness=0.0843 pose=(1.57 -2.98 0.03)
[pcd_ndt_localizer-1] [INFO] [1786514356.120189897] [pcd_ndt_localizer]: NDT ok fitness=0.0827 pose=(1.58 -2.98 0.03)
[pcd_ndt_localizer-1] [INFO] [1786514357.183411851] [pcd_ndt_localizer]: NDT ok fitness=0.0830 pose=(1.57 -2.97 0.03)
[pcd_ndt_localizer-1] [INFO] [1786514358.326596312] [pcd_ndt_localizer]: NDT ok fitness=0.0831 pose=(1.58 -2.97 0.03)
[pcd_ndt_localizer-1] [INFO] [1786514359.379213975] [pcd_ndt_localizer]: NDT ok fitness=0.0827 pose=(1.58 -2.98 0.03)
[pcd_ndt_localizer-1] [INFO] [1786514360.556124159] [pcd_ndt_localizer]: NDT ok fitness=0.0829 pose=(1.58 -2.97 0.03)
[pcd_ndt_localizer-1] [INFO] [1786514361.566489944] [pcd_ndt_localizer]: NDT ok fitness=0.0824 pose=(1.57 -2.98 0.03)
[pcd_ndt_localizer-1] [INFO] [1786514362.709527870] [pcd_ndt_localizer]: NDT ok fitness=0.0821 pose=(1.58 -2.98 0.03)
[pcd_ndt_localizer-1] [INFO] [1786514363.755851793] [pcd_ndt_localizer]: NDT ok fitness=0.0836 pose=(1.57 -2.97 0.03)
[pcd_ndt_localizer-1] [INFO] [1786514364.806297715] [pcd_ndt_localizer]: NDT ok fitness=0.0830 pose=(1.58 -2.97 0.03)
[pcd_ndt_localizer-1] [INFO] [1786514365.887004317] [pcd_ndt_localizer]: NDT ok fitness=0.0818 pose=(1.58 -2.97 0.04)
[pcd_ndt_localizer-1] [INFO] [1786514366.898075732] [pcd_ndt_localizer]: NDT ok fitness=0.0831 pose=(1.57 -2.98 0.04)
[pcd_ndt_localizer-1] [INFO] [1786514367.899179746] [pcd_ndt_localizer]: NDT ok fitness=0.0832 pose=(1.57 -2.97 0.03)
[pcd_ndt_localizer-1] [INFO] [1786514368.902352488] [pcd_ndt_localizer]: NDT ok fitness=0.0817 pose=(1.58 -2.97 0.03)
[pcd_ndt_localizer-1] [INFO] [1786514369.924885446] [pcd_ndt_localizer]: NDT ok fitness=0.0819 pose=(1.57 -2.98 0.03)
[pcd_ndt_localizer-1] [INFO] [1786514370.927081923] [pcd_ndt_localizer]: NDT ok fitness=0.0829 pose=(1.58 -2.98 0.03)
[pcd_ndt_localizer-1] [INFO] [1786514371.955871819] [pcd_ndt_localizer]: NDT ok fitness=0.0830 pose=(1.58 -2.97 0.03)
[pcd_ndt_localizer-1] [INFO] [1786514373.122745961] [pcd_ndt_localizer]: NDT ok fitness=0.0821 pose=(1.58 -2.98 0.03)
[pcd_ndt_localizer-1] [INFO] [1786514374.249510715] [pcd_ndt_localizer]: NDT ok fitness=0.0821 pose=(1.58 -2.97 0.04)
[pcd_ndt_localizer-1] [INFO] [1786514375.410989106] [pcd_ndt_localizer]: NDT ok fitness=0.0824 pose=(1.58 -2.97 0.03)
[pcd_ndt_localizer-1] [INFO] [1786514376.456860210] [pcd_ndt_localizer]: NDT ok fitness=0.0816 pose=(1.58 -2.98 0.03)
[pcd_ndt_localizer-1] [INFO] [1786514377.504613986] [pcd_ndt_localizer]: NDT ok fitness=0.0820 pose=(1.57 -2.98 0.03)
[pcd_ndt_localizer-1] [INFO] [1786514378.622083016] [pcd_ndt_localizer]: NDT ok fitness=0.0828 pose=(1.57 -2.98 0.03)
[pcd_ndt_localizer-1] [INFO] [1786514379.790278622] [pcd_ndt_localizer]: NDT ok fitness=0.0816 pose=(1.58 -2.97 0.04)
[pcd_ndt_localizer-1] [INFO] [1786514380.956994804] [pcd_ndt_localizer]: NDT ok fitness=0.0833 pose=(1.57 -2.98 0.03)
[pcd_ndt_localizer-1] [INFO] [1786514382.070061343] [pcd_ndt_localizer]: NDT ok fitness=0.0825 pose=(1.57 -2.98 0.03)
[pcd_ndt_localizer-1] [INFO] [1786514383.195083079] [pcd_ndt_localizer]: NDT ok fitness=0.0829 pose=(1.57 -2.97 0.03)
[pcd_ndt_localizer-1] [INFO] [1786514384.218204191] [pcd_ndt_localizer]: NDT ok fitness=0.0833 pose=(1.58 -2.98 0.03)
[pcd_ndt_localizer-1] [INFO] [1786514385.239785460] [pcd_ndt_localizer]: NDT ok fitness=0.0821 pose=(1.58 -2.97 0.03)
[pcd_ndt_localizer-1] [INFO] [1786514386.360592297] [pcd_ndt_localizer]: NDT ok fitness=0.0830 pose=(1.58 -2.97 0.03)
[pcd_ndt_localizer-1] [INFO] [1786514387.438856427] [pcd_ndt_localizer]: NDT ok fitness=0.0822 pose=(1.57 -2.97 0.03)
[pcd_ndt_localizer-1] [INFO] [1786514388.449449997] [pcd_ndt_localizer]: NDT ok fitness=0.0825 pose=(1.57 -2.98 0.03)
[pcd_ndt_localizer-1] [INFO] [1786514389.584144177] [pcd_ndt_localizer]: NDT ok fitness=0.0833 pose=(1.58 -2.97 0.03)
[pcd_ndt_localizer-1] [INFO] [1786514390.587823533] [pcd_ndt_localizer]: NDT ok fitness=0.0838 pose=(1.57 -2.98 0.03)
[pcd_ndt_localizer-1] [INFO] [1786514391.618775633] [pcd_ndt_localizer]: NDT ok fitness=0.0826 pose=(1.58 -2.98 0.04)
[pcd_ndt_localizer-1] [INFO] [1786514392.672086317] [pcd_ndt_localizer]: NDT ok fitness=0.0820 pose=(1.58 -2.97 0.03)
[pcd_ndt_localizer-1] [INFO] [1786514393.673656911] [pcd_ndt_localizer]: NDT ok fitness=0.0838 pose=(1.58 -2.98 0.03)
[pcd_ndt_localizer-1] [INFO] [1786514394.728220769] [pcd_ndt_localizer]: NDT ok fitness=0.0835 pose=(1.58 -2.97 0.03)
[pcd_ndt_localizer-1] [INFO] [1786514395.781302419] [pcd_ndt_localizer]: NDT ok fitness=0.0826 pose=(1.58 -2.98 0.03)
[pcd_ndt_localizer-1] [INFO] [1786514396.790169483] [pcd_ndt_localizer]: NDT ok fitness=0.0819 pose=(1.57 -2.97 0.03)
[pcd_ndt_localizer-1] [INFO] [1786514397.878998223] [pcd_ndt_localizer]: NDT ok fitness=0.0813 pose=(1.57 -2.98 0.03)
[pcd_ndt_localizer-1] [INFO] [1786514399.003095024] [pcd_ndt_localizer]: NDT ok fitness=0.0828 pose=(1.58 -2.97 0.04)
[pcd_ndt_localizer-1] [INFO] [1786514400.037366530] [pcd_ndt_localizer]: NDT ok fitness=0.0830 pose=(1.58 -2.97 0.03)
[pcd_ndt_localizer-1] [INFO] [1786514401.191269783] [pcd_ndt_localizer]: NDT ok fitness=0.0825 pose=(1.57 -2.97 0.03)
[pcd_ndt_localizer-1] [INFO] [1786514402.369698176] [pcd_ndt_localizer]: NDT ok fitness=0.0822 pose=(1.58 -2.98 0.03)
[pcd_ndt_localizer-1] [INFO] [1786514403.422296862] [pcd_ndt_localizer]: NDT ok fitness=0.0826 pose=(1.58 -2.98 0.03)
[pcd_ndt_localizer-1] [INFO] [1786514404.442119784] [pcd_ndt_localizer]: NDT ok fitness=0.0814 pose=(1.57 -2.97 0.03)
[pcd_ndt_localizer-1] [INFO] [1786514405.444807130] [pcd_ndt_localizer]: NDT ok fitness=0.0830 pose=(1.58 -2.98 0.03)
[pcd_ndt_localizer-1] [INFO] [1786514406.529405738] [pcd_ndt_localizer]: NDT ok fitness=0.0826 pose=(1.57 -2.98 0.03)
[pcd_ndt_localizer-1] [INFO] [1786514407.545208105] [pcd_ndt_localizer]: NDT ok fitness=0.0833 pose=(1.58 -2.97 0.03)
[pcd_ndt_localizer-1] [INFO] [1786514408.664896270] [pcd_ndt_localizer]: NDT ok fitness=0.0835 pose=(1.57 -2.98 0.03)
[pcd_ndt_localizer-1] [INFO] [1786514409.832716724] [pcd_ndt_localizer]: NDT ok fitness=0.0821 pose=(1.58 -2.97 0.03)
[pcd_ndt_localizer-1] [INFO] [1786514410.878575699] [pcd_ndt_localizer]: NDT ok fitness=0.0832 pose=(1.58 -2.97 0.03)
[pcd_ndt_localizer-1] [INFO] [1786514412.054722587] [pcd_ndt_localizer]: NDT ok fitness=0.0834 pose=(1.58 -2.97 0.03)
[pcd_ndt_localizer-1] [INFO] [1786514413.135746354] [pcd_ndt_localizer]: NDT ok fitness=0.0832 pose=(1.58 -2.98 0.03)
[pcd_ndt_localizer-1] [INFO] [1786514414.179269294] [pcd_ndt_localizer]: NDT ok fitness=0.0836 pose=(1.58 -2.98 0.04)
[pcd_ndt_localizer-1] [INFO] [1786514415.208789973] [pcd_ndt_localizer]: NDT ok fitness=0.0828 pose=(1.57 -2.97 0.03)
[pcd_ndt_localizer-1] [INFO] [1786514416.254753561] [pcd_ndt_localizer]: NDT ok fitness=0.0827 pose=(1.58 -2.97 0.03)
[pcd_ndt_localizer-1] [INFO] [1786514417.320428707] [pcd_ndt_localizer]: NDT ok fitness=0.0830 pose=(1.58 -2.98 0.03)
[pcd_ndt_localizer-1] [INFO] [1786514418.374922033] [pcd_ndt_localizer]: NDT ok fitness=0.0836 pose=(1.58 -2.98 0.03)
[pcd_ndt_localizer-1] [INFO] [1786514419.413134635] [pcd_ndt_localizer]: NDT ok fitness=0.0828 pose=(1.57 -2.98 0.04)
[pcd_ndt_localizer-1] [INFO] [1786514420.448219359] [pcd_ndt_localizer]: NDT ok fitness=0.0821 pose=(1.58 -2.97 0.03)
[pcd_ndt_localizer-1] [INFO] [1786514421.616344786] [pcd_ndt_localizer]: NDT ok fitness=0.0823 pose=(1.57 -2.97 0.03)
[pcd_ndt_localizer-1] [INFO] [1786514422.672857142] [pcd_ndt_localizer]: NDT ok fitness=0.0822 pose=(1.58 -2.98 0.03)
[pcd_ndt_localizer-1] [INFO] [1786514423.673450863] [pcd_ndt_localizer]: NDT ok fitness=0.0832 pose=(1.57 -2.98 0.04)
[pcd_ndt_localizer-1] [INFO] [1786514424.759675844] [pcd_ndt_localizer]: NDT ok fitness=0.0829 pose=(1.58 -2.98 0.03)
[pcd_ndt_localizer-1] [INFO] [1786514425.801305966] [pcd_ndt_localizer]: NDT ok fitness=0.0821 pose=(1.57 -2.98 0.03)
[pcd_ndt_localizer-1] [INFO] [1786514426.909533996] [pcd_ndt_localizer]: NDT ok fitness=0.0829 pose=(1.58 -2.97 0.04)
[pcd_ndt_localizer-1] [INFO] [1786514427.996489056] [pcd_ndt_localizer]: NDT ok fitness=0.0834 pose=(1.57 -2.97 0.04)
[pcd_ndt_localizer-1] [INFO] [1786514429.013984552] [pcd_ndt_localizer]: NDT ok fitness=0.0828 pose=(1.57 -2.98 0.03)
[pcd_ndt_localizer-1] [INFO] [1786514430.094260383] [pcd_ndt_localizer]: NDT ok fitness=0.0816 pose=(1.58 -2.97 0.03)
[pcd_ndt_localizer-1] [INFO] [1786514431.135242767] [pcd_ndt_localizer]: NDT ok fitness=0.0837 pose=(1.58 -2.97 0.04)
[pcd_ndt_localizer-1] [INFO] [1786514432.199707941] [pcd_ndt_localizer]: NDT ok fitness=0.0831 pose=(1.58 -2.97 0.03)
[pcd_ndt_localizer-1] [INFO] [1786514433.247011682] [pcd_ndt_localizer]: NDT ok fitness=0.0833 pose=(1.58 -2.98 0.03)
[pcd_ndt_localizer-1] [INFO] [1786514434.341170504] [pcd_ndt_localizer]: NDT ok fitness=0.0830 pose=(1.58 -2.97 0.03)
[pcd_ndt_localizer-1] [INFO] [1786514435.375364919] [pcd_ndt_localizer]: NDT ok fitness=0.0824 pose=(1.57 -2.97 0.03)
[pcd_ndt_localizer-1] [INFO] [1786514436.422534926] [pcd_ndt_localizer]: NDT ok fitness=0.0824 pose=(1.58 -2.98 0.03)
[pcd_ndt_localizer-1] [INFO] [1786514437.547958631] [pcd_ndt_localizer]: NDT ok fitness=0.0823 pose=(1.57 -2.97 0.03)
[pcd_ndt_localizer-1] [INFO] [1786514438.593044869] [pcd_ndt_localizer]: NDT ok fitness=0.0824 pose=(1.57 -2.97 0.03)
[pcd_ndt_localizer-1] [INFO] [1786514439.642788585] [pcd_ndt_localizer]: NDT ok fitness=0.0831 pose=(1.58 -2.97 0.03)
[pcd_ndt_localizer-1] [INFO] [1786514440.665938465] [pcd_ndt_localizer]: NDT ok fitness=0.0835 pose=(1.58 -2.97 0.03)
[pcd_ndt_localizer-1] [INFO] [1786514441.798261536] [pcd_ndt_localizer]: NDT ok fitness=0.0824 pose=(1.58 -2.97 0.03)
[pcd_ndt_localizer-1] [INFO] [1786514442.829918435] [pcd_ndt_localizer]: NDT ok fitness=0.0823 pose=(1.57 -2.98 0.03)
[pcd_ndt_localizer-1] [INFO] [1786514443.890362670] [pcd_ndt_localizer]: NDT ok fitness=0.0828 pose=(1.58 -2.98 0.03)
[pcd_ndt_localizer-1] [INFO] [1786514444.941779770] [pcd_ndt_localizer]: NDT ok fitness=0.0829 pose=(1.58 -2.98 0.03)
[pcd_ndt_localizer-1] [INFO] [1786514445.990989415] [pcd_ndt_localizer]: NDT ok fitness=0.0823 pose=(1.58 -2.97 0.03)
[pcd_ndt_localizer-1] [INFO] [1786514447.028807024] [pcd_ndt_localizer]: NDT ok fitness=0.0824 pose=(1.57 -2.98 0.03)
[pcd_ndt_localizer-1] [INFO] [1786514448.137061583] [pcd_ndt_localizer]: NDT ok fitness=0.0826 pose=(1.58 -2.98 0.04)
[pcd_ndt_localizer-1] [INFO] [1786514449.160750750] [pcd_ndt_localizer]: NDT ok fitness=0.0827 pose=(1.58 -2.97 0.03)
[pcd_ndt_localizer-1] [INFO] [1786514450.168088469] [pcd_ndt_localizer]: NDT ok fitness=0.0830 pose=(1.57 -2.97 0.03)
[pcd_ndt_localizer-1] [INFO] [1786514451.272355306] [pcd_ndt_localizer]: NDT ok fitness=0.0833 pose=(1.57 -2.98 0.04)
[pcd_ndt_localizer-1] [INFO] [1786514452.413396092] [pcd_ndt_localizer]: NDT ok fitness=0.0836 pose=(1.57 -2.97 0.03)
[pcd_ndt_localizer-1] [INFO] [1786514453.424091554] [pcd_ndt_localizer]: NDT ok fitness=0.0820 pose=(1.58 -2.98 0.03)
[pcd_ndt_localizer-1] [INFO] [1786514454.448182435] [pcd_ndt_localizer]: NDT ok fitness=0.0822 pose=(1.58 -2.97 0.03)
[pcd_ndt_localizer-1] [INFO] [1786514455.504328376] [pcd_ndt_localizer]: NDT ok fitness=0.0833 pose=(1.58 -2.98 0.03)
[pcd_ndt_localizer-1] [INFO] [1786514456.650020463] [pcd_ndt_localizer]: NDT ok fitness=0.0823 pose=(1.58 -2.98 0.03)
[pcd_ndt_localizer-1] [INFO] [1786514457.674321593] [pcd_ndt_localizer]: NDT ok fitness=0.0827 pose=(1.58 -2.97 0.03)
[pcd_ndt_localizer-1] [INFO] [1786514458.822166348] [pcd_ndt_localizer]: NDT ok fitness=0.0823 pose=(1.58 -2.97 0.03)
[pcd_ndt_localizer-1] [INFO] [1786514459.836193920] [pcd_ndt_localizer]: NDT ok fitness=0.0831 pose=(1.58 -2.98 0.03)
[pcd_ndt_localizer-1] [INFO] [1786514460.873871779] [pcd_ndt_localizer]: NDT ok fitness=0.0818 pose=(1.58 -2.97 0.03)
[pcd_ndt_localizer-1] [INFO] [1786514461.887833333] [pcd_ndt_localizer]: NDT ok fitness=0.0815 pose=(1.58 -2.97 0.03)
[pcd_ndt_localizer-1] [INFO] [1786514463.073797982] [pcd_ndt_localizer]: NDT ok fitness=0.0826 pose=(1.57 -2.98 0.03)
[pcd_ndt_localizer-1] [INFO] [1786514464.243853763] [pcd_ndt_localizer]: NDT ok fitness=0.0829 pose=(1.58 -2.98 0.03)
[pcd_ndt_localizer-1] [INFO] [1786514465.258712250] [pcd_ndt_localizer]: NDT ok fitness=0.0834 pose=(1.58 -2.98 0.04)
[pcd_ndt_localizer-1] [INFO] [1786514466.268686626] [pcd_ndt_localizer]: NDT ok fitness=0.0829 pose=(1.58 -2.98 0.03)
[pcd_ndt_localizer-1] [INFO] [1786514467.442369921] [pcd_ndt_localizer]: NDT ok fitness=0.0835 pose=(1.58 -2.97 0.03)
[pcd_ndt_localizer-1] [INFO] [1786514468.516195974] [pcd_ndt_localizer]: NDT ok fitness=0.0830 pose=(1.58 -2.97 0.03)
[pcd_ndt_localizer-1] [INFO] [1786514469.543466894] [pcd_ndt_localizer]: NDT ok fitness=0.0825 pose=(1.58 -2.98 0.03)
[pcd_ndt_localizer-1] [INFO] [1786514470.570004567] [pcd_ndt_localizer]: NDT ok fitness=0.0825 pose=(1.57 -2.98 0.03)
[pcd_ndt_localizer-1] [INFO] [1786514471.637949602] [pcd_ndt_localizer]: NDT ok fitness=0.0830 pose=(1.57 -2.98 0.03)
[pcd_ndt_localizer-1] [INFO] [1786514472.673460488] [pcd_ndt_localizer]: NDT ok fitness=0.0830 pose=(1.58 -2.97 0.04)
[pcd_ndt_localizer-1] [INFO] [1786514473.842482657] [pcd_ndt_localizer]: NDT ok fitness=0.0813 pose=(1.58 -2.97 0.03)
[pcd_ndt_localizer-1] [INFO] [1786514474.999334740] [pcd_ndt_localizer]: NDT ok fitness=0.0834 pose=(1.58 -2.98 0.03)
[pcd_ndt_localizer-1] [INFO] [1786514476.036625286] [pcd_ndt_localizer]: NDT ok fitness=0.0823 pose=(1.58 -2.98 0.03)
[pcd_ndt_localizer-1] [INFO] [1786514477.065544500] [pcd_ndt_localizer]: NDT ok fitness=0.0834 pose=(1.58 -2.98 0.03)
[pcd_ndt_localizer-1] [INFO] [1786514478.256264232] [pcd_ndt_localizer]: NDT ok fitness=0.0825 pose=(1.57 -2.98 0.03)
[pcd_ndt_localizer-1] [INFO] [1786514479.428993566] [pcd_ndt_localizer]: NDT ok fitness=0.0837 pose=(1.58 -2.97 0.03)
[pcd_ndt_localizer-1] [INFO] [1786514480.511481524] [pcd_ndt_localizer]: NDT ok fitness=0.0829 pose=(1.58 -2.97 0.04)
[pcd_ndt_localizer-1] [INFO] [1786514481.543767986] [pcd_ndt_localizer]: NDT ok fitness=0.0824 pose=(1.58 -2.98 0.03)
[pcd_ndt_localizer-1] [INFO] [1786514482.550973059] [pcd_ndt_localizer]: NDT ok fitness=0.0835 pose=(1.57 -2.97 0.03)
[pcd_ndt_localizer-1] [INFO] [1786514483.617907523] [pcd_ndt_localizer]: NDT ok fitness=0.0822 pose=(1.58 -2.98 0.04)
[pcd_ndt_localizer-1] [INFO] [1786514484.705081025] [pcd_ndt_localizer]: NDT ok fitness=0.0827 pose=(1.58 -2.97 0.03)
[pcd_ndt_localizer-1] [INFO] [1786514485.733422902] [pcd_ndt_localizer]: NDT ok fitness=0.0818 pose=(1.57 -2.98 0.04)
[pcd_ndt_localizer-1] [INFO] [1786514486.773816300] [pcd_ndt_localizer]: NDT ok fitness=0.0825 pose=(1.57 -2.98 0.03)
[pcd_ndt_localizer-1] [INFO] [1786514487.830294095] [pcd_ndt_localizer]: NDT ok fitness=0.0823 pose=(1.57 -2.98 0.03)
[pcd_ndt_localizer-1] [INFO] [1786514488.908942242] [pcd_ndt_localizer]: NDT ok fitness=0.0843 pose=(1.57 -2.98 0.03)
[pcd_ndt_localizer-1] [INFO] [1786514489.958075884] [pcd_ndt_localizer]: NDT ok fitness=0.0831 pose=(1.58 -2.97 0.03)
[pcd_ndt_localizer-1] [INFO] [1786514491.034905201] [pcd_ndt_localizer]: NDT ok fitness=0.0823 pose=(1.58 -2.97 0.03)
[pcd_ndt_localizer-1] [INFO] [1786514492.203199114] [pcd_ndt_localizer]: NDT ok fitness=0.0824 pose=(1.57 -2.98 0.03)
[pcd_ndt_localizer-1] [INFO] [1786514493.234496702] [pcd_ndt_localizer]: NDT ok fitness=0.0829 pose=(1.57 -2.97 0.03)
[pcd_ndt_localizer-1] [INFO] [1786514494.379743074] [pcd_ndt_localizer]: NDT ok fitness=0.0825 pose=(1.58 -2.98 0.03)
[pcd_ndt_localizer-1] [INFO] [1786514495.528509149] [pcd_ndt_localizer]: NDT ok fitness=0.0827 pose=(1.57 -2.97 0.03)
[pcd_ndt_localizer-1] [INFO] [1786514496.545581651] [pcd_ndt_localizer]: NDT ok fitness=0.0816 pose=(1.58 -2.98 0.03)
[pcd_ndt_localizer-1] [INFO] [1786514497.570882535] [pcd_ndt_localizer]: NDT ok fitness=0.0830 pose=(1.57 -2.97 0.03)
[pcd_ndt_localizer-1] [INFO] [1786514498.598891374] [pcd_ndt_localizer]: NDT ok fitness=0.0819 pose=(1.58 -2.98 0.03)
[pcd_ndt_localizer-1] [INFO] [1786514499.641183765] [pcd_ndt_localizer]: NDT ok fitness=0.0831 pose=(1.58 -2.98 0.03)
[pcd_ndt_localizer-1] [INFO] [1786514500.797011356] [pcd_ndt_localizer]: NDT ok fitness=0.0832 pose=(1.57 -2.98 0.03)
[pcd_ndt_localizer-1] [INFO] [1786514501.800081374] [pcd_ndt_localizer]: NDT ok fitness=0.0833 pose=(1.58 -2.98 0.03)
[pcd_ndt_localizer-1] [INFO] [1786514502.847974964] [pcd_ndt_localizer]: NDT ok fitness=0.0820 pose=(1.58 -2.97 0.03)
[pcd_ndt_localizer-1] [INFO] [1786514503.900826396] [pcd_ndt_localizer]: NDT ok fitness=0.0827 pose=(1.57 -2.98 0.03)
[pcd_ndt_localizer-1] [INFO] [1786514504.931370703] [pcd_ndt_localizer]: NDT ok fitness=0.0824 pose=(1.57 -2.98 0.03)
[pcd_ndt_localizer-1] [INFO] [1786514505.986937067] [pcd_ndt_localizer]: NDT ok fitness=0.0821 pose=(1.57 -2.98 0.03)
[pcd_ndt_localizer-1] [INFO] [1786514507.064724784] [pcd_ndt_localizer]: NDT ok fitness=0.0834 pose=(1.58 -2.97 0.03)
[pcd_ndt_localizer-1] [INFO] [1786514508.086513060] [pcd_ndt_localizer]: NDT ok fitness=0.0832 pose=(1.57 -2.98 0.03)
[pcd_ndt_localizer-1] [INFO] [1786514509.207639323] [pcd_ndt_localizer]: NDT ok fitness=0.0831 pose=(1.57 -2.98 0.03)
[pcd_ndt_localizer-1] [INFO] [1786514510.291247457] [pcd_ndt_localizer]: NDT ok fitness=0.0828 pose=(1.58 -2.98 0.03)
[pcd_ndt_localizer-1] [INFO] [1786514511.329472395] [pcd_ndt_localizer]: NDT ok fitness=0.0820 pose=(1.58 -2.98 0.03)
[pcd_ndt_localizer-1] [INFO] [1786514512.355202181] [pcd_ndt_localizer]: NDT ok fitness=0.0836 pose=(1.58 -2.98 0.03)
[pcd_ndt_localizer-1] [INFO] [1786514513.408413096] [pcd_ndt_localizer]: NDT ok fitness=0.0830 pose=(1.57 -2.97 0.03)
[pcd_ndt_localizer-1] [INFO] [1786514514.589642121] [pcd_ndt_localizer]: NDT ok fitness=0.0812 pose=(1.58 -2.98 0.04)
[pcd_ndt_localizer-1] [INFO] [1786514515.762125433] [pcd_ndt_localizer]: NDT ok fitness=0.0833 pose=(1.57 -2.98 0.03)
[pcd_ndt_localizer-1] [INFO] [1786514516.817826885] [pcd_ndt_localizer]: NDT ok fitness=0.0823 pose=(1.58 -2.98 0.03)
[pcd_ndt_localizer-1] [INFO] [1786514517.896374358] [pcd_ndt_localizer]: NDT ok fitness=0.0830 pose=(1.58 -2.98 0.03)
[pcd_ndt_localizer-1] [INFO] [1786514518.996715487] [pcd_ndt_localizer]: NDT ok fitness=0.0822 pose=(1.58 -2.98 0.03)
[pcd_ndt_localizer-1] [INFO] [1786514520.178811429] [pcd_ndt_localizer]: NDT ok fitness=0.0829 pose=(1.58 -2.98 0.03)
[pcd_ndt_localizer-1] [INFO] [1786514521.200650107] [pcd_ndt_localizer]: NDT ok fitness=0.0834 pose=(1.58 -2.98 0.03)
[pcd_ndt_localizer-1] [INFO] [1786514522.346536520] [pcd_ndt_localizer]: NDT ok fitness=0.0823 pose=(1.58 -2.98 0.04)
[pcd_ndt_localizer-1] [INFO] [1786514523.383611777] [pcd_ndt_localizer]: NDT ok fitness=0.0818 pose=(1.58 -2.97 0.03)
[pcd_ndt_localizer-1] [INFO] [1786514524.385970176] [pcd_ndt_localizer]: NDT ok fitness=0.0828 pose=(1.57 -2.98 0.03)
[pcd_ndt_localizer-1] [INFO] [1786514525.558463313] [pcd_ndt_localizer]: NDT ok fitness=0.0825 pose=(1.57 -2.97 0.04)
[pcd_ndt_localizer-1] [INFO] [1786514526.641214451] [pcd_ndt_localizer]: NDT ok fitness=0.0824 pose=(1.58 -2.98 0.03)
[pcd_ndt_localizer-1] [INFO] [1786514527.709846977] [pcd_ndt_localizer]: NDT ok fitness=0.0832 pose=(1.57 -2.97 0.04)
[pcd_ndt_localizer-1] [INFO] [1786514528.754996335] [pcd_ndt_localizer]: NDT ok fitness=0.0825 pose=(1.58 -2.97 0.03)
[pcd_ndt_localizer-1] [INFO] [1786514529.795987246] [pcd_ndt_localizer]: NDT ok fitness=0.0822 pose=(1.58 -2.97 0.03)
[pcd_ndt_localizer-1] [INFO] [1786514530.798620536] [pcd_ndt_localizer]: NDT ok fitness=0.0823 pose=(1.57 -2.97 0.04)
[pcd_ndt_localizer-1] [INFO] [1786514531.881369562] [pcd_ndt_localizer]: NDT ok fitness=0.0827 pose=(1.58 -2.97 0.04)
[pcd_ndt_localizer-1] [INFO] [1786514532.882136054] [pcd_ndt_localizer]: NDT ok fitness=0.0829 pose=(1.57 -2.97 0.03)
[pcd_ndt_localizer-1] [INFO] [1786514533.986928539] [pcd_ndt_localizer]: NDT ok fitness=0.0845 pose=(1.58 -2.97 0.04)
[pcd_ndt_localizer-1] [INFO] [1786514535.140723414] [pcd_ndt_localizer]: NDT ok fitness=0.0819 pose=(1.57 -2.98 0.04)
[pcd_ndt_localizer-1] [INFO] [1786514536.234518347] [pcd_ndt_localizer]: NDT ok fitness=0.0830 pose=(1.58 -2.97 0.03)
[pcd_ndt_localizer-1] [INFO] [1786514537.276668570] [pcd_ndt_localizer]: NDT ok fitness=0.0830 pose=(1.58 -2.97 0.03)
[pcd_ndt_localizer-1] [INFO] [1786514538.311868516] [pcd_ndt_localizer]: NDT ok fitness=0.0822 pose=(1.58 -2.97 0.03)
[pcd_ndt_localizer-1] [INFO] [1786514539.395860091] [pcd_ndt_localizer]: NDT ok fitness=0.0829 pose=(1.57 -2.98 0.03)
[pcd_ndt_localizer-1] [INFO] [1786514540.407434527] [pcd_ndt_localizer]: NDT ok fitness=0.0823 pose=(1.58 -2.98 0.03)
[pcd_ndt_localizer-1] [INFO] [1786514541.424785047] [pcd_ndt_localizer]: NDT ok fitness=0.0842 pose=(1.58 -2.98 0.03)
[pcd_ndt_localizer-1] [INFO] [1786514542.532766851] [pcd_ndt_localizer]: NDT ok fitness=0.0816 pose=(1.58 -2.97 0.04)
[pcd_ndt_localizer-1] [INFO] [1786514543.623660702] [pcd_ndt_localizer]: NDT ok fitness=0.0829 pose=(1.57 -2.97 0.04)
[pcd_ndt_localizer-1] [INFO] [1786514544.649986321] [pcd_ndt_localizer]: NDT ok fitness=0.0820 pose=(1.58 -2.98 0.03)
[pcd_ndt_localizer-1] [INFO] [1786514545.809263475] [pcd_ndt_localizer]: NDT ok fitness=0.0820 pose=(1.57 -2.98 0.03)
[pcd_ndt_localizer-1] [INFO] [1786514546.858428907] [pcd_ndt_localizer]: NDT ok fitness=0.0831 pose=(1.58 -2.98 0.03)
[pcd_ndt_localizer-1] [INFO] [1786514547.913000807] [pcd_ndt_localizer]: NDT ok fitness=0.0821 pose=(1.58 -2.97 0.03)
[pcd_ndt_localizer-1] [INFO] [1786514548.984271909] [pcd_ndt_localizer]: NDT ok fitness=0.0834 pose=(1.58 -2.98 0.04)
[pcd_ndt_localizer-1] [INFO] [1786514550.025384104] [pcd_ndt_localizer]: NDT ok fitness=0.0843 pose=(1.57 -2.97 0.03)
[pcd_ndt_localizer-1] [INFO] [1786514551.140218678] [pcd_ndt_localizer]: NDT ok fitness=0.0824 pose=(1.58 -2.97 0.04)
[pcd_ndt_localizer-1] [INFO] [1786514552.171894667] [pcd_ndt_localizer]: NDT ok fitness=0.0824 pose=(1.58 -2.97 0.03)
[pcd_ndt_localizer-1] [INFO] [1786514553.239432874] [pcd_ndt_localizer]: NDT ok fitness=0.0841 pose=(1.57 -2.97 0.03)
[pcd_ndt_localizer-1] [INFO] [1786514554.410731849] [pcd_ndt_localizer]: NDT ok fitness=0.0828 pose=(1.58 -2.97 0.03)
[pcd_ndt_localizer-1] [INFO] [1786514555.466335280] [pcd_ndt_localizer]: NDT ok fitness=0.0828 pose=(1.57 -2.97 0.03)
[pcd_ndt_localizer-1] [INFO] [1786514556.597954755] [pcd_ndt_localizer]: NDT ok fitness=0.0825 pose=(1.58 -2.97 0.03)
[pcd_ndt_localizer-1] [INFO] [1786514557.711503034] [pcd_ndt_localizer]: NDT ok fitness=0.0837 pose=(1.58 -2.97 0.03)
[pcd_ndt_localizer-1] [INFO] [1786514558.819514119] [pcd_ndt_localizer]: NDT ok fitness=0.0830 pose=(1.57 -2.98 0.03)
[pcd_ndt_localizer-1] [INFO] [1786514559.874905958] [pcd_ndt_localizer]: NDT ok fitness=0.0832 pose=(1.58 -2.98 0.03)
[pcd_ndt_localizer-1] [INFO] [1786514560.922642049] [pcd_ndt_localizer]: NDT ok fitness=0.0828 pose=(1.57 -2.97 0.03)
[pcd_ndt_localizer-1] [INFO] [1786514562.088222094] [pcd_ndt_localizer]: NDT ok fitness=0.0838 pose=(1.57 -2.97 0.03)
[pcd_ndt_localizer-1] [INFO] [1786514563.138628282] [pcd_ndt_localizer]: NDT ok fitness=0.0834 pose=(1.58 -2.98 0.03)
[pcd_ndt_localizer-1] [INFO] [1786514564.174342842] [pcd_ndt_localizer]: NDT ok fitness=0.0832 pose=(1.58 -2.97 0.03)
[pcd_ndt_localizer-1] [INFO] [1786514565.304183233] [pcd_ndt_localizer]: NDT ok fitness=0.0832 pose=(1.57 -2.98 0.03)
[pcd_ndt_localizer-1] [INFO] [1786514566.449999659] [pcd_ndt_localizer]: NDT ok fitness=0.0833 pose=(1.57 -2.98 0.04)
[pcd_ndt_localizer-1] [INFO] [1786514567.488622661] [pcd_ndt_localizer]: NDT ok fitness=0.0824 pose=(1.58 -2.98 0.03)
[pcd_ndt_localizer-1] [INFO] [1786514568.607097900] [pcd_ndt_localizer]: NDT ok fitness=0.0827 pose=(1.57 -2.98 0.03)
[pcd_ndt_localizer-1] [INFO] [1786514569.739966035] [pcd_ndt_localizer]: NDT ok fitness=0.0836 pose=(1.57 -2.97 0.03)
[pcd_ndt_localizer-1] [INFO] [1786514570.826558328] [pcd_ndt_localizer]: NDT ok fitness=0.0834 pose=(1.58 -2.97 0.03)
[pcd_ndt_localizer-1] [INFO] [1786514572.009741004] [pcd_ndt_localizer]: NDT ok fitness=0.0830 pose=(1.57 -2.97 0.03)
[pcd_ndt_localizer-1] [INFO] [1786514573.020987618] [pcd_ndt_localizer]: NDT ok fitness=0.0818 pose=(1.58 -2.98 0.03)
[pcd_ndt_localizer-1] [INFO] [1786514574.022097100] [pcd_ndt_localizer]: NDT ok fitness=0.0828 pose=(1.58 -2.97 0.03)
[pcd_ndt_localizer-1] [INFO] [1786514575.078892550] [pcd_ndt_localizer]: NDT ok fitness=0.0816 pose=(1.58 -2.98 0.03)
[pcd_ndt_localizer-1] [INFO] [1786514576.098987666] [pcd_ndt_localizer]: NDT ok fitness=0.0827 pose=(1.58 -2.97 0.03)
[pcd_ndt_localizer-1] [INFO] [1786514577.262462918] [pcd_ndt_localizer]: NDT ok fitness=0.0830 pose=(1.57 -2.97 0.03)
[pcd_ndt_localizer-1] [INFO] [1786514578.294657009] [pcd_ndt_localizer]: NDT ok fitness=0.0827 pose=(1.58 -2.97 0.03)
[pcd_ndt_localizer-1] [INFO] [1786514579.339437456] [pcd_ndt_localizer]: NDT ok fitness=0.0835 pose=(1.58 -2.97 0.03)
[pcd_ndt_localizer-1] [INFO] [1786514580.425524447] [pcd_ndt_localizer]: NDT ok fitness=0.0826 pose=(1.57 -2.98 0.03)
[pcd_ndt_localizer-1] [INFO] [1786514581.524138015] [pcd_ndt_localizer]: NDT ok fitness=0.0828 pose=(1.57 -2.98 0.04)
[pcd_ndt_localizer-1] [INFO] [1786514582.629366775] [pcd_ndt_localizer]: NDT ok fitness=0.0820 pose=(1.57 -2.98 0.03)
[pcd_ndt_localizer-1] [INFO] [1786514583.637677841] [pcd_ndt_localizer]: NDT ok fitness=0.0817 pose=(1.57 -2.98 0.03)
[pcd_ndt_localizer-1] [INFO] [1786514584.677179729] [pcd_ndt_localizer]: NDT ok fitness=0.0820 pose=(1.57 -2.98 0.03)
[pcd_ndt_localizer-1] [INFO] [1786514585.858033187] [pcd_ndt_localizer]: NDT ok fitness=0.0820 pose=(1.57 -2.98 0.03)
[pcd_ndt_localizer-1] [INFO] [1786514586.869559045] [pcd_ndt_localizer]: NDT ok fitness=0.0827 pose=(1.57 -2.98 0.03)
[pcd_ndt_localizer-1] [INFO] [1786514588.059909383] [pcd_ndt_localizer]: NDT ok fitness=0.0837 pose=(1.58 -2.98 0.03)
[pcd_ndt_localizer-1] [INFO] [1786514589.075216745] [pcd_ndt_localizer]: NDT ok fitness=0.0832 pose=(1.58 -2.97 0.03)
[pcd_ndt_localizer-1] [INFO] [1786514590.219079169] [pcd_ndt_localizer]: NDT ok fitness=0.0829 pose=(1.58 -2.98 0.03)
[pcd_ndt_localizer-1] [INFO] [1786514591.304779200] [pcd_ndt_localizer]: NDT ok fitness=0.0842 pose=(1.57 -2.97 0.04)
[pcd_ndt_localizer-1] [INFO] [1786514592.386224683] [pcd_ndt_localizer]: NDT ok fitness=0.0832 pose=(1.58 -2.97 0.03)
[pcd_ndt_localizer-1] [INFO] [1786514593.475726826] [pcd_ndt_localizer]: NDT ok fitness=0.0832 pose=(1.57 -2.98 0.04)
[pcd_ndt_localizer-1] [INFO] [1786514594.670146873] [pcd_ndt_localizer]: NDT ok fitness=0.0831 pose=(1.57 -2.98 0.03)
[pcd_ndt_localizer-1] [INFO] [1786514595.703421489] [pcd_ndt_localizer]: NDT ok fitness=0.0824 pose=(1.57 -2.98 0.03)
[pcd_ndt_localizer-1] [INFO] [1786514596.736954453] [pcd_ndt_localizer]: NDT ok fitness=0.0829 pose=(1.58 -2.97 0.03)
[pcd_ndt_localizer-1] [INFO] [1786514597.848464630] [pcd_ndt_localizer]: NDT ok fitness=0.0832 pose=(1.57 -2.98 0.03)
[pcd_ndt_localizer-1] [INFO] [1786514598.878169304] [pcd_ndt_localizer]: NDT ok fitness=0.0825 pose=(1.58 -2.97 0.03)
[pcd_ndt_localizer-1] [INFO] [1786514599.880846340] [pcd_ndt_localizer]: NDT ok fitness=0.0828 pose=(1.58 -2.97 0.03)
[pcd_ndt_localizer-1] [INFO] [1786514600.883603988] [pcd_ndt_localizer]: NDT ok fitness=0.0826 pose=(1.58 -2.97 0.03)
[pcd_ndt_localizer-1] [INFO] [1786514602.074282885] [pcd_ndt_localizer]: NDT ok fitness=0.0839 pose=(1.57 -2.98 0.03)
[pcd_ndt_localizer-1] [INFO] [1786514603.145538721] [pcd_ndt_localizer]: NDT ok fitness=0.0823 pose=(1.58 -2.97 0.03)
[pcd_ndt_localizer-1] [INFO] [1786514604.199808529] [pcd_ndt_localizer]: NDT ok fitness=0.0820 pose=(1.58 -2.97 0.03)
[pcd_ndt_localizer-1] [INFO] [1786514605.222884731] [pcd_ndt_localizer]: NDT ok fitness=0.0831 pose=(1.58 -2.98 0.03)
[pcd_ndt_localizer-1] [INFO] [1786514606.264016543] [pcd_ndt_localizer]: NDT ok fitness=0.0833 pose=(1.57 -2.97 0.03)
[pcd_ndt_localizer-1] [INFO] [1786514607.289197922] [pcd_ndt_localizer]: NDT ok fitness=0.0825 pose=(1.58 -2.98 0.03)
[pcd_ndt_localizer-1] [INFO] [1786514608.330346631] [pcd_ndt_localizer]: NDT ok fitness=0.0828 pose=(1.58 -2.97 0.03)
[pcd_ndt_localizer-1] [INFO] [1786514609.477912571] [pcd_ndt_localizer]: NDT ok fitness=0.0832 pose=(1.57 -2.97 0.03)
[pcd_ndt_localizer-1] [INFO] [1786514610.516306764] [pcd_ndt_localizer]: NDT ok fitness=0.0826 pose=(1.57 -2.97 0.03)
[pcd_ndt_localizer-1] [INFO] [1786514611.560604470] [pcd_ndt_localizer]: NDT ok fitness=0.0834 pose=(1.57 -2.97 0.03)
[pcd_ndt_localizer-1] [INFO] [1786514612.616774134] [pcd_ndt_localizer]: NDT ok fitness=0.0828 pose=(1.57 -2.98 0.03)
[pcd_ndt_localizer-1] [INFO] [1786514613.697644393] [pcd_ndt_localizer]: NDT ok fitness=0.0832 pose=(1.57 -2.98 0.03)
[pcd_ndt_localizer-1] [INFO] [1786514614.752422702] [pcd_ndt_localizer]: NDT ok fitness=0.0825 pose=(1.58 -2.97 0.03)
[pcd_ndt_localizer-1] [INFO] [1786514615.768848191] [pcd_ndt_localizer]: NDT ok fitness=0.0820 pose=(1.57 -2.98 0.03)
[pcd_ndt_localizer-1] [INFO] [1786514616.800969543] [pcd_ndt_localizer]: NDT ok fitness=0.0829 pose=(1.58 -2.98 0.03)
[pcd_ndt_localizer-1] [INFO] [1786514617.802641864] [pcd_ndt_localizer]: NDT ok fitness=0.0832 pose=(1.58 -2.98 0.03)
[pcd_ndt_localizer-1] [INFO] [1786514618.833653026] [pcd_ndt_localizer]: NDT ok fitness=0.0827 pose=(1.58 -2.98 0.03)
[pcd_ndt_localizer-1] [INFO] [1786514619.879770041] [pcd_ndt_localizer]: NDT ok fitness=0.0831 pose=(1.57 -2.98 0.03)
[pcd_ndt_localizer-1] [INFO] [1786514620.957827893] [pcd_ndt_localizer]: NDT ok fitness=0.0821 pose=(1.57 -2.98 0.03)
[pcd_ndt_localizer-1] [INFO] [1786514621.999939363] [pcd_ndt_localizer]: NDT ok fitness=0.0827 pose=(1.58 -2.97 0.04)
[pcd_ndt_localizer-1] [INFO] [1786514623.038019462] [pcd_ndt_localizer]: NDT ok fitness=0.0830 pose=(1.57 -2.98 0.03)
[pcd_ndt_localizer-1] [INFO] [1786514624.194186149] [pcd_ndt_localizer]: NDT ok fitness=0.0836 pose=(1.58 -2.98 0.03)
[pcd_ndt_localizer-1] [INFO] [1786514625.216334184] [pcd_ndt_localizer]: NDT ok fitness=0.0825 pose=(1.58 -2.97 0.03)
[pcd_ndt_localizer-1] [INFO] [1786514626.242702877] [pcd_ndt_localizer]: NDT ok fitness=0.0836 pose=(1.57 -2.97 0.03)
[pcd_ndt_localizer-1] [INFO] [1786514627.251178846] [pcd_ndt_localizer]: NDT ok fitness=0.0837 pose=(1.58 -2.98 0.03)
[pcd_ndt_localizer-1] [INFO] [1786514628.393008224] [pcd_ndt_localizer]: NDT ok fitness=0.0820 pose=(1.57 -2.98 0.03)
[pcd_ndt_localizer-1] [INFO] [1786514629.574559599] [pcd_ndt_localizer]: NDT ok fitness=0.0819 pose=(1.58 -2.98 0.03)
[pcd_ndt_localizer-1] [INFO] [1786514630.606565330] [pcd_ndt_localizer]: NDT ok fitness=0.0829 pose=(1.57 -2.98 0.03)
[pcd_ndt_localizer-1] [INFO] [1786514631.778046808] [pcd_ndt_localizer]: NDT ok fitness=0.0818 pose=(1.58 -2.97 0.03)
[pcd_ndt_localizer-1] [INFO] [1786514632.798125603] [pcd_ndt_localizer]: NDT ok fitness=0.0833 pose=(1.58 -2.98 0.03)
[pcd_ndt_localizer-1] [INFO] [1786514633.800473026] [pcd_ndt_localizer]: NDT ok fitness=0.0825 pose=(1.58 -2.98 0.03)
[pcd_ndt_localizer-1] [INFO] [1786514634.820763414] [pcd_ndt_localizer]: NDT ok fitness=0.0821 pose=(1.58 -2.98 0.03)
[pcd_ndt_localizer-1] [INFO] [1786514635.902391401] [pcd_ndt_localizer]: NDT ok fitness=0.0826 pose=(1.57 -2.98 0.03)
[pcd_ndt_localizer-1] [INFO] [1786514636.911400192] [pcd_ndt_localizer]: NDT ok fitness=0.0834 pose=(1.57 -2.98 0.03)
[pcd_ndt_localizer-1] [INFO] [1786514638.049640938] [pcd_ndt_localizer]: NDT ok fitness=0.0829 pose=(1.57 -2.98 0.04)
[pcd_ndt_localizer-1] [INFO] [1786514639.080827339] [pcd_ndt_localizer]: NDT ok fitness=0.0823 pose=(1.57 -2.98 0.03)
[pcd_ndt_localizer-1] [INFO] [1786514640.180331121] [pcd_ndt_localizer]: NDT ok fitness=0.0823 pose=(1.57 -2.97 0.03)
[pcd_ndt_localizer-1] [INFO] [1786514641.277162598] [pcd_ndt_localizer]: NDT ok fitness=0.0835 pose=(1.57 -2.98 0.03)
[pcd_ndt_localizer-1] [INFO] [1786514642.297378039] [pcd_ndt_localizer]: NDT ok fitness=0.0825 pose=(1.57 -2.97 0.03)
[pcd_ndt_localizer-1] [INFO] [1786514643.318087261] [pcd_ndt_localizer]: NDT ok fitness=0.0830 pose=(1.57 -2.97 0.03)
[pcd_ndt_localizer-1] [INFO] [1786514644.327373888] [pcd_ndt_localizer]: NDT ok fitness=0.0822 pose=(1.57 -2.98 0.03)
[pcd_ndt_localizer-1] [INFO] [1786514645.376535032] [pcd_ndt_localizer]: NDT ok fitness=0.0829 pose=(1.57 -2.98 0.03)
[pcd_ndt_localizer-1] [INFO] [1786514646.410120862] [pcd_ndt_localizer]: NDT ok fitness=0.0831 pose=(1.58 -2.97 0.03)
[pcd_ndt_localizer-1] [INFO] [1786514647.413291839] [pcd_ndt_localizer]: NDT ok fitness=0.0834 pose=(1.57 -2.98 0.03)
[pcd_ndt_localizer-1] [INFO] [1786514648.501669839] [pcd_ndt_localizer]: NDT ok fitness=0.0824 pose=(1.57 -2.97 0.03)
[pcd_ndt_localizer-1] [INFO] [1786514649.646697175] [pcd_ndt_localizer]: NDT ok fitness=0.0836 pose=(1.57 -2.98 0.03)
[pcd_ndt_localizer-1] [INFO] [1786514650.755246747] [pcd_ndt_localizer]: NDT ok fitness=0.0832 pose=(1.57 -2.98 0.03)
[pcd_ndt_localizer-1] [INFO] [1786514651.851863431] [pcd_ndt_localizer]: NDT ok fitness=0.0826 pose=(1.58 -2.97 0.03)
[pcd_ndt_localizer-1] [INFO] [1786514652.886565660] [pcd_ndt_localizer]: NDT ok fitness=0.0818 pose=(1.58 -2.98 0.03)
[pcd_ndt_localizer-1] [INFO] [1786514654.077197387] [pcd_ndt_localizer]: NDT ok fitness=0.0847 pose=(1.57 -2.97 0.03)
[pcd_ndt_localizer-1] [INFO] [1786514655.091325915] [pcd_ndt_localizer]: NDT ok fitness=0.0831 pose=(1.57 -2.98 0.03)
[pcd_ndt_localizer-1] [INFO] [1786514656.254428319] [pcd_ndt_localizer]: NDT ok fitness=0.0840 pose=(1.58 -2.97 0.03)
[pcd_ndt_localizer-1] [INFO] [1786514657.366259437] [pcd_ndt_localizer]: NDT ok fitness=0.0831 pose=(1.58 -2.97 0.04)
[pcd_ndt_localizer-1] [INFO] [1786514658.518438596] [pcd_ndt_localizer]: NDT ok fitness=0.0833 pose=(1.58 -2.98 0.03)
[pcd_ndt_localizer-1] [INFO] [1786514659.524911217] [pcd_ndt_localizer]: NDT ok fitness=0.0828 pose=(1.58 -2.98 0.04)
[pcd_ndt_localizer-1] [INFO] [1786514660.537360698] [pcd_ndt_localizer]: NDT ok fitness=0.0827 pose=(1.58 -2.98 0.03)
[pcd_ndt_localizer-1] [INFO] [1786514661.577707165] [pcd_ndt_localizer]: NDT ok fitness=0.0826 pose=(1.58 -2.98 0.03)
[pcd_ndt_localizer-1] [INFO] [1786514662.632665674] [pcd_ndt_localizer]: NDT ok fitness=0.0824 pose=(1.57 -2.97 0.03)
[pcd_ndt_localizer-1] [INFO] [1786514663.791906411] [pcd_ndt_localizer]: NDT ok fitness=0.0832 pose=(1.58 -2.97 0.03)
[pcd_ndt_localizer-1] [INFO] [1786514664.862770199] [pcd_ndt_localizer]: NDT ok fitness=0.0832 pose=(1.57 -2.97 0.03)
[pcd_ndt_localizer-1] [INFO] [1786514666.001368528] [pcd_ndt_localizer]: NDT ok fitness=0.0825 pose=(1.57 -2.97 0.03)
[pcd_ndt_localizer-1] [INFO] [1786514667.081538885] [pcd_ndt_localizer]: NDT ok fitness=0.0820 pose=(1.57 -2.98 0.03)
[pcd_ndt_localizer-1] [INFO] [1786514668.105809185] [pcd_ndt_localizer]: NDT ok fitness=0.0836 pose=(1.57 -2.97 0.03)
[pcd_ndt_localizer-1] [INFO] [1786514669.261082811] [pcd_ndt_localizer]: NDT ok fitness=0.0834 pose=(1.58 -2.98 0.03)
[pcd_ndt_localizer-1] [INFO] [1786514670.268186626] [pcd_ndt_localizer]: NDT ok fitness=0.0819 pose=(1.58 -2.98 0.03)
[pcd_ndt_localizer-1] [INFO] [1786514671.378406861] [pcd_ndt_localizer]: NDT ok fitness=0.0826 pose=(1.58 -2.98 0.03)
[pcd_ndt_localizer-1] [INFO] [1786514672.425912830] [pcd_ndt_localizer]: NDT ok fitness=0.0815 pose=(1.58 -2.98 0.03)
[pcd_ndt_localizer-1] [INFO] [1786514673.491573807] [pcd_ndt_localizer]: NDT ok fitness=0.0835 pose=(1.57 -2.98 0.03)
[pcd_ndt_localizer-1] [INFO] [1786514674.536948102] [pcd_ndt_localizer]: NDT ok fitness=0.0830 pose=(1.57 -2.97 0.03)
[pcd_ndt_localizer-1] [INFO] [1786514675.575287509] [pcd_ndt_localizer]: NDT ok fitness=0.0832 pose=(1.57 -2.97 0.04)
[pcd_ndt_localizer-1] [INFO] [1786514676.599357385] [pcd_ndt_localizer]: NDT ok fitness=0.0834 pose=(1.57 -2.97 0.03)
[pcd_ndt_localizer-1] [INFO] [1786514677.643691061] [pcd_ndt_localizer]: NDT ok fitness=0.0822 pose=(1.58 -2.98 0.03)
[pcd_ndt_localizer-1] [INFO] [1786514678.741419120] [pcd_ndt_localizer]: NDT ok fitness=0.0824 pose=(1.58 -2.97 0.03)
[pcd_ndt_localizer-1] [INFO] [1786514679.766242019] [pcd_ndt_localizer]: NDT ok fitness=0.0818 pose=(1.58 -2.97 0.03)
[pcd_ndt_localizer-1] [INFO] [1786514680.884069135] [pcd_ndt_localizer]: NDT ok fitness=0.0824 pose=(1.58 -2.98 0.03)
[pcd_ndt_localizer-1] [INFO] [1786514682.074847332] [pcd_ndt_localizer]: NDT ok fitness=0.0828 pose=(1.58 -2.98 0.03)
[pcd_ndt_localizer-1] [INFO] [1786514683.099170498] [pcd_ndt_localizer]: NDT ok fitness=0.0838 pose=(1.58 -2.98 0.03)
[pcd_ndt_localizer-1] [INFO] [1786514684.247703071] [pcd_ndt_localizer]: NDT ok fitness=0.0839 pose=(1.58 -2.98 0.03)
[pcd_ndt_localizer-1] [INFO] [1786514685.389466846] [pcd_ndt_localizer]: NDT ok fitness=0.0831 pose=(1.58 -2.98 0.04)
[pcd_ndt_localizer-1] [INFO] [1786514686.479622681] [pcd_ndt_localizer]: NDT ok fitness=0.0832 pose=(1.58 -2.98 0.03)
[pcd_ndt_localizer-1] [INFO] [1786514687.726129119] [pcd_ndt_localizer]: NDT ok fitness=0.0824 pose=(1.58 -2.98 0.03)
[pcd_ndt_localizer-1] [INFO] [1786514688.891796368] [pcd_ndt_localizer]: NDT ok fitness=0.0825 pose=(1.57 -2.98 0.03)
[pcd_ndt_localizer-1] [INFO] [1786514689.894260691] [pcd_ndt_localizer]: NDT ok fitness=0.0826 pose=(1.58 -2.97 0.03)
[pcd_ndt_localizer-1] [INFO] [1786514691.093735383] [pcd_ndt_localizer]: NDT ok fitness=0.0826 pose=(1.58 -2.98 0.03)
[pcd_ndt_localizer-1] [INFO] [1786514692.240752404] [pcd_ndt_localizer]: NDT ok fitness=0.0827 pose=(1.58 -2.97 0.03)
[pcd_ndt_localizer-1] [INFO] [1786514693.275426600] [pcd_ndt_localizer]: NDT ok fitness=0.0830 pose=(1.58 -2.98 0.03)
[pcd_ndt_localizer-1] [INFO] [1786514694.299472570] [pcd_ndt_localizer]: NDT ok fitness=0.0826 pose=(1.57 -2.98 0.03)
[pcd_ndt_localizer-1] [INFO] [1786514695.303406108] [pcd_ndt_localizer]: NDT ok fitness=0.0824 pose=(1.58 -2.97 0.03)
[pcd_ndt_localizer-1] [INFO] [1786514696.353118827] [pcd_ndt_localizer]: NDT ok fitness=0.0820 pose=(1.58 -2.97 0.03)
[pcd_ndt_localizer-1] [INFO] [1786514697.462357580] [pcd_ndt_localizer]: NDT ok fitness=0.0822 pose=(1.57 -2.98 0.03)
[pcd_ndt_localizer-1] [INFO] [1786514698.651809097] [pcd_ndt_localizer]: NDT ok fitness=0.0837 pose=(1.58 -2.98 0.03)
[pcd_ndt_localizer-1] [INFO] [1786514699.739230736] [pcd_ndt_localizer]: NDT ok fitness=0.0813 pose=(1.58 -2.98 0.03)
[pcd_ndt_localizer-1] [INFO] [1786514700.895403536] [pcd_ndt_localizer]: NDT ok fitness=0.0822 pose=(1.58 -2.98 0.03)
[pcd_ndt_localizer-1] [INFO] [1786514702.006198642] [pcd_ndt_localizer]: NDT ok fitness=0.0829 pose=(1.58 -2.97 0.03)
[pcd_ndt_localizer-1] [INFO] [1786514703.105340073] [pcd_ndt_localizer]: NDT ok fitness=0.0815 pose=(1.58 -2.98 0.03)
[pcd_ndt_localizer-1] [INFO] [1786514704.233839671] [pcd_ndt_localizer]: NDT ok fitness=0.0826 pose=(1.57 -2.97 0.03)
[pcd_ndt_localizer-1] [INFO] [1786514705.248282165] [pcd_ndt_localizer]: NDT ok fitness=0.0829 pose=(1.57 -2.98 0.03)
[pcd_ndt_localizer-1] [INFO] [1786514706.321436450] [pcd_ndt_localizer]: NDT ok fitness=0.0827 pose=(1.58 -2.98 0.03)
[pcd_ndt_localizer-1] [INFO] [1786514707.369723796] [pcd_ndt_localizer]: NDT ok fitness=0.0824 pose=(1.58 -2.97 0.03)
[pcd_ndt_localizer-1] [INFO] [1786514708.401199361] [pcd_ndt_localizer]: NDT ok fitness=0.0830 pose=(1.58 -2.97 0.04)
[pcd_ndt_localizer-1] [INFO] [1786514709.497222068] [pcd_ndt_localizer]: NDT ok fitness=0.0829 pose=(1.58 -2.97 0.04)
[pcd_ndt_localizer-1] [INFO] [1786514710.552779098] [pcd_ndt_localizer]: NDT ok fitness=0.0811 pose=(1.57 -2.98 0.03)
[pcd_ndt_localizer-1] [INFO] [1786514711.578016159] [pcd_ndt_localizer]: NDT ok fitness=0.0835 pose=(1.58 -2.97 0.03)
[pcd_ndt_localizer-1] [INFO] [1786514712.659467754] [pcd_ndt_localizer]: NDT ok fitness=0.0818 pose=(1.57 -2.98 0.03)
[pcd_ndt_localizer-1] [INFO] [1786514713.698318702] [pcd_ndt_localizer]: NDT ok fitness=0.0838 pose=(1.57 -2.97 0.03)
[pcd_ndt_localizer-1] [INFO] [1786514714.886001505] [pcd_ndt_localizer]: NDT ok fitness=0.0820 pose=(1.57 -2.98 0.03)
[pcd_ndt_localizer-1] [INFO] [1786514715.922160467] [pcd_ndt_localizer]: NDT ok fitness=0.0821 pose=(1.58 -2.98 0.03)
[pcd_ndt_localizer-1] [INFO] [1786514717.056532826] [pcd_ndt_localizer]: NDT ok fitness=0.0822 pose=(1.57 -2.98 0.04)
[pcd_ndt_localizer-1] [INFO] [1786514718.208545225] [pcd_ndt_localizer]: NDT ok fitness=0.0831 pose=(1.58 -2.98 0.03)
[pcd_ndt_localizer-1] [INFO] [1786514719.374226650] [pcd_ndt_localizer]: NDT ok fitness=0.0825 pose=(1.57 -2.98 0.04)
[pcd_ndt_localizer-1] [INFO] [1786514720.415219673] [pcd_ndt_localizer]: NDT ok fitness=0.0833 pose=(1.58 -2.98 0.03)
[pcd_ndt_localizer-1] [INFO] [1786514721.528453058] [pcd_ndt_localizer]: NDT ok fitness=0.0827 pose=(1.58 -2.97 0.03)
[pcd_ndt_localizer-1] [INFO] [1786514722.654537995] [pcd_ndt_localizer]: NDT ok fitness=0.0819 pose=(1.57 -2.98 0.04)
[pcd_ndt_localizer-1] [INFO] [1786514723.790127941] [pcd_ndt_localizer]: NDT ok fitness=0.0837 pose=(1.58 -2.97 0.04)
[pcd_ndt_localizer-1] [INFO] [1786514724.949617456] [pcd_ndt_localizer]: NDT ok fitness=0.0820 pose=(1.57 -2.97 0.04)
[pcd_ndt_localizer-1] [INFO] [1786514725.975952292] [pcd_ndt_localizer]: NDT ok fitness=0.0831 pose=(1.58 -2.98 0.03)
[pcd_ndt_localizer-1] [INFO] [1786514727.039395543] [pcd_ndt_localizer]: NDT ok fitness=0.0825 pose=(1.58 -2.98 0.03)
[pcd_ndt_localizer-1] [INFO] [1786514728.091879707] [pcd_ndt_localizer]: NDT ok fitness=0.0825 pose=(1.58 -2.98 0.04)
[pcd_ndt_localizer-1] [INFO] [1786514729.293107561] [pcd_ndt_localizer]: NDT ok fitness=0.0830 pose=(1.58 -2.98 0.03)
[pcd_ndt_localizer-1] [INFO] [1786514730.295107417] [pcd_ndt_localizer]: NDT ok fitness=0.0829 pose=(1.58 -2.97 0.03)
[pcd_ndt_localizer-1] [INFO] [1786514731.437998215] [pcd_ndt_localizer]: NDT ok fitness=0.0829 pose=(1.58 -2.97 0.04)
[pcd_ndt_localizer-1] [INFO] [1786514732.519313965] [pcd_ndt_localizer]: NDT ok fitness=0.0822 pose=(1.58 -2.98 0.04)
[pcd_ndt_localizer-1] [INFO] [1786514733.663912163] [pcd_ndt_localizer]: NDT ok fitness=0.0830 pose=(1.58 -2.98 0.03)
[pcd_ndt_localizer-1] [INFO] [1786514734.889164808] [pcd_ndt_localizer]: NDT ok fitness=0.0822 pose=(1.57 -2.97 0.03)
[pcd_ndt_localizer-1] [INFO] [1786514736.102128358] [pcd_ndt_localizer]: NDT ok fitness=0.0840 pose=(1.58 -2.97 0.03)
[pcd_ndt_localizer-1] [INFO] [1786514737.259210187] [pcd_ndt_localizer]: NDT ok fitness=0.0839 pose=(1.58 -2.98 0.03)
[pcd_ndt_localizer-1] [INFO] [1786514738.312957253] [pcd_ndt_localizer]: NDT ok fitness=0.0823 pose=(1.57 -2.97 0.03)
[pcd_ndt_localizer-1] [INFO] [1786514739.455743215] [pcd_ndt_localizer]: NDT ok fitness=0.0834 pose=(1.57 -2.98 0.03)
[pcd_ndt_localizer-1] [INFO] [1786514740.540880022] [pcd_ndt_localizer]: NDT ok fitness=0.0831 pose=(1.57 -2.98 0.03)
[pcd_ndt_localizer-1] [INFO] [1786514741.560809595] [pcd_ndt_localizer]: NDT ok fitness=0.0822 pose=(1.58 -2.97 0.03)
[pcd_ndt_localizer-1] [INFO] [1786514742.592713882] [pcd_ndt_localizer]: NDT ok fitness=0.0829 pose=(1.57 -2.97 0.04)
[pcd_ndt_localizer-1] [INFO] [1786514743.614350983] [pcd_ndt_localizer]: NDT ok fitness=0.0823 pose=(1.57 -2.98 0.03)
[pcd_ndt_localizer-1] [INFO] [1786514744.724869182] [pcd_ndt_localizer]: NDT ok fitness=0.0830 pose=(1.58 -2.98 0.03)
[pcd_ndt_localizer-1] [INFO] [1786514745.921164508] [pcd_ndt_localizer]: NDT ok fitness=0.0835 pose=(1.58 -2.97 0.03)
[pcd_ndt_localizer-1] [INFO] [1786514747.060131364] [pcd_ndt_localizer]: NDT ok fitness=0.0828 pose=(1.57 -2.97 0.04)
[pcd_ndt_localizer-1] [INFO] [1786514748.101808576] [pcd_ndt_localizer]: NDT ok fitness=0.0815 pose=(1.57 -2.98 0.03)
[pcd_ndt_localizer-1] [INFO] [1786514749.108120070] [pcd_ndt_localizer]: NDT ok fitness=0.0826 pose=(1.58 -2.97 0.03)
[pcd_ndt_localizer-1] [INFO] [1786514750.265657983] [pcd_ndt_localizer]: NDT ok fitness=0.0830 pose=(1.57 -2.97 0.04)
[pcd_ndt_localizer-1] [INFO] [1786514751.389743827] [pcd_ndt_localizer]: NDT ok fitness=0.0828 pose=(1.58 -2.98 0.03)
[pcd_ndt_localizer-1] [INFO] [1786514752.530385058] [pcd_ndt_localizer]: NDT ok fitness=0.0832 pose=(1.58 -2.97 0.03)
[pcd_ndt_localizer-1] [INFO] [1786514753.714572705] [pcd_ndt_localizer]: NDT ok fitness=0.0831 pose=(1.58 -2.98 0.04)
[pcd_ndt_localizer-1] [INFO] [1786514754.808035911] [pcd_ndt_localizer]: NDT ok fitness=0.0822 pose=(1.57 -2.98 0.03)
[pcd_ndt_localizer-1] [INFO] [1786514755.842312394] [pcd_ndt_localizer]: NDT ok fitness=0.0826 pose=(1.58 -2.98 0.03)
[pcd_ndt_localizer-1] [INFO] [1786514756.867886750] [pcd_ndt_localizer]: NDT ok fitness=0.0834 pose=(1.58 -2.98 0.03)
[pcd_ndt_localizer-1] [INFO] [1786514757.927393642] [pcd_ndt_localizer]: NDT ok fitness=0.0828 pose=(1.57 -2.98 0.03)
[pcd_ndt_localizer-1] [INFO] [1786514759.077779605] [pcd_ndt_localizer]: NDT ok fitness=0.0818 pose=(1.58 -2.97 0.03)
[pcd_ndt_localizer-1] [INFO] [1786514760.123623713] [pcd_ndt_localizer]: NDT ok fitness=0.0826 pose=(1.58 -2.98 0.03)
[pcd_ndt_localizer-1] [INFO] [1786514761.159015603] [pcd_ndt_localizer]: NDT ok fitness=0.0825 pose=(1.58 -2.98 0.03)
[pcd_ndt_localizer-1] [INFO] [1786514762.336897095] [pcd_ndt_localizer]: NDT ok fitness=0.0831 pose=(1.57 -2.97 0.03)
[pcd_ndt_localizer-1] [INFO] [1786514763.519129267] [pcd_ndt_localizer]: NDT ok fitness=0.0823 pose=(1.58 -2.97 0.03)
[pcd_ndt_localizer-1] [INFO] [1786514764.695208923] [pcd_ndt_localizer]: NDT ok fitness=0.0834 pose=(1.58 -2.97 0.03)
[pcd_ndt_localizer-1] [INFO] [1786514765.759638775] [pcd_ndt_localizer]: NDT ok fitness=0.0828 pose=(1.58 -2.98 0.03)
[pcd_ndt_localizer-1] [INFO] [1786514766.928459553] [pcd_ndt_localizer]: NDT ok fitness=0.0818 pose=(1.57 -2.97 0.03)
[pcd_ndt_localizer-1] [INFO] [1786514767.973371876] [pcd_ndt_localizer]: NDT ok fitness=0.0841 pose=(1.58 -2.98 0.04)
[pcd_ndt_localizer-1] [INFO] [1786514769.024788446] [pcd_ndt_localizer]: NDT ok fitness=0.0823 pose=(1.58 -2.98 0.03)
[pcd_ndt_localizer-1] [INFO] [1786514770.107163654] [pcd_ndt_localizer]: NDT ok fitness=0.0820 pose=(1.58 -2.98 0.03)
[pcd_ndt_localizer-1] [INFO] [1786514771.278952165] [pcd_ndt_localizer]: NDT ok fitness=0.0839 pose=(1.58 -2.98 0.03)
[pcd_ndt_localizer-1] [INFO] [1786514772.294798122] [pcd_ndt_localizer]: NDT ok fitness=0.0815 pose=(1.58 -2.97 0.03)
[pcd_ndt_localizer-1] [INFO] [1786514773.308014719] [pcd_ndt_localizer]: NDT ok fitness=0.0822 pose=(1.57 -2.98 0.03)
[pcd_ndt_localizer-1] [INFO] [1786514774.310744370] [pcd_ndt_localizer]: NDT ok fitness=0.0823 pose=(1.58 -2.97 0.03)
[pcd_ndt_localizer-1] [INFO] [1786514775.315173711] [pcd_ndt_localizer]: NDT ok fitness=0.0829 pose=(1.58 -2.97 0.03)
[pcd_ndt_localizer-1] [INFO] [1786514776.432443118] [pcd_ndt_localizer]: NDT ok fitness=0.0831 pose=(1.57 -2.98 0.03)
[pcd_ndt_localizer-1] [INFO] [1786514777.604659583] [pcd_ndt_localizer]: NDT ok fitness=0.0827 pose=(1.57 -2.97 0.04)
[pcd_ndt_localizer-1] [INFO] [1786514778.658787181] [pcd_ndt_localizer]: NDT ok fitness=0.0821 pose=(1.57 -2.97 0.03)
[pcd_ndt_localizer-1] [INFO] [1786514779.712507721] [pcd_ndt_localizer]: NDT ok fitness=0.0825 pose=(1.57 -2.98 0.03)
[pcd_ndt_localizer-1] [INFO] [1786514780.774612812] [pcd_ndt_localizer]: NDT ok fitness=0.0829 pose=(1.58 -2.98 0.03)
[pcd_ndt_localizer-1] [INFO] [1786514781.999018490] [pcd_ndt_localizer]: NDT ok fitness=0.0823 pose=(1.57 -2.97 0.03)
[pcd_ndt_localizer-1] [INFO] [1786514783.130340339] [pcd_ndt_localizer]: NDT ok fitness=0.0834 pose=(1.58 -2.98 0.03)
[pcd_ndt_localizer-1] [INFO] [1786514784.241116028] [pcd_ndt_localizer]: NDT ok fitness=0.0818 pose=(1.58 -2.97 0.03)
[pcd_ndt_localizer-1] [INFO] [1786514785.280817759] [pcd_ndt_localizer]: NDT ok fitness=0.0836 pose=(1.58 -2.98 0.03)
[pcd_ndt_localizer-1] [INFO] [1786514786.301405104] [pcd_ndt_localizer]: NDT ok fitness=0.0832 pose=(1.57 -2.98 0.03)
[pcd_ndt_localizer-1] [INFO] [1786514787.363429200] [pcd_ndt_localizer]: NDT ok fitness=0.0835 pose=(1.57 -2.98 0.04)
[pcd_ndt_localizer-1] [INFO] [1786514788.504337476] [pcd_ndt_localizer]: NDT ok fitness=0.0829 pose=(1.58 -2.98 0.03)
[pcd_ndt_localizer-1] [INFO] [1786514789.699283491] [pcd_ndt_localizer]: NDT ok fitness=0.0823 pose=(1.58 -2.98 0.03)
[pcd_ndt_localizer-1] [INFO] [1786514790.761237184] [pcd_ndt_localizer]: NDT ok fitness=0.0827 pose=(1.58 -2.98 0.03)
[pcd_ndt_localizer-1] [INFO] [1786514791.787530789] [pcd_ndt_localizer]: NDT ok fitness=0.0835 pose=(1.58 -2.97 0.03)
[pcd_ndt_localizer-1] [INFO] [1786514792.811166136] [pcd_ndt_localizer]: NDT ok fitness=0.0832 pose=(1.57 -2.97 0.03)
[pcd_ndt_localizer-1] [INFO] [1786514793.860837351] [pcd_ndt_localizer]: NDT ok fitness=0.0823 pose=(1.58 -2.97 0.03)
[pcd_ndt_localizer-1] [INFO] [1786514794.864560037] [pcd_ndt_localizer]: NDT ok fitness=0.0822 pose=(1.58 -2.97 0.03)
[pcd_ndt_localizer-1] [INFO] [1786514795.921196030] [pcd_ndt_localizer]: NDT ok fitness=0.0832 pose=(1.58 -2.98 0.03)
[pcd_ndt_localizer-1] [INFO] [1786514797.018268860] [pcd_ndt_localizer]: NDT ok fitness=0.0829 pose=(1.58 -2.97 0.03)
[pcd_ndt_localizer-1] [INFO] [1786514798.228747380] [pcd_ndt_localizer]: NDT ok fitness=0.0833 pose=(1.57 -2.98 0.03)
[pcd_ndt_localizer-1] [INFO] [1786514799.350774495] [pcd_ndt_localizer]: NDT ok fitness=0.0832 pose=(1.58 -2.97 0.03)
[pcd_ndt_localizer-1] [INFO] [1786514800.356564054] [pcd_ndt_localizer]: NDT ok fitness=0.0825 pose=(1.58 -2.97 0.04)
[pcd_ndt_localizer-1] [INFO] [1786514801.472188974] [pcd_ndt_localizer]: NDT ok fitness=0.0827 pose=(1.58 -2.98 0.03)
[pcd_ndt_localizer-1] [INFO] [1786514802.660658648] [pcd_ndt_localizer]: NDT ok fitness=0.0829 pose=(1.58 -2.98 0.03)
[pcd_ndt_localizer-1] [INFO] [1786514803.803710088] [pcd_ndt_localizer]: NDT ok fitness=0.0834 pose=(1.58 -2.97 0.03)
[pcd_ndt_localizer-1] [INFO] [1786514804.911294120] [pcd_ndt_localizer]: NDT ok fitness=0.0826 pose=(1.57 -2.97 0.03)
[pcd_ndt_localizer-1] [INFO] [1786514805.994300747] [pcd_ndt_localizer]: NDT ok fitness=0.0830 pose=(1.58 -2.98 0.04)
[pcd_ndt_localizer-1] [INFO] [1786514807.166289299] [pcd_ndt_localizer]: NDT ok fitness=0.0829 pose=(1.57 -2.98 0.03)
[pcd_ndt_localizer-1] [INFO] [1786514808.236725051] [pcd_ndt_localizer]: NDT ok fitness=0.0828 pose=(1.57 -2.98 0.03)
[pcd_ndt_localizer-1] [INFO] [1786514809.307914660] [pcd_ndt_localizer]: NDT ok fitness=0.0825 pose=(1.57 -2.98 0.03)
[pcd_ndt_localizer-1] [INFO] [1786514810.477506245] [pcd_ndt_localizer]: NDT ok fitness=0.0835 pose=(1.58 -2.98 0.03)
[pcd_ndt_localizer-1] [INFO] [1786514811.529007362] [pcd_ndt_localizer]: NDT ok fitness=0.0835 pose=(1.57 -2.98 0.03)
[pcd_ndt_localizer-1] [INFO] [1786514812.554153782] [pcd_ndt_localizer]: NDT ok fitness=0.0810 pose=(1.58 -2.97 0.03)
[pcd_ndt_localizer-1] [INFO] [1786514813.711191325] [pcd_ndt_localizer]: NDT ok fitness=0.0833 pose=(1.58 -2.98 0.03)
[pcd_ndt_localizer-1] [INFO] [1786514814.910709632] [pcd_ndt_localizer]: NDT ok fitness=0.0836 pose=(1.58 -2.98 0.03)
[pcd_ndt_localizer-1] [INFO] [1786514816.053345790] [pcd_ndt_localizer]: NDT ok fitness=0.0823 pose=(1.57 -2.98 0.03)
[pcd_ndt_localizer-1] [INFO] [1786514817.232318705] [pcd_ndt_localizer]: NDT ok fitness=0.0817 pose=(1.57 -2.98 0.03)
[pcd_ndt_localizer-1] [INFO] [1786514818.283585028] [pcd_ndt_localizer]: NDT ok fitness=0.0833 pose=(1.58 -2.98 0.03)
[pcd_ndt_localizer-1] [INFO] [1786514819.302252258] [pcd_ndt_localizer]: NDT ok fitness=0.0828 pose=(1.57 -2.97 0.03)
[pcd_ndt_localizer-1] [INFO] [1786514820.306587258] [pcd_ndt_localizer]: NDT ok fitness=0.0827 pose=(1.58 -2.98 0.03)
