[INFO] [launch]: All log files can be found below /home/seeed/.ros/log/2026-07-02-12-49-42-057859-seeed-13510
[INFO] [launch]: Default logging verbosity is set to INFO
[INFO] [pcd_ndt_localizer-1]: process started with pid [13545]
[pcd_ndt_localizer-1] [INFO] [1782967782.372294907] [pcd_ndt_localizer]: Loaded map /home/seeed/ros2/maps/replay/fastlio_map_from_raw_livox_20260702_113834.pcd raw=326503 filtered=12961 leaf=0.250
[pcd_ndt_localizer-1] [INFO] [1782967782.393066169] [pcd_ndt_localizer]: PCD NDT localization ready. map=/home/seeed/ros2/maps/replay/fastlio_map_from_raw_livox_20260702_113834.pcd points=12961
[pcd_ndt_localizer-1] [WARN] [1782967782.696150958] [pcd_ndt_localizer]: NDT rejected: converged=1 fitness=2.2578 points=2325
[pcd_ndt_localizer-1] [WARN] [1782967783.710608238] [pcd_ndt_localizer]: NDT rejected: converged=1 fitness=2.5067 points=2305
[pcd_ndt_localizer-1] [WARN] [1782967784.710895525] [pcd_ndt_localizer]: NDT rejected: converged=1 fitness=2.4737 points=2278
[pcd_ndt_localizer-1] [WARN] [1782967785.810332283] [pcd_ndt_localizer]: NDT rejected: converged=1 fitness=2.4694 points=2322
[pcd_ndt_localizer-1] [WARN] [1782967786.908827252] [pcd_ndt_localizer]: NDT rejected: converged=1 fitness=2.4695 points=2369
[pcd_ndt_localizer-1] [WARN] [1782967788.002247752] [pcd_ndt_localizer]: NDT rejected: converged=1 fitness=2.4036 points=2294
[pcd_ndt_localizer-1] [WARN] [1782967789.008407261] [pcd_ndt_localizer]: NDT rejected: converged=1 fitness=2.4702 points=2355
[pcd_ndt_localizer-1] [WARN] [1782967790.009002366] [pcd_ndt_localizer]: NDT rejected: converged=1 fitness=2.4975 points=2374
[pcd_ndt_localizer-1] [WARN] [1782967791.100748668] [pcd_ndt_localizer]: NDT rejected: converged=1 fitness=2.4914 points=2345
[pcd_ndt_localizer-1] [WARN] [1782967792.112402306] [pcd_ndt_localizer]: NDT rejected: converged=1 fitness=2.3370 points=2383
[pcd_ndt_localizer-1] [WARN] [1782967793.174032308] [pcd_ndt_localizer]: NDT rejected: converged=1 fitness=2.4399 points=2393
[pcd_ndt_localizer-1] [WARN] [1782967794.209234258] [pcd_ndt_localizer]: NDT rejected: converged=1 fitness=2.5035 points=2309
[pcd_ndt_localizer-1] [WARN] [1782967795.212872533] [pcd_ndt_localizer]: NDT rejected: converged=1 fitness=2.4310 points=2372
[pcd_ndt_localizer-1] [WARN] [1782967796.213140204] [pcd_ndt_localizer]: NDT rejected: converged=1 fitness=2.3667 points=2346
[pcd_ndt_localizer-1] [WARN] [1782967797.309385947] [pcd_ndt_localizer]: NDT rejected: converged=1 fitness=2.5904 points=2344
[pcd_ndt_localizer-1] [WARN] [1782967798.313995518] [pcd_ndt_localizer]: NDT rejected: converged=1 fitness=2.4511 points=2355
[pcd_ndt_localizer-1] [WARN] [1782967799.411892323] [pcd_ndt_localizer]: NDT rejected: converged=1 fitness=2.5870 points=2394
[pcd_ndt_localizer-1] [WARN] [1782967800.413301726] [pcd_ndt_localizer]: NDT rejected: converged=1 fitness=2.3825 points=2384
[pcd_ndt_localizer-1] [WARN] [1782967801.507985307] [pcd_ndt_localizer]: NDT rejected: converged=1 fitness=2.6166 points=2336
[pcd_ndt_localizer-1] [WARN] [1782967802.614294511] [pcd_ndt_localizer]: NDT rejected: converged=1 fitness=2.4985 points=2327
[pcd_ndt_localizer-1] [WARN] [1782967803.708553375] [pcd_ndt_localizer]: NDT rejected: converged=1 fitness=2.5098 points=2314
[pcd_ndt_localizer-1] [WARN] [1782967804.799691594] [pcd_ndt_localizer]: NDT rejected: converged=1 fitness=2.4112 points=2301
[pcd_ndt_localizer-1] [WARN] [1782967805.807500916] [pcd_ndt_localizer]: NDT rejected: converged=1 fitness=2.2815 points=2383
[pcd_ndt_localizer-1] [WARN] [1782967806.907443002] [pcd_ndt_localizer]: NDT rejected: converged=1 fitness=2.4956 points=2312
[pcd_ndt_localizer-1] [WARN] [1782967808.001921713] [pcd_ndt_localizer]: NDT rejected: converged=1 fitness=2.3525 points=2289
[pcd_ndt_localizer-1] [WARN] [1782967809.008170952] [pcd_ndt_localizer]: NDT rejected: converged=1 fitness=2.3822 points=2246
[pcd_ndt_localizer-1] [WARN] [1782967810.094042153] [pcd_ndt_localizer]: NDT rejected: converged=1 fitness=2.4636 points=2332
[pcd_ndt_localizer-1] [WARN] [1782967811.111197697] [pcd_ndt_localizer]: NDT rejected: converged=1 fitness=2.4458 points=2295
[pcd_ndt_localizer-1] [WARN] [1782967812.195846906] [pcd_ndt_localizer]: NDT rejected: converged=1 fitness=2.5003 points=2377
[pcd_ndt_localizer-1] [WARN] [1782967813.201982254] [pcd_ndt_localizer]: NDT rejected: converged=1 fitness=2.4286 points=2347
[pcd_ndt_localizer-1] [WARN] [1782967814.271493855] [pcd_ndt_localizer]: NDT rejected: converged=1 fitness=2.2920 points=2303
[pcd_ndt_localizer-1] [WARN] [1782967815.304036647] [pcd_ndt_localizer]: NDT rejected: converged=1 fitness=2.4537 points=2306
[pcd_ndt_localizer-1] [WARN] [1782967816.304399680] [pcd_ndt_localizer]: NDT rejected: converged=1 fitness=2.1190 points=2335
[pcd_ndt_localizer-1] [WARN] [1782967816.331847190] [pcd_ndt_localizer]: Initial pose reset from /initialpose
[pcd_ndt_localizer-1] [INFO] [1782967816.432621866] [pcd_ndt_localizer]: NDT ok fitness=0.8585 pose=(-1.73 1.80 -0.24)
[pcd_ndt_localizer-1] [INFO] [1782967817.503258175] [pcd_ndt_localizer]: NDT ok fitness=0.8332 pose=(-1.73 1.79 -0.22)
[pcd_ndt_localizer-1] [INFO] [1782967818.588087806] [pcd_ndt_localizer]: NDT ok fitness=0.7848 pose=(-1.73 1.79 -0.23)
[pcd_ndt_localizer-1] [INFO] [1782967819.602065295] [pcd_ndt_localizer]: NDT ok fitness=0.8380 pose=(-1.72 1.80 -0.22)
[pcd_ndt_localizer-1] [INFO] [1782967820.611058207] [pcd_ndt_localizer]: NDT ok fitness=0.8544 pose=(-1.73 1.79 -0.22)
[pcd_ndt_localizer-1] [INFO] [1782967821.615525053] [pcd_ndt_localizer]: NDT ok fitness=0.8348 pose=(-1.74 1.78 -0.22)
[pcd_ndt_localizer-1] [INFO] [1782967822.714396193] [pcd_ndt_localizer]: NDT ok fitness=0.8739 pose=(-1.73 1.79 -0.22)
[pcd_ndt_localizer-1] [INFO] [1782967823.807666769] [pcd_ndt_localizer]: NDT ok fitness=0.7691 pose=(-1.74 1.79 -0.22)
[pcd_ndt_localizer-1] [INFO] [1782967824.815200690] [pcd_ndt_localizer]: NDT ok fitness=0.8535 pose=(-1.74 1.78 -0.22)
[pcd_ndt_localizer-1] [INFO] [1782967825.820024955] [pcd_ndt_localizer]: NDT ok fitness=0.8844 pose=(-1.75 1.77 -0.22)
[pcd_ndt_localizer-1] [INFO] [1782967826.913910047] [pcd_ndt_localizer]: NDT ok fitness=0.8345 pose=(-1.74 1.79 -0.23)
[pcd_ndt_localizer-1] [INFO] [1782967828.014853606] [pcd_ndt_localizer]: NDT ok fitness=0.7188 pose=(-1.73 1.79 -0.22)
[pcd_ndt_localizer-1] [INFO] [1782967829.016384389] [pcd_ndt_localizer]: NDT ok fitness=0.8352 pose=(-1.74 1.78 -0.21)
[pcd_ndt_localizer-1] [INFO] [1782967830.116509554] [pcd_ndt_localizer]: NDT ok fitness=0.7608 pose=(-1.73 1.79 -0.23)
[pcd_ndt_localizer-1] [INFO] [1782967831.210618172] [pcd_ndt_localizer]: NDT ok fitness=0.8676 pose=(-1.73 1.79 -0.22)
[pcd_ndt_localizer-1] [INFO] [1782967832.214267456] [pcd_ndt_localizer]: NDT ok fitness=0.7899 pose=(-1.73 1.79 -0.22)
[pcd_ndt_localizer-1] [INFO] [1782967833.314607540] [pcd_ndt_localizer]: NDT ok fitness=0.7891 pose=(-1.73 1.79 -0.22)
[pcd_ndt_localizer-1] [INFO] [1782967834.408647132] [pcd_ndt_localizer]: NDT ok fitness=0.7514 pose=(-1.75 1.78 -0.22)
[pcd_ndt_localizer-1] [INFO] [1782967835.421293794] [pcd_ndt_localizer]: NDT ok fitness=0.7975 pose=(-1.74 1.78 -0.22)
[pcd_ndt_localizer-1] [INFO] [1782967836.517417005] [pcd_ndt_localizer]: NDT ok fitness=0.7800 pose=(-1.74 1.78 -0.22)
[pcd_ndt_localizer-1] [INFO] [1782967837.613524249] [pcd_ndt_localizer]: NDT ok fitness=0.8524 pose=(-1.74 1.78 -0.22)
[pcd_ndt_localizer-1] [INFO] [1782967838.613648042] [pcd_ndt_localizer]: NDT ok fitness=0.7330 pose=(-1.74 1.78 -0.22)
[pcd_ndt_localizer-1] [INFO] [1782967839.717233735] [pcd_ndt_localizer]: NDT ok fitness=0.7702 pose=(-1.74 1.78 -0.22)
[pcd_ndt_localizer-1] [INFO] [1782967840.717496861] [pcd_ndt_localizer]: NDT ok fitness=0.7930 pose=(-1.75 1.78 -0.22)
[pcd_ndt_localizer-1] [INFO] [1782967841.790763847] [pcd_ndt_localizer]: NDT ok fitness=0.8639 pose=(-1.74 1.78 -0.22)
[pcd_ndt_localizer-1] [INFO] [1782967842.803828411] [pcd_ndt_localizer]: NDT ok fitness=0.7952 pose=(-1.73 1.79 -0.22)
[pcd_ndt_localizer-1] [INFO] [1782967843.891864577] [pcd_ndt_localizer]: NDT ok fitness=0.8531 pose=(-1.74 1.79 -0.22)
[pcd_ndt_localizer-1] [INFO] [1782967844.908920629] [pcd_ndt_localizer]: NDT ok fitness=0.8195 pose=(-1.73 1.79 -0.22)
[pcd_ndt_localizer-1] [INFO] [1782967846.012018850] [pcd_ndt_localizer]: NDT ok fitness=0.7890 pose=(-1.74 1.78 -0.22)
[pcd_ndt_localizer-1] [INFO] [1782967847.103715871] [pcd_ndt_localizer]: NDT ok fitness=0.7893 pose=(-1.73 1.78 -0.22)
[pcd_ndt_localizer-1] [INFO] [1782967848.116681455] [pcd_ndt_localizer]: NDT ok fitness=0.7090 pose=(-1.74 1.78 -0.22)
[pcd_ndt_localizer-1] [INFO] [1782967849.216089893] [pcd_ndt_localizer]: NDT ok fitness=0.8172 pose=(-1.74 1.78 -0.22)
[pcd_ndt_localizer-1] [INFO] [1782967850.217144533] [pcd_ndt_localizer]: NDT ok fitness=0.7600 pose=(-1.73 1.78 -0.22)
[pcd_ndt_localizer-1] [INFO] [1782967851.287453887] [pcd_ndt_localizer]: NDT ok fitness=0.7987 pose=(-1.74 1.78 -0.22)
[pcd_ndt_localizer-1] [INFO] [1782967852.311182731] [pcd_ndt_localizer]: NDT ok fitness=0.8145 pose=(-1.74 1.78 -0.22)
[pcd_ndt_localizer-1] [INFO] [1782967853.403566078] [pcd_ndt_localizer]: NDT ok fitness=0.8279 pose=(-1.74 1.78 -0.22)
[pcd_ndt_localizer-1] [INFO] [1782967854.409670320] [pcd_ndt_localizer]: NDT ok fitness=0.7958 pose=(-1.74 1.78 -0.22)
[pcd_ndt_localizer-1] [INFO] [1782967855.410018953] [pcd_ndt_localizer]: NDT ok fitness=0.7828 pose=(-1.74 1.78 -0.22)
[pcd_ndt_localizer-1] [INFO] [1782967856.506249753] [pcd_ndt_localizer]: NDT ok fitness=0.8194 pose=(-1.74 1.78 -0.22)
[pcd_ndt_localizer-1] [INFO] [1782967857.606326372] [pcd_ndt_localizer]: NDT ok fitness=0.7189 pose=(-1.74 1.78 -0.21)
[pcd_ndt_localizer-1] [INFO] [1782967858.609770753] [pcd_ndt_localizer]: NDT ok fitness=0.8400 pose=(-1.75 1.78 -0.22)
[pcd_ndt_localizer-1] [INFO] [1782967859.617523497] [pcd_ndt_localizer]: NDT ok fitness=0.8036 pose=(-1.74 1.79 -0.22)
[pcd_ndt_localizer-1] [INFO] [1782967860.713458382] [pcd_ndt_localizer]: NDT ok fitness=0.8166 pose=(-1.74 1.78 -0.22)
[pcd_ndt_localizer-1] [INFO] [1782967861.716445852] [pcd_ndt_localizer]: NDT ok fitness=0.8573 pose=(-1.75 1.77 -0.22)
[pcd_ndt_localizer-1] [INFO] [1782967862.818015800] [pcd_ndt_localizer]: NDT ok fitness=0.7805 pose=(-1.74 1.78 -0.22)
[pcd_ndt_localizer-1] [INFO] [1782967863.915155716] [pcd_ndt_localizer]: NDT ok fitness=0.7990 pose=(-1.74 1.78 -0.22)
[pcd_ndt_localizer-1] [INFO] [1782967865.003612793] [pcd_ndt_localizer]: NDT ok fitness=0.8181 pose=(-1.74 1.78 -0.22)
[pcd_ndt_localizer-1] [INFO] [1782967866.008884688] [pcd_ndt_localizer]: NDT ok fitness=0.7602 pose=(-1.74 1.78 -0.22)
[pcd_ndt_localizer-1] [INFO] [1782967867.012517267] [pcd_ndt_localizer]: NDT ok fitness=0.8804 pose=(-1.74 1.79 -0.22)
[pcd_ndt_localizer-1] [INFO] [1782967868.105753314] [pcd_ndt_localizer]: NDT ok fitness=0.8385 pose=(-1.73 1.78 -0.22)
[pcd_ndt_localizer-1] [INFO] [1782967869.200486689] [pcd_ndt_localizer]: NDT ok fitness=0.8152 pose=(-1.74 1.78 -0.22)
[pcd_ndt_localizer-1] [INFO] [1782967870.214062949] [pcd_ndt_localizer]: NDT ok fitness=0.8319 pose=(-1.73 1.80 -0.22)
[pcd_ndt_localizer-1] [INFO] [1782967871.310917960] [pcd_ndt_localizer]: NDT ok fitness=0.7968 pose=(-1.72 1.79 -0.22)
[pcd_ndt_localizer-1] [INFO] [1782967872.317375174] [pcd_ndt_localizer]: NDT ok fitness=0.8164 pose=(-1.74 1.78 -0.22)
[pcd_ndt_localizer-1] [INFO] [1782967873.404216614] [pcd_ndt_localizer]: NDT ok fitness=0.8098 pose=(-1.74 1.78 -0.22)
[pcd_ndt_localizer-1] [INFO] [1782967874.490193034] [pcd_ndt_localizer]: NDT ok fitness=0.7631 pose=(-1.75 1.77 -0.22)
[pcd_ndt_localizer-1] [INFO] [1782967875.529441675] [pcd_ndt_localizer]: NDT ok fitness=0.7587 pose=(-1.74 1.78 -0.22)
[pcd_ndt_localizer-1] [INFO] [1782967876.606104514] [pcd_ndt_localizer]: NDT ok fitness=0.7921 pose=(-1.75 1.78 -0.22)
[pcd_ndt_localizer-1] [INFO] [1782967877.607629153] [pcd_ndt_localizer]: NDT ok fitness=0.8002 pose=(-1.73 1.79 -0.22)
[pcd_ndt_localizer-1] [INFO] [1782967878.608395592] [pcd_ndt_localizer]: NDT ok fitness=0.7667 pose=(-1.73 1.79 -0.22)
[pcd_ndt_localizer-1] [INFO] [1782967879.706170953] [pcd_ndt_localizer]: NDT ok fitness=0.7540 pose=(-1.75 1.78 -0.22)
[pcd_ndt_localizer-1] [INFO] [1782967880.714915857] [pcd_ndt_localizer]: NDT ok fitness=0.7967 pose=(-1.74 1.78 -0.22)
[pcd_ndt_localizer-1] [INFO] [1782967881.715674999] [pcd_ndt_localizer]: NDT ok fitness=0.7771 pose=(-1.74 1.78 -0.22)
[pcd_ndt_localizer-1] [INFO] [1782967882.812216880] [pcd_ndt_localizer]: NDT ok fitness=0.7656 pose=(-1.73 1.79 -0.22)
[pcd_ndt_localizer-1] [INFO] [1782967883.918144792] [pcd_ndt_localizer]: NDT ok fitness=0.7684 pose=(-1.74 1.78 -0.22)
[pcd_ndt_localizer-1] [INFO] [1782967885.014236643] [pcd_ndt_localizer]: NDT ok fitness=0.7925 pose=(-1.75 1.78 -0.22)
[pcd_ndt_localizer-1] [INFO] [1782967886.112473427] [pcd_ndt_localizer]: NDT ok fitness=0.7943 pose=(-1.74 1.78 -0.21)
[pcd_ndt_localizer-1] [INFO] [1782967887.199190351] [pcd_ndt_localizer]: NDT ok fitness=0.8317 pose=(-1.74 1.78 -0.22)
[pcd_ndt_localizer-1] [INFO] [1782967888.200693645] [pcd_ndt_localizer]: NDT ok fitness=0.8836 pose=(-1.74 1.78 -0.22)
[pcd_ndt_localizer-1] [INFO] [1782967889.205638298] [pcd_ndt_localizer]: NDT ok fitness=0.7662 pose=(-1.75 1.77 -0.22)
[pcd_ndt_localizer-1] [INFO] [1782967890.298363576] [pcd_ndt_localizer]: NDT ok fitness=0.8906 pose=(-1.74 1.78 -0.22)
[pcd_ndt_localizer-1] [INFO] [1782967891.310145314] [pcd_ndt_localizer]: NDT ok fitness=0.8085 pose=(-1.74 1.78 -0.22)
[pcd_ndt_localizer-1] [INFO] [1782967892.404488501] [pcd_ndt_localizer]: NDT ok fitness=0.8500 pose=(-1.73 1.78 -0.22)
[pcd_ndt_localizer-1] [INFO] [1782967893.406924721] [pcd_ndt_localizer]: NDT ok fitness=0.7603 pose=(-1.74 1.78 -0.22)
[pcd_ndt_localizer-1] [INFO] [1782967894.414387568] [pcd_ndt_localizer]: NDT ok fitness=0.7477 pose=(-1.74 1.78 -0.22)
[pcd_ndt_localizer-1] [INFO] [1782967895.418164567] [pcd_ndt_localizer]: NDT ok fitness=0.8316 pose=(-1.75 1.78 -0.21)
[pcd_ndt_localizer-1] [INFO] [1782967896.516306948] [pcd_ndt_localizer]: NDT ok fitness=0.7987 pose=(-1.74 1.78 -0.22)
[pcd_ndt_localizer-1] [INFO] [1782967897.607056866] [pcd_ndt_localizer]: NDT ok fitness=0.8271 pose=(-1.74 1.78 -0.22)
[pcd_ndt_localizer-1] [INFO] [1782967898.611140244] [pcd_ndt_localizer]: NDT ok fitness=0.7421 pose=(-1.74 1.78 -0.22)
[pcd_ndt_localizer-1] [INFO] [1782967899.702944948] [pcd_ndt_localizer]: NDT ok fitness=0.8138 pose=(-1.74 1.78 -0.22)
[pcd_ndt_localizer-1] [INFO] [1782967900.703512084] [pcd_ndt_localizer]: NDT ok fitness=0.7770 pose=(-1.74 1.78 -0.22)
[pcd_ndt_localizer-1] [INFO] [1782967901.807637090] [pcd_ndt_localizer]: NDT ok fitness=0.7983 pose=(-1.74 1.78 -0.22)
[pcd_ndt_localizer-1] [WARN] [1782967902.315398307] [pcd_ndt_localizer]: New subscription discovered on topic '/aligned_cloud', requesting incompatible QoS. No messages will be sent to it. Last incompatible policy: RELIABILITY_QOS_POLICY
[pcd_ndt_localizer-1] [INFO] [1782967902.815358825] [pcd_ndt_localizer]: NDT ok fitness=0.8394 pose=(-1.74 1.78 -0.22)
[pcd_ndt_localizer-1] [INFO] [1782967903.917889763] [pcd_ndt_localizer]: NDT ok fitness=0.8771 pose=(-1.75 1.77 -0.21)
[pcd_ndt_localizer-1] [INFO] [1782967905.016240055] [pcd_ndt_localizer]: NDT ok fitness=0.8017 pose=(-1.73 1.78 -0.22)
[pcd_ndt_localizer-1] [INFO] [1782967906.099253723] [pcd_ndt_localizer]: NDT ok fitness=0.8160 pose=(-1.73 1.78 -0.23)
[pcd_ndt_localizer-1] [INFO] [1782967907.114105128] [pcd_ndt_localizer]: NDT ok fitness=0.8081 pose=(-1.74 1.78 -0.22)
[pcd_ndt_localizer-1] [INFO] [1782967908.114657640] [pcd_ndt_localizer]: NDT ok fitness=0.7282 pose=(-1.73 1.79 -0.22)
[pcd_ndt_localizer-1] [INFO] [1782967909.117495377] [pcd_ndt_localizer]: NDT ok fitness=0.8337 pose=(-1.71 1.81 -0.23)
[pcd_ndt_localizer-1] [INFO] [1782967910.219640287] [pcd_ndt_localizer]: NDT ok fitness=0.7888 pose=(-1.74 1.78 -0.23)
[pcd_ndt_localizer-1] [INFO] [1782967911.315631143] [pcd_ndt_localizer]: NDT ok fitness=0.8669 pose=(-1.73 1.79 -0.22)
[pcd_ndt_localizer-1] [INFO] [1782967912.417272708] [pcd_ndt_localizer]: NDT ok fitness=0.8155 pose=(-1.75 1.77 -0.22)
[pcd_ndt_localizer-1] [INFO] [1782967913.510555700] [pcd_ndt_localizer]: NDT ok fitness=0.8348 pose=(-1.74 1.78 -0.22)
[pcd_ndt_localizer-1] [INFO] [1782967914.599532121] [pcd_ndt_localizer]: NDT ok fitness=0.8511 pose=(-1.74 1.79 -0.22)
[pcd_ndt_localizer-1] [INFO] [1782967915.604257888] [pcd_ndt_localizer]: NDT ok fitness=0.8274 pose=(-1.75 1.78 -0.21)
[pcd_ndt_localizer-1] [INFO] [1782967916.709351501] [pcd_ndt_localizer]: NDT ok fitness=0.8561 pose=(-1.74 1.78 -0.22)
[pcd_ndt_localizer-1] [INFO] [1782967917.807693472] [pcd_ndt_localizer]: NDT ok fitness=0.7686 pose=(-1.72 1.79 -0.23)
[pcd_ndt_localizer-1] [INFO] [1782967918.891931948] [pcd_ndt_localizer]: NDT ok fitness=0.7578 pose=(-1.73 1.79 -0.23)
[pcd_ndt_localizer-1] [INFO] [1782967919.906466863] [pcd_ndt_localizer]: NDT ok fitness=0.8084 pose=(-1.74 1.78 -0.22)
[pcd_ndt_localizer-1] [INFO] [1782967920.988270541] [pcd_ndt_localizer]: NDT ok fitness=0.8237 pose=(-1.74 1.78 -0.22)
[pcd_ndt_localizer-1] [INFO] [1782967922.011057562] [pcd_ndt_localizer]: NDT ok fitness=0.7446 pose=(-1.74 1.78 -0.22)
[pcd_ndt_localizer-1] [INFO] [1782967923.011746686] [pcd_ndt_localizer]: NDT ok fitness=0.7799 pose=(-1.73 1.79 -0.23)
[pcd_ndt_localizer-1] [INFO] [1782967924.095213201] [pcd_ndt_localizer]: NDT ok fitness=0.7925 pose=(-1.73 1.78 -0.22)
[pcd_ndt_localizer-1] [INFO] [1782967925.097686671] [pcd_ndt_localizer]: NDT ok fitness=0.7695 pose=(-1.73 1.79 -0.22)
[pcd_ndt_localizer-1] [INFO] [1782967926.104636989] [pcd_ndt_localizer]: NDT ok fitness=0.7672 pose=(-1.74 1.78 -0.22)
[pcd_ndt_localizer-1] [INFO] [1782967927.201359708] [pcd_ndt_localizer]: NDT ok fitness=0.8027 pose=(-1.74 1.78 -0.22)
[pcd_ndt_localizer-1] [INFO] [1782967928.215977505] [pcd_ndt_localizer]: NDT ok fitness=0.7289 pose=(-1.73 1.79 -0.22)
[pcd_ndt_localizer-1] [INFO] [1782967929.314131918] [pcd_ndt_localizer]: NDT ok fitness=0.7982 pose=(-1.74 1.78 -0.22)
[pcd_ndt_localizer-1] [INFO] [1782967930.379301619] [pcd_ndt_localizer]: NDT ok fitness=0.8164 pose=(-1.75 1.78 -0.22)
[pcd_ndt_localizer-1] [INFO] [1782967931.399970492] [pcd_ndt_localizer]: NDT ok fitness=0.8232 pose=(-1.75 1.77 -0.22)
[pcd_ndt_localizer-1] [INFO] [1782967932.404802053] [pcd_ndt_localizer]: NDT ok fitness=0.7935 pose=(-1.73 1.79 -0.22)
[pcd_ndt_localizer-1] [INFO] [1782967933.573555353] [pcd_ndt_localizer]: NDT ok fitness=0.8204 pose=(-1.74 1.77 -0.22)
[pcd_ndt_localizer-1] [INFO] [1782967934.609744982] [pcd_ndt_localizer]: NDT ok fitness=0.8432 pose=(-1.75 1.78 -0.21)
[pcd_ndt_localizer-1] [INFO] [1782967935.613573184] [pcd_ndt_localizer]: NDT ok fitness=0.8377 pose=(-1.74 1.78 -0.22)
[pcd_ndt_localizer-1] [INFO] [1782967936.704932146] [pcd_ndt_localizer]: NDT ok fitness=0.8396 pose=(-1.74 1.78 -0.22)
[pcd_ndt_localizer-1] [INFO] [1782967937.803619824] [pcd_ndt_localizer]: NDT ok fitness=0.7910 pose=(-1.74 1.78 -0.22)
[pcd_ndt_localizer-1] [INFO] [1782967938.904926595] [pcd_ndt_localizer]: NDT ok fitness=0.8749 pose=(-1.73 1.79 -0.23)
[pcd_ndt_localizer-1] [INFO] [1782967939.910649993] [pcd_ndt_localizer]: NDT ok fitness=0.8150 pose=(-1.74 1.78 -0.22)
[pcd_ndt_localizer-1] [INFO] [1782967941.012518415] [pcd_ndt_localizer]: NDT ok fitness=0.8157 pose=(-1.73 1.79 -0.22)
[pcd_ndt_localizer-1] [INFO] [1782967942.101086470] [pcd_ndt_localizer]: NDT ok fitness=0.7651 pose=(-1.73 1.79 -0.23)
[pcd_ndt_localizer-1] [INFO] [1782967943.114861233] [pcd_ndt_localizer]: NDT ok fitness=0.8180 pose=(-1.73 1.79 -0.23)
[pcd_ndt_localizer-1] [INFO] [1782967944.211067327] [pcd_ndt_localizer]: NDT ok fitness=0.8023 pose=(-1.74 1.78 -0.22)
[pcd_ndt_localizer-1] [INFO] [1782967945.211190961] [pcd_ndt_localizer]: NDT ok fitness=0.7458 pose=(-1.74 1.78 -0.22)
[pcd_ndt_localizer-1] [INFO] [1782967946.310024724] [pcd_ndt_localizer]: NDT ok fitness=0.7778 pose=(-1.74 1.78 -0.22)
[pcd_ndt_localizer-1] [INFO] [1782967947.315313868] [pcd_ndt_localizer]: NDT ok fitness=0.7936 pose=(-1.72 1.80 -0.22)
[pcd_ndt_localizer-1] [INFO] [1782967948.407126573] [pcd_ndt_localizer]: NDT ok fitness=0.7561 pose=(-1.73 1.79 -0.22)
[pcd_ndt_localizer-1] [INFO] [1782967949.411043321] [pcd_ndt_localizer]: NDT ok fitness=0.8109 pose=(-1.73 1.79 -0.22)
[pcd_ndt_localizer-1] [INFO] [1782967950.412032935] [pcd_ndt_localizer]: NDT ok fitness=0.8285 pose=(-1.74 1.78 -0.21)
[pcd_ndt_localizer-1] [INFO] [1782967951.517149557] [pcd_ndt_localizer]: NDT ok fitness=0.8130 pose=(-1.73 1.79 -0.22)
[pcd_ndt_localizer-1] [INFO] [1782967952.604491493] [pcd_ndt_localizer]: NDT ok fitness=0.7767 pose=(-1.74 1.78 -0.22)
[pcd_ndt_localizer-1] [INFO] [1782967953.605941761] [pcd_ndt_localizer]: NDT ok fitness=0.7684 pose=(-1.74 1.78 -0.22)
[pcd_ndt_localizer-1] [INFO] [1782967954.696341940] [pcd_ndt_localizer]: NDT ok fitness=0.8537 pose=(-1.73 1.79 -0.22)
[pcd_ndt_localizer-1] [INFO] [1782967955.707927320] [pcd_ndt_localizer]: NDT ok fitness=0.8347 pose=(-1.73 1.78 -0.22)
[pcd_ndt_localizer-1] [INFO] [1782967956.809644088] [pcd_ndt_localizer]: NDT ok fitness=0.7818 pose=(-1.75 1.78 -0.22)
[pcd_ndt_localizer-1] [INFO] [1782967957.901702177] [pcd_ndt_localizer]: NDT ok fitness=0.8145 pose=(-1.74 1.78 -0.21)
[pcd_ndt_localizer-1] [INFO] [1782967958.912487658] [pcd_ndt_localizer]: NDT ok fitness=0.8287 pose=(-1.75 1.78 -0.22)
[pcd_ndt_localizer-1] [INFO] [1782967960.012039877] [pcd_ndt_localizer]: NDT ok fitness=0.8360 pose=(-1.74 1.78 -0.22)
[pcd_ndt_localizer-1] [INFO] [1782967961.101322196] [pcd_ndt_localizer]: NDT ok fitness=0.8227 pose=(-1.73 1.79 -0.22)
[pcd_ndt_localizer-1] [INFO] [1782967962.101373123] [pcd_ndt_localizer]: NDT ok fitness=0.8236 pose=(-1.73 1.79 -0.22)
[pcd_ndt_localizer-1] [INFO] [1782967963.110965350] [pcd_ndt_localizer]: NDT ok fitness=0.8322 pose=(-1.74 1.78 -0.21)
[pcd_ndt_localizer-1] [INFO] [1782967964.204475134] [pcd_ndt_localizer]: NDT ok fitness=0.8609 pose=(-1.73 1.79 -0.22)
[pcd_ndt_localizer-1] [INFO] [1782967965.205447915] [pcd_ndt_localizer]: NDT ok fitness=0.8034 pose=(-1.74 1.79 -0.22)
[pcd_ndt_localizer-1] [INFO] [1782967966.306180875] [pcd_ndt_localizer]: NDT ok fitness=0.8739 pose=(-1.74 1.78 -0.21)
[pcd_ndt_localizer-1] [INFO] [1782967967.322391012] [pcd_ndt_localizer]: NDT ok fitness=0.8695 pose=(-1.74 1.78 -0.22)
[pcd_ndt_localizer-1] [INFO] [1782967968.404605231] [pcd_ndt_localizer]: NDT ok fitness=0.7339 pose=(-1.73 1.79 -0.22)
[pcd_ndt_localizer-1] [INFO] [1782967969.505791614] [pcd_ndt_localizer]: NDT ok fitness=0.7590 pose=(-1.74 1.78 -0.22)
[pcd_ndt_localizer-1] [INFO] [1782967970.509265436] [pcd_ndt_localizer]: NDT ok fitness=0.7873 pose=(-1.73 1.78 -0.22)
[pcd_ndt_localizer-1] [INFO] [1782967971.512091877] [pcd_ndt_localizer]: NDT ok fitness=0.7979 pose=(-1.74 1.78 -0.22)
[pcd_ndt_localizer-1] [INFO] [1782967972.515465407] [pcd_ndt_localizer]: NDT ok fitness=0.8092 pose=(-1.74 1.78 -0.22)
[pcd_ndt_localizer-1] [INFO] [1782967973.605663756] [pcd_ndt_localizer]: NDT ok fitness=0.7949 pose=(-1.74 1.78 -0.22)
[pcd_ndt_localizer-1] [INFO] [1782967974.611602489] [pcd_ndt_localizer]: NDT ok fitness=0.8620 pose=(-1.74 1.78 -0.22)
[pcd_ndt_localizer-1] [INFO] [1782967975.618900595] [pcd_ndt_localizer]: NDT ok fitness=0.8052 pose=(-1.74 1.78 -0.22)
[pcd_ndt_localizer-1] [INFO] [1782967976.710707987] [pcd_ndt_localizer]: NDT ok fitness=0.8175 pose=(-1.73 1.79 -0.23)
[pcd_ndt_localizer-1] [INFO] [1782967977.711696833] [pcd_ndt_localizer]: NDT ok fitness=0.8348 pose=(-1.73 1.79 -0.22)
[pcd_ndt_localizer-1] [INFO] [1782967978.812995155] [pcd_ndt_localizer]: NDT ok fitness=0.7499 pose=(-1.73 1.79 -0.22)
[pcd_ndt_localizer-1] [INFO] [1782967979.813124613] [pcd_ndt_localizer]: NDT ok fitness=0.7541 pose=(-1.74 1.78 -0.22)
[pcd_ndt_localizer-1] [INFO] [1782967980.813891756] [pcd_ndt_localizer]: NDT ok fitness=0.7644 pose=(-1.75 1.77 -0.22)
[pcd_ndt_localizer-1] [INFO] [1782967981.817453004] [pcd_ndt_localizer]: NDT ok fitness=0.8469 pose=(-1.74 1.78 -0.22)
[pcd_ndt_localizer-1] [INFO] [1782967982.906722331] [pcd_ndt_localizer]: NDT ok fitness=0.7958 pose=(-1.75 1.78 -0.22)
[pcd_ndt_localizer-1] [INFO] [1782967983.907598725] [pcd_ndt_localizer]: NDT ok fitness=0.8620 pose=(-1.74 1.78 -0.23)
[pcd_ndt_localizer-1] [INFO] [1782967984.918185448] [pcd_ndt_localizer]: NDT ok fitness=0.7798 pose=(-1.74 1.78 -0.22)
[pcd_ndt_localizer-1] [INFO] [1782967986.009085835] [pcd_ndt_localizer]: NDT ok fitness=0.8464 pose=(-1.74 1.78 -0.22)
[pcd_ndt_localizer-1] [INFO] [1782967987.010343650] [pcd_ndt_localizer]: NDT ok fitness=0.7758 pose=(-1.74 1.78 -0.21)
[pcd_ndt_localizer-1] [INFO] [1782967988.017667548] [pcd_ndt_localizer]: NDT ok fitness=0.8252 pose=(-1.74 1.78 -0.22)
[pcd_ndt_localizer-1] [INFO] [1782967989.103567198] [pcd_ndt_localizer]: NDT ok fitness=0.7664 pose=(-1.74 1.79 -0.22)
[pcd_ndt_localizer-1] [INFO] [1782967990.201164473] [pcd_ndt_localizer]: NDT ok fitness=0.7885 pose=(-1.75 1.77 -0.22)
[pcd_ndt_localizer-1] [INFO] [1782967991.203894015] [pcd_ndt_localizer]: NDT ok fitness=0.7825 pose=(-1.75 1.77 -0.22)
[pcd_ndt_localizer-1] [INFO] [1782967992.207642662] [pcd_ndt_localizer]: NDT ok fitness=0.8181 pose=(-1.75 1.77 -0.22)
[pcd_ndt_localizer-1] [INFO] [1782967993.305137181] [pcd_ndt_localizer]: NDT ok fitness=0.7327 pose=(-1.75 1.78 -0.22)
[pcd_ndt_localizer-1] [INFO] [1782967994.405418639] [pcd_ndt_localizer]: NDT ok fitness=0.8602 pose=(-1.72 1.80 -0.22)
[pcd_ndt_localizer-1] [INFO] [1782967995.409594884] [pcd_ndt_localizer]: NDT ok fitness=0.8699 pose=(-1.73 1.79 -0.22)
[pcd_ndt_localizer-1] [INFO] [1782967996.415706167] [pcd_ndt_localizer]: NDT ok fitness=0.8381 pose=(-1.75 1.78 -0.22)
[pcd_ndt_localizer-1] [INFO] [1782967997.510572986] [pcd_ndt_localizer]: NDT ok fitness=0.7929 pose=(-1.74 1.78 -0.22)
[pcd_ndt_localizer-1] [INFO] [1782967998.582048330] [pcd_ndt_localizer]: NDT ok fitness=0.7981 pose=(-1.75 1.78 -0.22)
[pcd_ndt_localizer-1] [INFO] [1782967999.589304418] [pcd_ndt_localizer]: NDT ok fitness=0.8164 pose=(-1.72 1.79 -0.22)
[pcd_ndt_localizer-1] [INFO] [1782968000.602620574] [pcd_ndt_localizer]: NDT ok fitness=0.8001 pose=(-1.74 1.78 -0.22)
[pcd_ndt_localizer-1] [INFO] [1782968001.717340417] [pcd_ndt_localizer]: NDT ok fitness=0.7806 pose=(-1.73 1.78 -0.22)
[pcd_ndt_localizer-1] [INFO] [1782968002.791052602] [pcd_ndt_localizer]: NDT ok fitness=0.7980 pose=(-1.74 1.78 -0.22)
[pcd_ndt_localizer-1] [INFO] [1782968003.810247347] [pcd_ndt_localizer]: NDT ok fitness=0.7114 pose=(-1.73 1.78 -0.22)
[pcd_ndt_localizer-1] [INFO] [1782968004.814656719] [pcd_ndt_localizer]: NDT ok fitness=0.8317 pose=(-1.73 1.79 -0.23)
[pcd_ndt_localizer-1] [INFO] [1782968005.816861092] [pcd_ndt_localizer]: NDT ok fitness=0.8130 pose=(-1.74 1.78 -0.22)
[pcd_ndt_localizer-1] [INFO] [1782968006.910393020] [pcd_ndt_localizer]: NDT ok fitness=0.7716 pose=(-1.73 1.79 -0.22)
[pcd_ndt_localizer-1] [INFO] [1782968007.917412460] [pcd_ndt_localizer]: NDT ok fitness=0.8288 pose=(-1.73 1.79 -0.22)
[pcd_ndt_localizer-1] [INFO] [1782968009.015397204] [pcd_ndt_localizer]: NDT ok fitness=0.8620 pose=(-1.73 1.79 -0.22)
[pcd_ndt_localizer-1] [INFO] [1782968010.114192918] [pcd_ndt_localizer]: NDT ok fitness=0.7744 pose=(-1.73 1.78 -0.22)
[pcd_ndt_localizer-1] [INFO] [1782968011.206553352] [pcd_ndt_localizer]: NDT ok fitness=0.8201 pose=(-1.75 1.78 -0.22)
[pcd_ndt_localizer-1] [INFO] [1782968012.211109993] [pcd_ndt_localizer]: NDT ok fitness=0.8222 pose=(-1.74 1.77 -0.22)
[pcd_ndt_localizer-1] [INFO] [1782968013.212223003] [pcd_ndt_localizer]: NDT ok fitness=0.7927 pose=(-1.74 1.78 -0.21)
[pcd_ndt_localizer-1] [INFO] [1782968014.304703825] [pcd_ndt_localizer]: NDT ok fitness=0.7979 pose=(-1.74 1.78 -0.23)
[pcd_ndt_localizer-1] [INFO] [1782968015.312264850] [pcd_ndt_localizer]: NDT ok fitness=0.7946 pose=(-1.74 1.78 -0.21)
[pcd_ndt_localizer-1] [INFO] [1782968016.312474055] [pcd_ndt_localizer]: NDT ok fitness=0.7493 pose=(-1.73 1.79 -0.22)
[pcd_ndt_localizer-1] [INFO] [1782968017.313460501] [pcd_ndt_localizer]: NDT ok fitness=0.7877 pose=(-1.75 1.78 -0.22)
[pcd_ndt_localizer-1] [INFO] [1782968018.315528645] [pcd_ndt_localizer]: NDT ok fitness=0.8300 pose=(-1.74 1.78 -0.22)
[pcd_ndt_localizer-1] [INFO] [1782968019.411861463] [pcd_ndt_localizer]: NDT ok fitness=0.8066 pose=(-1.72 1.80 -0.22)
[pcd_ndt_localizer-1] [INFO] [1782968020.513477396] [pcd_ndt_localizer]: NDT ok fitness=0.7517 pose=(-1.74 1.79 -0.22)
[pcd_ndt_localizer-1] [INFO] [1782968021.587088426] [pcd_ndt_localizer]: NDT ok fitness=0.8048 pose=(-1.74 1.79 -0.22)
[pcd_ndt_localizer-1] [INFO] [1782968022.604680559] [pcd_ndt_localizer]: NDT ok fitness=0.8157 pose=(-1.74 1.78 -0.22)
[pcd_ndt_localizer-1] [INFO] [1782968023.610787234] [pcd_ndt_localizer]: NDT ok fitness=0.7462 pose=(-1.74 1.78 -0.22)
[pcd_ndt_localizer-1] [INFO] [1782968024.709771146] [pcd_ndt_localizer]: NDT ok fitness=0.7994 pose=(-1.73 1.78 -0.23)
[pcd_ndt_localizer-1] [INFO] [1782968025.711274696] [pcd_ndt_localizer]: NDT ok fitness=0.7922 pose=(-1.74 1.78 -0.21)
[pcd_ndt_localizer-1] [INFO] [1782968026.808396980] [pcd_ndt_localizer]: NDT ok fitness=0.8194 pose=(-1.73 1.79 -0.22)
[pcd_ndt_localizer-1] [INFO] [1782968027.889729186] [pcd_ndt_localizer]: NDT ok fitness=0.8213 pose=(-1.75 1.78 -0.21)
[pcd_ndt_localizer-1] [INFO] [1782968028.975261304] [pcd_ndt_localizer]: NDT ok fitness=0.8265 pose=(-1.75 1.77 -0.22)
[pcd_ndt_localizer-1] [INFO] [1782968030.009694973] [pcd_ndt_localizer]: NDT ok fitness=0.8243 pose=(-1.74 1.78 -0.22)
[pcd_ndt_localizer-1] [INFO] [1782968031.115478912] [pcd_ndt_localizer]: NDT ok fitness=0.8172 pose=(-1.73 1.79 -0.22)
[pcd_ndt_localizer-1] [INFO] [1782968032.214516170] [pcd_ndt_localizer]: NDT ok fitness=0.8503 pose=(-1.73 1.79 -0.23)
[pcd_ndt_localizer-1] [INFO] [1782968033.297556560] [pcd_ndt_localizer]: NDT ok fitness=0.8303 pose=(-1.74 1.78 -0.22)
[pcd_ndt_localizer-1] [INFO] [1782968034.390732956] [pcd_ndt_localizer]: NDT ok fitness=0.7409 pose=(-1.74 1.78 -0.22)
[pcd_ndt_localizer-1] [INFO] [1782968035.404507942] [pcd_ndt_localizer]: NDT ok fitness=0.7400 pose=(-1.71 1.80 -0.22)
[pcd_ndt_localizer-1] [INFO] [1782968036.408880385] [pcd_ndt_localizer]: NDT ok fitness=0.7918 pose=(-1.74 1.79 -0.22)
[pcd_ndt_localizer-1] [INFO] [1782968037.412106935] [pcd_ndt_localizer]: NDT ok fitness=0.8598 pose=(-1.73 1.79 -0.22)
[pcd_ndt_localizer-1] [INFO] [1782968038.505554797] [pcd_ndt_localizer]: NDT ok fitness=0.7440 pose=(-1.73 1.79 -0.22)
[pcd_ndt_localizer-1] [INFO] [1782968039.514312501] [pcd_ndt_localizer]: NDT ok fitness=0.7855 pose=(-1.74 1.78 -0.22)
[pcd_ndt_localizer-1] [INFO] [1782968040.603781706] [pcd_ndt_localizer]: NDT ok fitness=0.7812 pose=(-1.74 1.78 -0.22)
[pcd_ndt_localizer-1] [INFO] [1782968041.611565299] [pcd_ndt_localizer]: NDT ok fitness=0.8136 pose=(-1.74 1.77 -0.22)
[pcd_ndt_localizer-1] [INFO] [1782968042.705043785] [pcd_ndt_localizer]: NDT ok fitness=0.7701 pose=(-1.73 1.79 -0.22)
[pcd_ndt_localizer-1] [INFO] [1782968043.799184469] [pcd_ndt_localizer]: NDT ok fitness=0.7863 pose=(-1.73 1.79 -0.23)
[pcd_ndt_localizer-1] [INFO] [1782968044.814334891] [pcd_ndt_localizer]: NDT ok fitness=0.8438 pose=(-1.73 1.79 -0.22)
[pcd_ndt_localizer-1] [INFO] [1782968045.908587899] [pcd_ndt_localizer]: NDT ok fitness=0.8284 pose=(-1.75 1.78 -0.22)
[pcd_ndt_localizer-1] [INFO] [1782968047.012125718] [pcd_ndt_localizer]: NDT ok fitness=0.7536 pose=(-1.75 1.78 -0.22)
[pcd_ndt_localizer-1] [INFO] [1782968048.013819194] [pcd_ndt_localizer]: NDT ok fitness=0.8352 pose=(-1.74 1.78 -0.22)
[pcd_ndt_localizer-1] [INFO] [1782968049.112124044] [pcd_ndt_localizer]: NDT ok fitness=0.7751 pose=(-1.74 1.78 -0.22)
[pcd_ndt_localizer-1] [INFO] [1782968050.112721229] [pcd_ndt_localizer]: NDT ok fitness=0.8183 pose=(-1.74 1.78 -0.23)
[pcd_ndt_localizer-1] [INFO] [1782968051.212453261] [pcd_ndt_localizer]: NDT ok fitness=0.7792 pose=(-1.74 1.78 -0.22)
[pcd_ndt_localizer-1] [INFO] [1782968052.303475028] [pcd_ndt_localizer]: NDT ok fitness=0.7886 pose=(-1.74 1.78 -0.22)
[pcd_ndt_localizer-1] [INFO] [1782968053.303749899] [pcd_ndt_localizer]: NDT ok fitness=0.7749 pose=(-1.75 1.77 -0.22)
[pcd_ndt_localizer-1] [INFO] [1782968054.393984057] [pcd_ndt_localizer]: NDT ok fitness=0.8639 pose=(-1.73 1.79 -0.22)
[pcd_ndt_localizer-1] [INFO] [1782968055.507049447] [pcd_ndt_localizer]: NDT ok fitness=0.7634 pose=(-1.73 1.79 -0.23)
[pcd_ndt_localizer-1] [INFO] [1782968056.511604840] [pcd_ndt_localizer]: NDT ok fitness=0.8529 pose=(-1.74 1.78 -0.22)
[pcd_ndt_localizer-1] [INFO] [1782968057.593859348] [pcd_ndt_localizer]: NDT ok fitness=0.7652 pose=(-1.73 1.79 -0.23)
[pcd_ndt_localizer-1] [INFO] [1782968058.603539226] [pcd_ndt_localizer]: NDT ok fitness=0.7683 pose=(-1.72 1.80 -0.22)
[pcd_ndt_localizer-1] [INFO] [1782968059.609552394] [pcd_ndt_localizer]: NDT ok fitness=0.8170 pose=(-1.74 1.79 -0.22)
[pcd_ndt_localizer-1] [INFO] [1782968060.705198278] [pcd_ndt_localizer]: NDT ok fitness=0.8053 pose=(-1.73 1.79 -0.22)
[pcd_ndt_localizer-1] [INFO] [1782968061.706704548] [pcd_ndt_localizer]: NDT ok fitness=0.8012 pose=(-1.73 1.79 -0.22)
[pcd_ndt_localizer-1] [INFO] [1782968062.810757136] [pcd_ndt_localizer]: NDT ok fitness=0.7214 pose=(-1.74 1.78 -0.22)
[pcd_ndt_localizer-1] [INFO] [1782968063.906140612] [pcd_ndt_localizer]: NDT ok fitness=0.7642 pose=(-1.74 1.78 -0.22)
[pcd_ndt_localizer-1] [INFO] [1782968065.009661022] [pcd_ndt_localizer]: NDT ok fitness=0.7928 pose=(-1.74 1.78 -0.22)
[pcd_ndt_localizer-1] [INFO] [1782968066.103853547] [pcd_ndt_localizer]: NDT ok fitness=0.8075 pose=(-1.74 1.78 -0.22)
[pcd_ndt_localizer-1] [INFO] [1782968067.109357931] [pcd_ndt_localizer]: NDT ok fitness=0.7969 pose=(-1.75 1.78 -0.22)
[pcd_ndt_localizer-1] [INFO] [1782968068.206945830] [pcd_ndt_localizer]: NDT ok fitness=0.7838 pose=(-1.75 1.78 -0.21)
[pcd_ndt_localizer-1] [INFO] [1782968069.212407428] [pcd_ndt_localizer]: NDT ok fitness=0.7749 pose=(-1.74 1.78 -0.22)
[pcd_ndt_localizer-1] [INFO] [1782968070.314584051] [pcd_ndt_localizer]: NDT ok fitness=0.8316 pose=(-1.74 1.78 -0.22)
[pcd_ndt_localizer-1] [INFO] [1782968071.316439260] [pcd_ndt_localizer]: NDT ok fitness=0.8268 pose=(-1.74 1.78 -0.22)
[pcd_ndt_localizer-1] [INFO] [1782968072.386308761] [pcd_ndt_localizer]: NDT ok fitness=0.7873 pose=(-1.74 1.79 -0.22)
[pcd_ndt_localizer-1] [INFO] [1782968073.386744789] [pcd_ndt_localizer]: NDT ok fitness=0.7819 pose=(-1.74 1.78 -0.23)
[pcd_ndt_localizer-1] [INFO] [1782968074.399814280] [pcd_ndt_localizer]: NDT ok fitness=0.8076 pose=(-1.73 1.79 -0.22)
[pcd_ndt_localizer-1] [INFO] [1782968075.407924156] [pcd_ndt_localizer]: NDT ok fitness=0.8755 pose=(-1.74 1.78 -0.22)
[pcd_ndt_localizer-1] [INFO] [1782968076.410708835] [pcd_ndt_localizer]: NDT ok fitness=0.8098 pose=(-1.73 1.78 -0.22)
[pcd_ndt_localizer-1] [INFO] [1782968077.515834609] [pcd_ndt_localizer]: NDT ok fitness=0.7974 pose=(-1.74 1.78 -0.22)
[pcd_ndt_localizer-1] [INFO] [1782968078.693533733] [pcd_ndt_localizer]: NDT ok fitness=0.7341 pose=(-1.75 1.78 -0.22)
[pcd_ndt_localizer-1] [INFO] [1782968079.693708441] [pcd_ndt_localizer]: NDT ok fitness=0.8261 pose=(-1.74 1.79 -0.21)
[pcd_ndt_localizer-1] [INFO] [1782968080.707480611] [pcd_ndt_localizer]: NDT ok fitness=0.8235 pose=(-1.74 1.78 -0.22)
[pcd_ndt_localizer-1] [INFO] [1782968081.809671026] [pcd_ndt_localizer]: NDT ok fitness=0.7923 pose=(-1.73 1.79 -0.22)
[pcd_ndt_localizer-1] [INFO] [1782968082.902279885] [pcd_ndt_localizer]: NDT ok fitness=0.7725 pose=(-1.73 1.78 -0.23)
[pcd_ndt_localizer-1] [INFO] [1782968084.082258794] [pcd_ndt_localizer]: NDT ok fitness=0.7673 pose=(-1.74 1.78 -0.22)
[pcd_ndt_localizer-1] [INFO] [1782968085.104444516] [pcd_ndt_localizer]: NDT ok fitness=0.8530 pose=(-1.74 1.78 -0.22)
[pcd_ndt_localizer-1] [INFO] [1782968086.107914306] [pcd_ndt_localizer]: NDT ok fitness=0.8338 pose=(-1.73 1.79 -0.22)
[pcd_ndt_localizer-1] [INFO] [1782968087.111672297] [pcd_ndt_localizer]: NDT ok fitness=0.8025 pose=(-1.74 1.78 -0.22)
[pcd_ndt_localizer-1] [INFO] [1782968088.207512971] [pcd_ndt_localizer]: NDT ok fitness=0.7659 pose=(-1.74 1.78 -0.22)
[pcd_ndt_localizer-1] [INFO] [1782968089.289571409] [pcd_ndt_localizer]: NDT ok fitness=0.8163 pose=(-1.73 1.79 -0.23)
[pcd_ndt_localizer-1] [INFO] [1782968090.313484451] [pcd_ndt_localizer]: NDT ok fitness=0.7808 pose=(-1.74 1.78 -0.22)
[pcd_ndt_localizer-1] [INFO] [1782968091.410584974] [pcd_ndt_localizer]: NDT ok fitness=0.7754 pose=(-1.74 1.78 -0.21)
[pcd_ndt_localizer-1] [INFO] [1782968092.506082213] [pcd_ndt_localizer]: NDT ok fitness=0.8255 pose=(-1.72 1.80 -0.22)
[pcd_ndt_localizer-1] [INFO] [1782968093.506115956] [pcd_ndt_localizer]: NDT ok fitness=0.7635 pose=(-1.75 1.77 -0.22)
[pcd_ndt_localizer-1] [INFO] [1782968094.605140285] [pcd_ndt_localizer]: NDT ok fitness=0.8503 pose=(-1.73 1.79 -0.23)
[pcd_ndt_localizer-1] [INFO] [1782968095.711465746] [pcd_ndt_localizer]: NDT ok fitness=0.7338 pose=(-1.74 1.78 -0.22)
[pcd_ndt_localizer-1] [INFO] [1782968096.797375508] [pcd_ndt_localizer]: NDT ok fitness=0.7705 pose=(-1.75 1.77 -0.22)
[pcd_ndt_localizer-1] [INFO] [1782968097.806411366] [pcd_ndt_localizer]: NDT ok fitness=0.7148 pose=(-1.73 1.79 -0.22)
[pcd_ndt_localizer-1] [INFO] [1782968098.907480817] [pcd_ndt_localizer]: NDT ok fitness=0.7855 pose=(-1.74 1.78 -0.22)
[pcd_ndt_localizer-1] [INFO] [1782968099.909465407] [pcd_ndt_localizer]: NDT ok fitness=0.7845 pose=(-1.74 1.78 -0.22)
[pcd_ndt_localizer-1] [INFO] [1782968101.008905909] [pcd_ndt_localizer]: NDT ok fitness=0.7820 pose=(-1.74 1.78 -0.22)
[pcd_ndt_localizer-1] [INFO] [1782968102.107822619] [pcd_ndt_localizer]: NDT ok fitness=0.7961 pose=(-1.73 1.79 -0.22)
[pcd_ndt_localizer-1] [INFO] [1782968103.205523834] [pcd_ndt_localizer]: NDT ok fitness=0.7391 pose=(-1.74 1.78 -0.22)
[pcd_ndt_localizer-1] [INFO] [1782968104.299276185] [pcd_ndt_localizer]: NDT ok fitness=0.8762 pose=(-1.74 1.78 -0.23)
[pcd_ndt_localizer-1] [INFO] [1782968105.306563858] [pcd_ndt_localizer]: NDT ok fitness=0.7694 pose=(-1.73 1.79 -0.22)
[pcd_ndt_localizer-1] [INFO] [1782968106.315134772] [pcd_ndt_localizer]: NDT ok fitness=0.8276 pose=(-1.75 1.77 -0.21)
[pcd_ndt_localizer-1] [INFO] [1782968107.410444230] [pcd_ndt_localizer]: NDT ok fitness=0.8129 pose=(-1.73 1.78 -0.22)
[pcd_ndt_localizer-1] [INFO] [1782968108.510098307] [pcd_ndt_localizer]: NDT ok fitness=0.7659 pose=(-1.73 1.79 -0.22)
[pcd_ndt_localizer-1] [INFO] [1782968109.605715903] [pcd_ndt_localizer]: NDT ok fitness=0.7704 pose=(-1.73 1.79 -0.22)
[pcd_ndt_localizer-1] [INFO] [1782968110.611755695] [pcd_ndt_localizer]: NDT ok fitness=0.8112 pose=(-1.74 1.78 -0.22)
[pcd_ndt_localizer-1] [INFO] [1782968111.699860376] [pcd_ndt_localizer]: NDT ok fitness=0.7943 pose=(-1.74 1.78 -0.22)
[pcd_ndt_localizer-1] [INFO] [1782968112.716951373] [pcd_ndt_localizer]: NDT ok fitness=0.7911 pose=(-1.74 1.78 -0.22)
[pcd_ndt_localizer-1] [INFO] [1782968113.812439109] [pcd_ndt_localizer]: NDT ok fitness=0.7556 pose=(-1.73 1.79 -0.22)
[pcd_ndt_localizer-1] [INFO] [1782968114.905058943] [pcd_ndt_localizer]: NDT ok fitness=0.8212 pose=(-1.74 1.78 -0.22)
[pcd_ndt_localizer-1] [INFO] [1782968116.011561306] [pcd_ndt_localizer]: NDT ok fitness=0.7980 pose=(-1.73 1.79 -0.21)
[pcd_ndt_localizer-1] [INFO] [1782968117.107328090] [pcd_ndt_localizer]: NDT ok fitness=0.8877 pose=(-1.74 1.78 -0.21)
[pcd_ndt_localizer-1] [INFO] [1782968118.204567593] [pcd_ndt_localizer]: NDT ok fitness=0.7448 pose=(-1.74 1.78 -0.22)
[pcd_ndt_localizer-1] [INFO] [1782968119.204954340] [pcd_ndt_localizer]: NDT ok fitness=0.8032 pose=(-1.73 1.78 -0.22)
[pcd_ndt_localizer-1] [WARN] [1782968120.009604658] [pcd_ndt_localizer]: New subscription discovered on topic '/aligned_cloud', requesting incompatible QoS. No messages will be sent to it. Last incompatible policy: RELIABILITY_QOS_POLICY
[pcd_ndt_localizer-1] [INFO] [1782968120.205698826] [pcd_ndt_localizer]: NDT ok fitness=0.8088 pose=(-1.74 1.78 -0.22)
[pcd_ndt_localizer-1] [INFO] [1782968121.214344814] [pcd_ndt_localizer]: NDT ok fitness=0.8240 pose=(-1.74 1.78 -0.22)
[pcd_ndt_localizer-1] [INFO] [1782968122.314707715] [pcd_ndt_localizer]: NDT ok fitness=0.8632 pose=(-1.73 1.78 -0.22)
[pcd_ndt_localizer-1] [INFO] [1782968123.316401991] [pcd_ndt_localizer]: NDT ok fitness=0.7592 pose=(-1.73 1.78 -0.22)
[pcd_ndt_localizer-1] [INFO] [1782968124.394501901] [pcd_ndt_localizer]: NDT ok fitness=0.7816 pose=(-1.73 1.78 -0.22)
[pcd_ndt_localizer-1] [INFO] [1782968125.414265241] [pcd_ndt_localizer]: NDT ok fitness=0.8238 pose=(-1.73 1.79 -0.22)
[pcd_ndt_localizer-1] [INFO] [1782968126.419216646] [pcd_ndt_localizer]: NDT ok fitness=0.7926 pose=(-1.75 1.78 -0.22)
[pcd_ndt_localizer-1] [INFO] [1782968127.513462869] [pcd_ndt_localizer]: NDT ok fitness=0.8080 pose=(-1.74 1.78 -0.22)
[pcd_ndt_localizer-1] [INFO] [1782968128.597524636] [pcd_ndt_localizer]: NDT ok fitness=0.8609 pose=(-1.74 1.78 -0.22)
[pcd_ndt_localizer-1] [INFO] [1782968129.608542541] [pcd_ndt_localizer]: NDT ok fitness=0.7738 pose=(-1.74 1.78 -0.22)
[pcd_ndt_localizer-1] [INFO] [1782968130.608734337] [pcd_ndt_localizer]: NDT ok fitness=0.8096 pose=(-1.75 1.77 -0.22)
[pcd_ndt_localizer-1] [INFO] [1782968131.615047131] [pcd_ndt_localizer]: NDT ok fitness=0.8238 pose=(-1.75 1.77 -0.22)
[pcd_ndt_localizer-1] [INFO] [1782968132.712053219] [pcd_ndt_localizer]: NDT ok fitness=0.8141 pose=(-1.74 1.78 -0.22)
[pcd_ndt_localizer-1] [INFO] [1782968133.714266488] [pcd_ndt_localizer]: NDT ok fitness=0.8074 pose=(-1.74 1.78 -0.22)
[pcd_ndt_localizer-1] [INFO] [1782968134.889643585] [pcd_ndt_localizer]: NDT ok fitness=0.8531 pose=(-1.74 1.78 -0.22)
[pcd_ndt_localizer-1] [INFO] [1782968135.986137689] [pcd_ndt_localizer]: NDT ok fitness=0.7904 pose=(-1.74 1.78 -0.22)
[pcd_ndt_localizer-1] [INFO] [1782968137.011860165] [pcd_ndt_localizer]: NDT ok fitness=0.7975 pose=(-1.73 1.79 -0.22)
[pcd_ndt_localizer-1] [INFO] [1782968138.017338691] [pcd_ndt_localizer]: NDT ok fitness=0.7451 pose=(-1.72 1.79 -0.22)
[pcd_ndt_localizer-1] [INFO] [1782968139.110377323] [pcd_ndt_localizer]: NDT ok fitness=0.7376 pose=(-1.74 1.78 -0.22)
[pcd_ndt_localizer-1] [INFO] [1782968140.208307953] [pcd_ndt_localizer]: NDT ok fitness=0.8820 pose=(-1.74 1.77 -0.22)
[pcd_ndt_localizer-1] [INFO] [1782968141.208683563] [pcd_ndt_localizer]: NDT ok fitness=0.7955 pose=(-1.73 1.79 -0.22)
[pcd_ndt_localizer-1] [INFO] [1782968142.215405042] [pcd_ndt_localizer]: NDT ok fitness=0.7359 pose=(-1.74 1.78 -0.22)
[pcd_ndt_localizer-1] [INFO] [1782968143.217131735] [pcd_ndt_localizer]: NDT ok fitness=0.7444 pose=(-1.73 1.79 -0.22)
[pcd_ndt_localizer-1] [INFO] [1782968144.217619829] [pcd_ndt_localizer]: NDT ok fitness=0.8027 pose=(-1.74 1.79 -0.22)
[pcd_ndt_localizer-1] [INFO] [1782968145.313700607] [pcd_ndt_localizer]: NDT ok fitness=0.8156 pose=(-1.73 1.79 -0.22)
[pcd_ndt_localizer-1] [INFO] [1782968146.415336093] [pcd_ndt_localizer]: NDT ok fitness=0.8038 pose=(-1.74 1.78 -0.22)
[pcd_ndt_localizer-1] [INFO] [1782968147.417737880] [pcd_ndt_localizer]: NDT ok fitness=0.7930 pose=(-1.73 1.78 -0.22)
[pcd_ndt_localizer-1] [INFO] [1782968148.508431636] [pcd_ndt_localizer]: NDT ok fitness=0.7555 pose=(-1.75 1.78 -0.22)
[pcd_ndt_localizer-1] [INFO] [1782968149.512105913] [pcd_ndt_localizer]: NDT ok fitness=0.7910 pose=(-1.73 1.79 -0.22)
[pcd_ndt_localizer-1] [INFO] [1782968150.513635288] [pcd_ndt_localizer]: NDT ok fitness=0.8028 pose=(-1.73 1.79 -0.22)
[pcd_ndt_localizer-1] [INFO] [1782968151.607635423] [pcd_ndt_localizer]: NDT ok fitness=0.8368 pose=(-1.73 1.79 -0.22)
[pcd_ndt_localizer-1] [INFO] [1782968152.611518506] [pcd_ndt_localizer]: NDT ok fitness=0.7908 pose=(-1.73 1.80 -0.22)
[pcd_ndt_localizer-1] [INFO] [1782968153.711627606] [pcd_ndt_localizer]: NDT ok fitness=0.7781 pose=(-1.74 1.78 -0.21)
[pcd_ndt_localizer-1] [INFO] [1782968154.813398744] [pcd_ndt_localizer]: NDT ok fitness=0.8721 pose=(-1.74 1.78 -0.22)
[pcd_ndt_localizer-1] [INFO] [1782968155.814583468] [pcd_ndt_localizer]: NDT ok fitness=0.8327 pose=(-1.74 1.78 -0.22)
[pcd_ndt_localizer-1] [INFO] [1782968156.917085542] [pcd_ndt_localizer]: NDT ok fitness=0.8661 pose=(-1.74 1.78 -0.22)
[pcd_ndt_localizer-1] [INFO] [1782968158.018024941] [pcd_ndt_localizer]: NDT ok fitness=0.8656 pose=(-1.75 1.78 -0.21)
[pcd_ndt_localizer-1] [INFO] [1782968159.116701899] [pcd_ndt_localizer]: NDT ok fitness=0.8604 pose=(-1.74 1.78 -0.22)
[pcd_ndt_localizer-1] [INFO] [1782968160.214399721] [pcd_ndt_localizer]: NDT ok fitness=0.8677 pose=(-1.76 1.79 -0.21)
[pcd_ndt_localizer-1] [INFO] [1782968161.310718427] [pcd_ndt_localizer]: NDT ok fitness=0.8835 pose=(-1.76 1.80 -0.22)
[pcd_ndt_localizer-1] [INFO] [1782968162.314040308] [pcd_ndt_localizer]: NDT ok fitness=0.7879 pose=(-1.71 1.73 -0.24)
[pcd_ndt_localizer-1] [INFO] [1782968163.318027619] [pcd_ndt_localizer]: NDT ok fitness=0.7899 pose=(-1.70 1.74 -0.24)
[pcd_ndt_localizer-1] [INFO] [1782968164.415805540] [pcd_ndt_localizer]: NDT ok fitness=0.8245 pose=(-1.68 1.76 -0.25)
[pcd_ndt_localizer-1] [INFO] [1782968165.416860115] [pcd_ndt_localizer]: NDT ok fitness=0.8288 pose=(-1.71 1.72 -0.23)
[pcd_ndt_localizer-1] [INFO] [1782968166.503365641] [pcd_ndt_localizer]: NDT ok fitness=0.7694 pose=(-1.69 1.74 -0.24)
[pcd_ndt_localizer-1] [INFO] [1782968167.510381465] [pcd_ndt_localizer]: NDT ok fitness=0.7871 pose=(-1.68 1.75 -0.25)
[pcd_ndt_localizer-1] [INFO] [1782968168.605943122] [pcd_ndt_localizer]: NDT ok fitness=0.7388 pose=(-1.69 1.74 -0.24)
[pcd_ndt_localizer-1] [INFO] [1782968169.706412138] [pcd_ndt_localizer]: NDT ok fitness=0.7752 pose=(-1.69 1.74 -0.25)
[pcd_ndt_localizer-1] [INFO] [1782968170.809754687] [pcd_ndt_localizer]: NDT ok fitness=0.8062 pose=(-1.75 1.78 -0.22)
[pcd_ndt_localizer-1] [INFO] [1782968171.896726211] [pcd_ndt_localizer]: NDT ok fitness=0.8128 pose=(-1.76 1.77 -0.22)
[pcd_ndt_localizer-1] [INFO] [1782968172.899965466] [pcd_ndt_localizer]: NDT ok fitness=0.8367 pose=(-1.76 1.77 -0.22)
[pcd_ndt_localizer-1] [INFO] [1782968173.906756962] [pcd_ndt_localizer]: NDT ok fitness=0.8616 pose=(-1.75 1.78 -0.22)
[pcd_ndt_localizer-1] [INFO] [1782968175.004409471] [pcd_ndt_localizer]: NDT ok fitness=0.8613 pose=(-1.76 1.78 -0.22)
[pcd_ndt_localizer-1] [INFO] [1782968176.004578323] [pcd_ndt_localizer]: NDT ok fitness=0.8908 pose=(-1.75 1.78 -0.21)
[pcd_ndt_localizer-1] [INFO] [1782968177.104266737] [pcd_ndt_localizer]: NDT ok fitness=0.8665 pose=(-1.76 1.77 -0.21)
[pcd_ndt_localizer-1] [INFO] [1782968178.107882164] [pcd_ndt_localizer]: NDT ok fitness=0.7710 pose=(-1.76 1.78 -0.21)
[pcd_ndt_localizer-1] [INFO] [1782968179.111050472] [pcd_ndt_localizer]: NDT ok fitness=0.7893 pose=(-1.76 1.78 -0.22)
[pcd_ndt_localizer-1] [INFO] [1782968180.209352058] [pcd_ndt_localizer]: NDT ok fitness=0.8112 pose=(-1.75 1.78 -0.21)
[pcd_ndt_localizer-1] [INFO] [1782968181.213781270] [pcd_ndt_localizer]: NDT ok fitness=0.8007 pose=(-1.75 1.78 -0.22)
[pcd_ndt_localizer-1] [INFO] [1782968182.311875938] [pcd_ndt_localizer]: NDT ok fitness=0.8670 pose=(-1.76 1.78 -0.22)
[pcd_ndt_localizer-1] [INFO] [1782968183.313303614] [pcd_ndt_localizer]: NDT ok fitness=0.7706 pose=(-1.76 1.78 -0.22)
[pcd_ndt_localizer-1] [INFO] [1782968184.413354280] [pcd_ndt_localizer]: NDT ok fitness=0.8677 pose=(-1.74 1.79 -0.22)
[pcd_ndt_localizer-1] [INFO] [1782968185.413400087] [pcd_ndt_localizer]: NDT ok fitness=0.8630 pose=(-1.75 1.78 -0.22)
[pcd_ndt_localizer-1] [INFO] [1782968186.507079380] [pcd_ndt_localizer]: NDT ok fitness=0.8668 pose=(-1.74 1.79 -0.22)
[pcd_ndt_localizer-1] [INFO] [1782968187.508052641] [pcd_ndt_localizer]: NDT ok fitness=0.9027 pose=(-1.75 1.78 -0.21)
[pcd_ndt_localizer-1] [INFO] [1782968188.508070351] [pcd_ndt_localizer]: NDT ok fitness=0.8571 pose=(-1.76 1.77 -0.21)
[pcd_ndt_localizer-1] [INFO] [1782968189.509222754] [pcd_ndt_localizer]: NDT ok fitness=0.8307 pose=(-1.76 1.77 -0.21)
[pcd_ndt_localizer-1] [INFO] [1782968190.612464404] [pcd_ndt_localizer]: NDT ok fitness=0.8233 pose=(-1.76 1.78 -0.21)
[pcd_ndt_localizer-1] [INFO] [1782968191.711458012] [pcd_ndt_localizer]: NDT ok fitness=0.8586 pose=(-1.74 1.79 -0.21)
[pcd_ndt_localizer-1] [INFO] [1782968192.716306982] [pcd_ndt_localizer]: NDT ok fitness=0.8303 pose=(-1.76 1.77 -0.22)
[pcd_ndt_localizer-1] [INFO] [1782968193.806035044] [pcd_ndt_localizer]: NDT ok fitness=0.8409 pose=(-1.75 1.78 -0.22)
[pcd_ndt_localizer-1] [INFO] [1782968194.906385208] [pcd_ndt_localizer]: NDT ok fitness=0.8002 pose=(-1.74 1.79 -0.22)
[pcd_ndt_localizer-1] [INFO] [1782968196.004615111] [pcd_ndt_localizer]: NDT ok fitness=0.8291 pose=(-1.75 1.78 -0.22)
[pcd_ndt_localizer-1] [INFO] [1782968197.009382351] [pcd_ndt_localizer]: NDT ok fitness=0.8080 pose=(-1.74 1.79 -0.22)
[pcd_ndt_localizer-1] [INFO] [1782968198.090794624] [pcd_ndt_localizer]: NDT ok fitness=0.7256 pose=(-1.74 1.79 -0.22)
[pcd_ndt_localizer-1] [INFO] [1782968199.113993050] [pcd_ndt_localizer]: NDT ok fitness=0.7745 pose=(-1.75 1.78 -0.22)
[pcd_ndt_localizer-1] [INFO] [1782968200.115519609] [pcd_ndt_localizer]: NDT ok fitness=0.8084 pose=(-1.75 1.78 -0.22)
[pcd_ndt_localizer-1] [INFO] [1782968201.199681859] [pcd_ndt_localizer]: NDT ok fitness=0.8134 pose=(-1.75 1.78 -0.22)
[pcd_ndt_localizer-1] [INFO] [1782968202.208524494] [pcd_ndt_localizer]: NDT ok fitness=0.7568 pose=(-1.75 1.79 -0.22)
[pcd_ndt_localizer-1] [INFO] [1782968203.214948299] [pcd_ndt_localizer]: NDT ok fitness=0.7459 pose=(-1.75 1.78 -0.22)
[pcd_ndt_localizer-1] [INFO] [1782968204.302546436] [pcd_ndt_localizer]: NDT ok fitness=0.7777 pose=(-1.75 1.78 -0.22)
[pcd_ndt_localizer-1] [INFO] [1782968205.316885440] [pcd_ndt_localizer]: NDT ok fitness=0.7495 pose=(-1.75 1.78 -0.22)
[pcd_ndt_localizer-1] [INFO] [1782968206.401682686] [pcd_ndt_localizer]: NDT ok fitness=0.7781 pose=(-1.75 1.78 -0.22)
[pcd_ndt_localizer-1] [INFO] [1782968207.492450653] [pcd_ndt_localizer]: NDT ok fitness=0.8061 pose=(-1.75 1.78 -0.22)
[pcd_ndt_localizer-1] [INFO] [1782968208.510804091] [pcd_ndt_localizer]: NDT ok fitness=0.7842 pose=(-1.75 1.78 -0.21)
[pcd_ndt_localizer-1] [INFO] [1782968209.514940142] [pcd_ndt_localizer]: NDT ok fitness=0.7673 pose=(-1.75 1.78 -0.22)
[pcd_ndt_localizer-1] [INFO] [1782968210.515043615] [pcd_ndt_localizer]: NDT ok fitness=0.8077 pose=(-1.77 1.76 -0.22)
[pcd_ndt_localizer-1] [INFO] [1782968211.604903777] [pcd_ndt_localizer]: NDT ok fitness=0.7764 pose=(-1.74 1.79 -0.22)
[pcd_ndt_localizer-1] [INFO] [1782968212.606806540] [pcd_ndt_localizer]: NDT ok fitness=0.7916 pose=(-1.76 1.77 -0.22)
[pcd_ndt_localizer-1] [INFO] [1782968213.612295627] [pcd_ndt_localizer]: NDT ok fitness=0.7839 pose=(-1.77 1.76 -0.22)
[pcd_ndt_localizer-1] [INFO] [1782968214.717564830] [pcd_ndt_localizer]: NDT ok fitness=0.7936 pose=(-1.75 1.78 -0.22)
[pcd_ndt_localizer-1] [INFO] [1782968215.815621992] [pcd_ndt_localizer]: NDT ok fitness=0.8269 pose=(-1.74 1.79 -0.22)
[pcd_ndt_localizer-1] [INFO] [1782968216.914199491] [pcd_ndt_localizer]: NDT ok fitness=0.8056 pose=(-1.76 1.77 -0.22)
[pcd_ndt_localizer-1] [INFO] [1782968218.006565077] [pcd_ndt_localizer]: NDT ok fitness=0.7813 pose=(-1.75 1.78 -0.22)
[pcd_ndt_localizer-1] [INFO] [1782968219.018105271] [pcd_ndt_localizer]: NDT ok fitness=0.8666 pose=(-1.76 1.77 -0.21)
[pcd_ndt_localizer-1] [INFO] [1782968220.111037084] [pcd_ndt_localizer]: NDT ok fitness=0.8513 pose=(-1.75 1.78 -0.22)
[pcd_ndt_localizer-1] [INFO] [1782968221.211217579] [pcd_ndt_localizer]: NDT ok fitness=0.8500 pose=(-1.75 1.78 -0.21)
[pcd_ndt_localizer-1] [INFO] [1782968222.215026451] [pcd_ndt_localizer]: NDT ok fitness=0.8615 pose=(-1.75 1.79 -0.21)
[pcd_ndt_localizer-1] [INFO] [1782968223.218622613] [pcd_ndt_localizer]: NDT ok fitness=0.7706 pose=(-1.75 1.78 -0.22)
[pcd_ndt_localizer-1] [INFO] [1782968224.313895173] [pcd_ndt_localizer]: NDT ok fitness=0.8697 pose=(-1.76 1.77 -0.22)
[pcd_ndt_localizer-1] [INFO] [1782968225.315758319] [pcd_ndt_localizer]: NDT ok fitness=0.8158 pose=(-1.75 1.79 -0.22)
[pcd_ndt_localizer-1] [INFO] [1782968226.318548279] [pcd_ndt_localizer]: NDT ok fitness=0.8270 pose=(-1.75 1.78 -0.22)
[pcd_ndt_localizer-1] [INFO] [1782968227.394114859] [pcd_ndt_localizer]: NDT ok fitness=0.8045 pose=(-1.76 1.77 -0.22)
[pcd_ndt_localizer-1] [INFO] [1782968228.413849462] [pcd_ndt_localizer]: NDT ok fitness=0.7590 pose=(-1.75 1.78 -0.22)
[pcd_ndt_localizer-1] [INFO] [1782968229.433901899] [pcd_ndt_localizer]: NDT ok fitness=0.8148 pose=(-1.75 1.78 -0.21)
[pcd_ndt_localizer-1] [INFO] [1782968230.509722311] [pcd_ndt_localizer]: NDT ok fitness=0.7448 pose=(-1.76 1.77 -0.22)
[pcd_ndt_localizer-1] [INFO] [1782968231.511477774] [pcd_ndt_localizer]: NDT ok fitness=0.8407 pose=(-1.76 1.77 -0.22)
[pcd_ndt_localizer-1] [INFO] [1782968232.605578872] [pcd_ndt_localizer]: NDT ok fitness=0.8078 pose=(-1.75 1.78 -0.22)
[pcd_ndt_localizer-1] [INFO] [1782968233.614814128] [pcd_ndt_localizer]: NDT ok fitness=0.8484 pose=(-1.75 1.78 -0.22)
[pcd_ndt_localizer-1] [INFO] [1782968234.717355147] [pcd_ndt_localizer]: NDT ok fitness=0.8628 pose=(-1.76 1.78 -0.21)
[pcd_ndt_localizer-1] [INFO] [1782968235.809575288] [pcd_ndt_localizer]: NDT ok fitness=0.8324 pose=(-1.75 1.78 -0.22)
[pcd_ndt_localizer-1] [INFO] [1782968236.812334303] [pcd_ndt_localizer]: NDT ok fitness=0.7995 pose=(-1.76 1.78 -0.22)
[pcd_ndt_localizer-1] [INFO] [1782968237.906527756] [pcd_ndt_localizer]: NDT ok fitness=0.7205 pose=(-1.74 1.78 -0.22)
[pcd_ndt_localizer-1] [INFO] [1782968239.002757596] [pcd_ndt_localizer]: NDT ok fitness=0.7942 pose=(-1.75 1.79 -0.21)
[pcd_ndt_localizer-1] [INFO] [1782968240.012238555] [pcd_ndt_localizer]: NDT ok fitness=0.7744 pose=(-1.74 1.79 -0.22)
[pcd_ndt_localizer-1] [INFO] [1782968241.014947200] [pcd_ndt_localizer]: NDT ok fitness=0.8126 pose=(-1.75 1.78 -0.22)
[pcd_ndt_localizer-1] [INFO] [1782968242.015530081] [pcd_ndt_localizer]: NDT ok fitness=0.8267 pose=(-1.75 1.78 -0.21)
[pcd_ndt_localizer-1] [INFO] [1782968243.110811409] [pcd_ndt_localizer]: NDT ok fitness=0.8062 pose=(-1.75 1.78 -0.22)
[pcd_ndt_localizer-1] [INFO] [1782968244.114018503] [pcd_ndt_localizer]: NDT ok fitness=0.8060 pose=(-1.76 1.77 -0.21)
[pcd_ndt_localizer-1] [INFO] [1782968245.211907915] [pcd_ndt_localizer]: NDT ok fitness=0.7689 pose=(-1.75 1.78 -0.22)
[pcd_ndt_localizer-1] [INFO] [1782968246.304006517] [pcd_ndt_localizer]: NDT ok fitness=0.8549 pose=(-1.76 1.78 -0.22)
[pcd_ndt_localizer-1] [INFO] [1782968247.396711378] [pcd_ndt_localizer]: NDT ok fitness=0.7843 pose=(-1.76 1.77 -0.22)
[pcd_ndt_localizer-1] [INFO] [1782968248.401345142] [pcd_ndt_localizer]: NDT ok fitness=0.7992 pose=(-1.76 1.77 -0.22)
[pcd_ndt_localizer-1] [INFO] [1782968249.412614543] [pcd_ndt_localizer]: NDT ok fitness=0.8154 pose=(-1.75 1.79 -0.22)
[pcd_ndt_localizer-1] [INFO] [1782968250.415325140] [pcd_ndt_localizer]: NDT ok fitness=0.7653 pose=(-1.75 1.78 -0.22)
[pcd_ndt_localizer-1] [INFO] [1782968251.415342595] [pcd_ndt_localizer]: NDT ok fitness=0.7912 pose=(-1.75 1.78 -0.22)
[pcd_ndt_localizer-1] [INFO] [1782968252.502978237] [pcd_ndt_localizer]: NDT ok fitness=0.8229 pose=(-1.75 1.79 -0.21)
[pcd_ndt_localizer-1] [INFO] [1782968253.510832584] [pcd_ndt_localizer]: NDT ok fitness=0.7271 pose=(-1.75 1.78 -0.22)
[pcd_ndt_localizer-1] [INFO] [1782968254.614527656] [pcd_ndt_localizer]: NDT ok fitness=0.8076 pose=(-1.76 1.77 -0.22)
[pcd_ndt_localizer-1] [INFO] [1782968255.615055303] [pcd_ndt_localizer]: NDT ok fitness=0.8214 pose=(-1.75 1.78 -0.21)
[pcd_ndt_localizer-1] [INFO] [1782968256.617920689] [pcd_ndt_localizer]: NDT ok fitness=0.7637 pose=(-1.73 1.80 -0.22)
[pcd_ndt_localizer-1] [INFO] [1782968257.706914230] [pcd_ndt_localizer]: NDT ok fitness=0.7962 pose=(-1.75 1.78 -0.22)
[pcd_ndt_localizer-1] [INFO] [1782968258.804129093] [pcd_ndt_localizer]: NDT ok fitness=0.8341 pose=(-1.76 1.78 -0.22)
[pcd_ndt_localizer-1] [INFO] [1782968259.804462622] [pcd_ndt_localizer]: NDT ok fitness=0.8249 pose=(-1.74 1.79 -0.22)
[pcd_ndt_localizer-1] [INFO] [1782968260.893186907] [pcd_ndt_localizer]: NDT ok fitness=0.7702 pose=(-1.74 1.79 -0.22)
[pcd_ndt_localizer-1] [INFO] [1782968261.911398292] [pcd_ndt_localizer]: NDT ok fitness=0.8489 pose=(-1.75 1.78 -0.22)
[pcd_ndt_localizer-1] [INFO] [1782968263.011740968] [pcd_ndt_localizer]: NDT ok fitness=0.7801 pose=(-1.75 1.78 -0.22)
[pcd_ndt_localizer-1] [INFO] [1782968264.104083802] [pcd_ndt_localizer]: NDT ok fitness=0.8009 pose=(-1.75 1.78 -0.21)
[pcd_ndt_localizer-1] [INFO] [1782968265.189472779] [pcd_ndt_localizer]: NDT ok fitness=0.8363 pose=(-1.76 1.78 -0.22)
[pcd_ndt_localizer-1] [INFO] [1782968266.196730243] [pcd_ndt_localizer]: NDT ok fitness=0.7693 pose=(-1.76 1.78 -0.21)
[pcd_ndt_localizer-1] [INFO] [1782968267.217951357] [pcd_ndt_localizer]: NDT ok fitness=0.8580 pose=(-1.77 1.77 -0.21)
[pcd_ndt_localizer-1] [INFO] [1782968268.314350674] [pcd_ndt_localizer]: NDT ok fitness=0.7793 pose=(-1.75 1.78 -0.21)
[pcd_ndt_localizer-1] [INFO] [1782968269.407256886] [pcd_ndt_localizer]: NDT ok fitness=0.8774 pose=(-1.75 1.78 -0.22)
[pcd_ndt_localizer-1] [INFO] [1782968270.505844049] [pcd_ndt_localizer]: NDT ok fitness=0.8194 pose=(-1.75 1.77 -0.22)
[pcd_ndt_localizer-1] [INFO] [1782968271.512600537] [pcd_ndt_localizer]: NDT ok fitness=0.7870 pose=(-1.75 1.78 -0.22)
[pcd_ndt_localizer-1] [INFO] [1782968272.688733882] [pcd_ndt_localizer]: NDT ok fitness=0.7751 pose=(-1.75 1.78 -0.22)
[pcd_ndt_localizer-1] [INFO] [1782968273.709649035] [pcd_ndt_localizer]: NDT ok fitness=0.7500 pose=(-1.77 1.77 -0.22)
[pcd_ndt_localizer-1] [INFO] [1782968274.713114344] [pcd_ndt_localizer]: NDT ok fitness=0.7660 pose=(-1.77 1.76 -0.22)
[pcd_ndt_localizer-1] [INFO] [1782968275.713633415] [pcd_ndt_localizer]: NDT ok fitness=0.7921 pose=(-1.74 1.79 -0.22)
[pcd_ndt_localizer-1] [INFO] [1782968276.714114052] [pcd_ndt_localizer]: NDT ok fitness=0.7980 pose=(-1.75 1.78 -0.21)
[pcd_ndt_localizer-1] [INFO] [1782968277.817433176] [pcd_ndt_localizer]: NDT ok fitness=0.7308 pose=(-1.75 1.78 -0.22)
[pcd_ndt_localizer-1] [INFO] [1782968278.910021266] [pcd_ndt_localizer]: NDT ok fitness=0.7866 pose=(-1.74 1.79 -0.22)
[pcd_ndt_localizer-1] [INFO] [1782968280.008543403] [pcd_ndt_localizer]: NDT ok fitness=0.8469 pose=(-1.74 1.79 -0.22)
[pcd_ndt_localizer-1] [INFO] [1782968281.115593943] [pcd_ndt_localizer]: NDT ok fitness=0.8303 pose=(-1.76 1.78 -0.22)
[pcd_ndt_localizer-1] [INFO] [1782968282.116245274] [pcd_ndt_localizer]: NDT ok fitness=0.8195 pose=(-1.75 1.78 -0.22)
[pcd_ndt_localizer-1] [INFO] [1782968283.214437160] [pcd_ndt_localizer]: NDT ok fitness=0.7339 pose=(-1.75 1.78 -0.21)
[pcd_ndt_localizer-1] [INFO] [1782968284.314732219] [pcd_ndt_localizer]: NDT ok fitness=0.8852 pose=(-1.75 1.78 -0.22)
[pcd_ndt_localizer-1] [INFO] [1782968285.315010577] [pcd_ndt_localizer]: NDT ok fitness=0.8381 pose=(-1.75 1.78 -0.22)
[pcd_ndt_localizer-1] [INFO] [1782968286.316730103] [pcd_ndt_localizer]: NDT ok fitness=0.7738 pose=(-1.74 1.79 -0.22)
[pcd_ndt_localizer-1] [INFO] [1782968287.404562007] [pcd_ndt_localizer]: NDT ok fitness=0.8640 pose=(-1.74 1.79 -0.22)
[pcd_ndt_localizer-1] [INFO] [1782968288.509610722] [pcd_ndt_localizer]: NDT ok fitness=0.8038 pose=(-1.75 1.78 -0.21)
[pcd_ndt_localizer-1] [INFO] [1782968289.611110555] [pcd_ndt_localizer]: NDT ok fitness=0.7920 pose=(-1.77 1.77 -0.21)
[pcd_ndt_localizer-1] [INFO] [1782968290.615166060] [pcd_ndt_localizer]: NDT ok fitness=0.8122 pose=(-1.75 1.78 -0.22)
[pcd_ndt_localizer-1] [INFO] [1782968291.618993397] [pcd_ndt_localizer]: NDT ok fitness=0.8059 pose=(-1.76 1.77 -0.22)
[pcd_ndt_localizer-1] [INFO] [1782968292.717059168] [pcd_ndt_localizer]: NDT ok fitness=0.7887 pose=(-1.75 1.78 -0.22)
[pcd_ndt_localizer-1] [INFO] [1782968293.722115057] [pcd_ndt_localizer]: NDT ok fitness=0.8118 pose=(-1.76 1.77 -0.22)
[pcd_ndt_localizer-1] [INFO] [1782968294.816575495] [pcd_ndt_localizer]: NDT ok fitness=0.7785 pose=(-1.75 1.78 -0.22)
[pcd_ndt_localizer-1] [INFO] [1782968295.816639318] [pcd_ndt_localizer]: NDT ok fitness=0.7884 pose=(-1.73 1.79 -0.22)
[pcd_ndt_localizer-1] [INFO] [1782968296.915722050] [pcd_ndt_localizer]: NDT ok fitness=0.8022 pose=(-1.76 1.77 -0.22)
[pcd_ndt_localizer-1] [INFO] [1782968298.009425855] [pcd_ndt_localizer]: NDT ok fitness=0.7531 pose=(-1.76 1.78 -0.22)
[pcd_ndt_localizer-1] [INFO] [1782968299.011442414] [pcd_ndt_localizer]: NDT ok fitness=0.8084 pose=(-1.74 1.79 -0.22)
[pcd_ndt_localizer-1] [INFO] [1782968300.109485976] [pcd_ndt_localizer]: NDT ok fitness=0.8629 pose=(-1.75 1.78 -0.22)
[pcd_ndt_localizer-1] [INFO] [1782968301.211561027] [pcd_ndt_localizer]: NDT ok fitness=0.8344 pose=(-1.76 1.77 -0.22)
[pcd_ndt_localizer-1] [INFO] [1782968302.218937951] [pcd_ndt_localizer]: NDT ok fitness=0.8299 pose=(-1.76 1.77 -0.22)
[pcd_ndt_localizer-1] [INFO] [1782968303.317649790] [pcd_ndt_localizer]: NDT ok fitness=0.7926 pose=(-1.75 1.78 -0.22)
[pcd_ndt_localizer-1] [INFO] [1782968304.417301150] [pcd_ndt_localizer]: NDT ok fitness=0.8865 pose=(-1.76 1.78 -0.21)
[pcd_ndt_localizer-1] [INFO] [1782968305.418668878] [pcd_ndt_localizer]: NDT ok fitness=0.8096 pose=(-1.75 1.79 -0.22)
[pcd_ndt_localizer-1] [INFO] [1782968306.514004480] [pcd_ndt_localizer]: NDT ok fitness=0.8121 pose=(-1.75 1.78 -0.22)
[pcd_ndt_localizer-1] [INFO] [1782968307.606438805] [pcd_ndt_localizer]: NDT ok fitness=0.7459 pose=(-1.74 1.79 -0.21)
[pcd_ndt_localizer-1] [INFO] [1782968308.713742247] [pcd_ndt_localizer]: NDT ok fitness=0.7286 pose=(-1.75 1.78 -0.22)
[pcd_ndt_localizer-1] [INFO] [1782968309.803229214] [pcd_ndt_localizer]: NDT ok fitness=0.8433 pose=(-1.75 1.78 -0.22)
[pcd_ndt_localizer-1] [INFO] [1782968310.811886903] [pcd_ndt_localizer]: NDT ok fitness=0.8317 pose=(-1.74 1.79 -0.22)
[pcd_ndt_localizer-1] [INFO] [1782968311.906881918] [pcd_ndt_localizer]: NDT ok fitness=0.8491 pose=(-1.76 1.78 -0.22)
[pcd_ndt_localizer-1] [INFO] [1782968312.907580985] [pcd_ndt_localizer]: NDT ok fitness=0.8157 pose=(-1.75 1.78 -0.22)
[pcd_ndt_localizer-1] [INFO] [1782968314.008243414] [pcd_ndt_localizer]: NDT ok fitness=0.7698 pose=(-1.76 1.78 -0.22)
[pcd_ndt_localizer-1] [INFO] [1782968315.013009970] [pcd_ndt_localizer]: NDT ok fitness=0.8332 pose=(-1.75 1.78 -0.22)
[pcd_ndt_localizer-1] [INFO] [1782968316.014930580] [pcd_ndt_localizer]: NDT ok fitness=0.8144 pose=(-1.75 1.78 -0.22)
[pcd_ndt_localizer-1] [INFO] [1782968317.041622735] [pcd_ndt_localizer]: NDT ok fitness=0.8024 pose=(-1.75 1.78 -0.22)
[pcd_ndt_localizer-1] [INFO] [1782968318.106416175] [pcd_ndt_localizer]: NDT ok fitness=0.7690 pose=(-1.75 1.78 -0.22)
[pcd_ndt_localizer-1] [INFO] [1782968319.109793471] [pcd_ndt_localizer]: NDT ok fitness=0.7818 pose=(-1.74 1.79 -0.22)
[pcd_ndt_localizer-1] [INFO] [1782968320.177407609] [pcd_ndt_localizer]: NDT ok fitness=0.8543 pose=(-1.76 1.77 -0.22)
[pcd_ndt_localizer-1] [INFO] [1782968321.194698023] [pcd_ndt_localizer]: NDT ok fitness=0.8362 pose=(-1.76 1.78 -0.22)
[pcd_ndt_localizer-1] [INFO] [1782968322.205253854] [pcd_ndt_localizer]: NDT ok fitness=0.8131 pose=(-1.74 1.79 -0.22)
[pcd_ndt_localizer-1] [INFO] [1782968323.298726307] [pcd_ndt_localizer]: NDT ok fitness=0.8158 pose=(-1.74 1.79 -0.22)
[pcd_ndt_localizer-1] [INFO] [1782968324.439609865] [pcd_ndt_localizer]: NDT ok fitness=0.8383 pose=(-1.75 1.78 -0.22)
[pcd_ndt_localizer-1] [INFO] [1782968325.497912559] [pcd_ndt_localizer]: NDT ok fitness=0.8496 pose=(-1.75 1.78 -0.21)
[pcd_ndt_localizer-1] [INFO] [1782968326.511900357] [pcd_ndt_localizer]: NDT ok fitness=0.8443 pose=(-1.75 1.78 -0.22)
[pcd_ndt_localizer-1] [INFO] [1782968327.512328680] [pcd_ndt_localizer]: NDT ok fitness=0.7965 pose=(-1.75 1.78 -0.22)
[pcd_ndt_localizer-1] [INFO] [1782968328.607542897] [pcd_ndt_localizer]: NDT ok fitness=0.7906 pose=(-1.76 1.78 -0.21)
[pcd_ndt_localizer-1] [INFO] [1782968329.713517492] [pcd_ndt_localizer]: NDT ok fitness=0.8476 pose=(-1.75 1.78 -0.21)
[pcd_ndt_localizer-1] [INFO] [1782968330.811806816] [pcd_ndt_localizer]: NDT ok fitness=0.8197 pose=(-1.74 1.79 -0.22)
[pcd_ndt_localizer-1] [INFO] [1782968331.895897540] [pcd_ndt_localizer]: NDT ok fitness=0.8000 pose=(-1.75 1.78 -0.22)
[pcd_ndt_localizer-1] [INFO] [1782968332.919323306] [pcd_ndt_localizer]: NDT ok fitness=0.7401 pose=(-1.75 1.78 -0.22)
[pcd_ndt_localizer-1] [INFO] [1782968334.016296075] [pcd_ndt_localizer]: NDT ok fitness=0.8053 pose=(-1.75 1.78 -0.22)
[pcd_ndt_localizer-1] [INFO] [1782968335.017920564] [pcd_ndt_localizer]: NDT ok fitness=0.7749 pose=(-1.74 1.79 -0.22)
[pcd_ndt_localizer-1] [INFO] [1782968336.112313379] [pcd_ndt_localizer]: NDT ok fitness=0.8011 pose=(-1.75 1.78 -0.22)
[pcd_ndt_localizer-1] [INFO] [1782968337.114627426] [pcd_ndt_localizer]: NDT ok fitness=0.8129 pose=(-1.75 1.79 -0.22)
[pcd_ndt_localizer-1] [INFO] [1782968338.117803100] [pcd_ndt_localizer]: NDT ok fitness=0.8181 pose=(-1.74 1.79 -0.22)
[pcd_ndt_localizer-1] [INFO] [1782968339.212023750] [pcd_ndt_localizer]: NDT ok fitness=0.7679 pose=(-1.75 1.78 -0.22)
[pcd_ndt_localizer-1] [INFO] [1782968340.213088860] [pcd_ndt_localizer]: NDT ok fitness=0.8181 pose=(-1.75 1.78 -0.22)
[pcd_ndt_localizer-1] [INFO] [1782968341.307864343] [pcd_ndt_localizer]: NDT ok fitness=0.8122 pose=(-1.75 1.78 -0.22)
[pcd_ndt_localizer-1] [INFO] [1782968342.316217432] [pcd_ndt_localizer]: NDT ok fitness=0.7744 pose=(-1.74 1.79 -0.22)
[pcd_ndt_localizer-1] [INFO] [1782968343.318556280] [pcd_ndt_localizer]: NDT ok fitness=0.7771 pose=(-1.74 1.79 -0.22)
[pcd_ndt_localizer-1] [INFO] [1782968344.420122477] [pcd_ndt_localizer]: NDT ok fitness=0.7628 pose=(-1.76 1.77 -0.21)
[pcd_ndt_localizer-1] [INFO] [1782968345.513696098] [pcd_ndt_localizer]: NDT ok fitness=0.7844 pose=(-1.76 1.77 -0.23)
[pcd_ndt_localizer-1] [INFO] [1782968346.620215959] [pcd_ndt_localizer]: NDT ok fitness=0.8333 pose=(-1.75 1.78 -0.21)
[pcd_ndt_localizer-1] [INFO] [1782968347.796600369] [pcd_ndt_localizer]: NDT ok fitness=0.8249 pose=(-1.76 1.77 -0.22)
[pcd_ndt_localizer-1] [INFO] [1782968348.816737325] [pcd_ndt_localizer]: NDT ok fitness=0.8536 pose=(-1.75 1.78 -0.22)
[pcd_ndt_localizer-1] [INFO] [1782968349.916179134] [pcd_ndt_localizer]: NDT ok fitness=0.8143 pose=(-1.76 1.77 -0.22)
[pcd_ndt_localizer-1] [INFO] [1782968351.005712561] [pcd_ndt_localizer]: NDT ok fitness=0.7802 pose=(-1.74 1.79 -0.22)
[pcd_ndt_localizer-1] [INFO] [1782968352.109249830] [pcd_ndt_localizer]: NDT ok fitness=0.8108 pose=(-1.76 1.77 -0.23)
[pcd_ndt_localizer-1] [INFO] [1782968353.209560531] [pcd_ndt_localizer]: NDT ok fitness=0.7771 pose=(-1.75 1.78 -0.22)
[pcd_ndt_localizer-1] [INFO] [1782968354.214356642] [pcd_ndt_localizer]: NDT ok fitness=0.8287 pose=(-1.75 1.78 -0.22)
[pcd_ndt_localizer-1] [INFO] [1782968355.315156255] [pcd_ndt_localizer]: NDT ok fitness=0.7584 pose=(-1.76 1.77 -0.21)
[pcd_ndt_localizer-1] [INFO] [1782968356.406949658] [pcd_ndt_localizer]: NDT ok fitness=0.8427 pose=(-1.75 1.78 -0.21)
[pcd_ndt_localizer-1] [INFO] [1782968357.503286375] [pcd_ndt_localizer]: NDT ok fitness=0.7686 pose=(-1.76 1.78 -0.22)
[pcd_ndt_localizer-1] [INFO] [1782968358.609695065] [pcd_ndt_localizer]: NDT ok fitness=0.7428 pose=(-1.75 1.78 -0.21)
[pcd_ndt_localizer-1] [INFO] [1782968359.610123483] [pcd_ndt_localizer]: NDT ok fitness=0.8384 pose=(-1.75 1.78 -0.22)
[pcd_ndt_localizer-1] [INFO] [1782968360.706670863] [pcd_ndt_localizer]: NDT ok fitness=0.7675 pose=(-1.74 1.79 -0.22)
[pcd_ndt_localizer-1] [INFO] [1782968361.718431133] [pcd_ndt_localizer]: NDT ok fitness=0.7929 pose=(-1.76 1.78 -0.21)
[pcd_ndt_localizer-1] [INFO] [1782968362.812928336] [pcd_ndt_localizer]: NDT ok fitness=0.7649 pose=(-1.74 1.79 -0.22)
[pcd_ndt_localizer-1] [INFO] [1782968363.874892524] [pcd_ndt_localizer]: NDT ok fitness=0.8506 pose=(-1.75 1.78 -0.22)
[pcd_ndt_localizer-1] [INFO] [1782968364.878442931] [pcd_ndt_localizer]: NDT ok fitness=0.8008 pose=(-1.76 1.77 -0.21)
[pcd_ndt_localizer-1] [INFO] [1782968365.910852025] [pcd_ndt_localizer]: NDT ok fitness=0.7989 pose=(-1.74 1.78 -0.21)
[pcd_ndt_localizer-1] [INFO] [1782968366.985770294] [pcd_ndt_localizer]: NDT ok fitness=0.8397 pose=(-1.74 1.78 -0.22)
[pcd_ndt_localizer-1] [INFO] [1782968368.003102167] [pcd_ndt_localizer]: NDT ok fitness=0.7217 pose=(-1.75 1.78 -0.22)
[pcd_ndt_localizer-1] [INFO] [1782968369.004901669] [pcd_ndt_localizer]: NDT ok fitness=0.7839 pose=(-1.74 1.78 -0.21)
[pcd_ndt_localizer-1] [INFO] [1782968370.073087466] [pcd_ndt_localizer]: NDT ok fitness=0.8041 pose=(-1.74 1.79 -0.22)
[pcd_ndt_localizer-1] [INFO] [1782968371.092317160] [pcd_ndt_localizer]: NDT ok fitness=0.7491 pose=(-1.74 1.79 -0.22)
[pcd_ndt_localizer-1] [INFO] [1782968372.174362986] [pcd_ndt_localizer]: NDT ok fitness=0.8394 pose=(-1.76 1.77 -0.22)
[pcd_ndt_localizer-1] [INFO] [1782968373.196074201] [pcd_ndt_localizer]: NDT ok fitness=0.7452 pose=(-1.75 1.78 -0.22)
[pcd_ndt_localizer-1] [INFO] [1782968374.285663053] [pcd_ndt_localizer]: NDT ok fitness=0.8400 pose=(-1.75 1.78 -0.22)
[pcd_ndt_localizer-1] [INFO] [1782968375.288874249] [pcd_ndt_localizer]: NDT ok fitness=0.8475 pose=(-1.75 1.78 -0.22)
[pcd_ndt_localizer-1] [INFO] [1782968376.294650647] [pcd_ndt_localizer]: NDT ok fitness=0.7854 pose=(-1.73 1.79 -0.22)
[pcd_ndt_localizer-1] [INFO] [1782968377.312916598] [pcd_ndt_localizer]: NDT ok fitness=0.7668 pose=(-1.74 1.79 -0.23)
[pcd_ndt_localizer-1] [INFO] [1782968378.409461066] [pcd_ndt_localizer]: NDT ok fitness=0.7492 pose=(-1.76 1.77 -0.22)
[pcd_ndt_localizer-1] [INFO] [1782968379.507597138] [pcd_ndt_localizer]: NDT ok fitness=0.7946 pose=(-1.74 1.78 -0.22)
[pcd_ndt_localizer-1] [INFO] [1782968380.515191578] [pcd_ndt_localizer]: NDT ok fitness=0.8096 pose=(-1.72 1.80 -0.22)
[pcd_ndt_localizer-1] [INFO] [1782968381.531095054] [pcd_ndt_localizer]: NDT ok fitness=0.7574 pose=(-1.74 1.79 -0.22)
[pcd_ndt_localizer-1] [INFO] [1782968382.608619070] [pcd_ndt_localizer]: NDT ok fitness=0.8946 pose=(-1.74 1.79 -0.22)
[pcd_ndt_localizer-1] [INFO] [1782968383.616157541] [pcd_ndt_localizer]: NDT ok fitness=0.7334 pose=(-1.75 1.78 -0.22)
[pcd_ndt_localizer-1] [INFO] [1782968384.709507539] [pcd_ndt_localizer]: NDT ok fitness=0.7893 pose=(-1.76 1.77 -0.22)
[pcd_ndt_localizer-1] [INFO] [1782968385.807199404] [pcd_ndt_localizer]: NDT ok fitness=0.8154 pose=(-1.75 1.78 -0.20)
[pcd_ndt_localizer-1] [INFO] [1782968386.807281026] [pcd_ndt_localizer]: NDT ok fitness=0.8591 pose=(-1.74 1.79 -0.23)
[pcd_ndt_localizer-1] [INFO] [1782968387.904191170] [pcd_ndt_localizer]: NDT ok fitness=0.7420 pose=(-1.75 1.78 -0.21)
[pcd_ndt_localizer-1] [INFO] [1782968389.014456048] [pcd_ndt_localizer]: NDT ok fitness=0.8319 pose=(-1.75 1.78 -0.22)
[pcd_ndt_localizer-1] [INFO] [1782968390.020200381] [pcd_ndt_localizer]: NDT ok fitness=0.7974 pose=(-1.75 1.78 -0.22)
[pcd_ndt_localizer-1] [INFO] [1782968391.107710766] [pcd_ndt_localizer]: NDT ok fitness=0.8057 pose=(-1.75 1.78 -0.22)
[pcd_ndt_localizer-1] [INFO] [1782968392.209420648] [pcd_ndt_localizer]: NDT ok fitness=0.8094 pose=(-1.75 1.78 -0.22)
[pcd_ndt_localizer-1] [INFO] [1782968393.382422774] [pcd_ndt_localizer]: NDT ok fitness=0.7458 pose=(-1.75 1.79 -0.22)
[pcd_ndt_localizer-1] [INFO] [1782968394.409499761] [pcd_ndt_localizer]: NDT ok fitness=0.8254 pose=(-1.74 1.78 -0.22)
[pcd_ndt_localizer-1] [INFO] [1782968395.506022341] [pcd_ndt_localizer]: NDT ok fitness=0.7924 pose=(-1.75 1.78 -0.22)
[pcd_ndt_localizer-1] [INFO] [1782968396.521539628] [pcd_ndt_localizer]: NDT ok fitness=0.7833 pose=(-1.75 1.78 -0.22)
[pcd_ndt_localizer-1] [INFO] [1782968397.614810455] [pcd_ndt_localizer]: NDT ok fitness=0.7595 pose=(-1.75 1.78 -0.21)
[pcd_ndt_localizer-1] [INFO] [1782968398.704857882] [pcd_ndt_localizer]: NDT ok fitness=0.8061 pose=(-1.75 1.78 -0.22)
[pcd_ndt_localizer-1] [INFO] [1782968399.808118310] [pcd_ndt_localizer]: NDT ok fitness=0.7742 pose=(-1.75 1.78 -0.21)
[pcd_ndt_localizer-1] [INFO] [1782968400.808458277] [pcd_ndt_localizer]: NDT ok fitness=0.8026 pose=(-1.76 1.78 -0.21)
[pcd_ndt_localizer-1] [INFO] [1782968401.809771012] [pcd_ndt_localizer]: NDT ok fitness=0.8133 pose=(-1.76 1.78 -0.22)
[pcd_ndt_localizer-1] [INFO] [1782968402.910938029] [pcd_ndt_localizer]: NDT ok fitness=0.8089 pose=(-1.75 1.78 -0.22)
[pcd_ndt_localizer-1] [INFO] [1782968404.004450847] [pcd_ndt_localizer]: NDT ok fitness=0.8238 pose=(-1.75 1.79 -0.22)
[pcd_ndt_localizer-1] [INFO] [1782968405.010313776] [pcd_ndt_localizer]: NDT ok fitness=0.8486 pose=(-1.74 1.79 -0.22)
[pcd_ndt_localizer-1] [INFO] [1782968406.101815330] [pcd_ndt_localizer]: NDT ok fitness=0.7869 pose=(-1.75 1.78 -0.21)
[pcd_ndt_localizer-1] [INFO] [1782968407.111038271] [pcd_ndt_localizer]: NDT ok fitness=0.7948 pose=(-1.75 1.79 -0.22)
[pcd_ndt_localizer-1] [INFO] [1782968408.213951648] [pcd_ndt_localizer]: NDT ok fitness=0.7605 pose=(-1.75 1.78 -0.22)
[pcd_ndt_localizer-1] [INFO] [1782968409.309492851] [pcd_ndt_localizer]: NDT ok fitness=0.8351 pose=(-1.75 1.78 -0.22)
[pcd_ndt_localizer-1] [INFO] [1782968410.310438790] [pcd_ndt_localizer]: NDT ok fitness=0.7925 pose=(-1.75 1.78 -0.22)
[pcd_ndt_localizer-1] [INFO] [1782968411.407347014] [pcd_ndt_localizer]: NDT ok fitness=0.8246 pose=(-1.75 1.78 -0.22)
[pcd_ndt_localizer-1] [INFO] [1782968412.410567362] [pcd_ndt_localizer]: NDT ok fitness=0.8238 pose=(-1.75 1.78 -0.22)
[pcd_ndt_localizer-1] [INFO] [1782968413.415263181] [pcd_ndt_localizer]: NDT ok fitness=0.7291 pose=(-1.74 1.79 -0.22)
[pcd_ndt_localizer-1] [INFO] [1782968414.503617018] [pcd_ndt_localizer]: NDT ok fitness=0.7978 pose=(-1.75 1.78 -0.22)
[pcd_ndt_localizer-1] [INFO] [1782968415.509654704] [pcd_ndt_localizer]: NDT ok fitness=0.8182 pose=(-1.75 1.78 -0.21)
[pcd_ndt_localizer-1] [INFO] [1782968416.600382986] [pcd_ndt_localizer]: NDT ok fitness=0.8495 pose=(-1.75 1.77 -0.22)
[pcd_ndt_localizer-1] [INFO] [1782968417.693924061] [pcd_ndt_localizer]: NDT ok fitness=0.8906 pose=(-1.75 1.78 -0.22)
[pcd_ndt_localizer-1] [INFO] [1782968418.698748621] [pcd_ndt_localizer]: NDT ok fitness=0.8052 pose=(-1.75 1.78 -0.22)
[pcd_ndt_localizer-1] [INFO] [1782968419.701134574] [pcd_ndt_localizer]: NDT ok fitness=0.7720 pose=(-1.73 1.80 -0.22)
[pcd_ndt_localizer-1] [INFO] [1782968420.705441868] [pcd_ndt_localizer]: NDT ok fitness=0.7698 pose=(-1.75 1.78 -0.22)
[pcd_ndt_localizer-1] [INFO] [1782968421.787861114] [pcd_ndt_localizer]: NDT ok fitness=0.8106 pose=(-1.75 1.78 -0.22)
[pcd_ndt_localizer-1] [INFO] [1782968422.791312542] [pcd_ndt_localizer]: NDT ok fitness=0.7522 pose=(-1.75 1.79 -0.22)
[pcd_ndt_localizer-1] [INFO] [1782968423.809327317] [pcd_ndt_localizer]: NDT ok fitness=0.7637 pose=(-1.75 1.78 -0.22)
[pcd_ndt_localizer-1] [INFO] [1782968424.811043905] [pcd_ndt_localizer]: NDT ok fitness=0.7931 pose=(-1.76 1.77 -0.22)
[pcd_ndt_localizer-1] [INFO] [1782968425.891514288] [pcd_ndt_localizer]: NDT ok fitness=0.7743 pose=(-1.75 1.78 -0.22)
[pcd_ndt_localizer-1] [INFO] [1782968426.905989526] [pcd_ndt_localizer]: NDT ok fitness=0.7827 pose=(-1.74 1.80 -0.22)
[pcd_ndt_localizer-1] [INFO] [1782968427.908007339] [pcd_ndt_localizer]: NDT ok fitness=0.9415 pose=(-1.75 1.78 -0.22)
[pcd_ndt_localizer-1] [INFO] [1782968428.917327147] [pcd_ndt_localizer]: NDT ok fitness=0.8404 pose=(-1.75 1.78 -0.22)
[pcd_ndt_localizer-1] [INFO] [1782968430.010165928] [pcd_ndt_localizer]: NDT ok fitness=0.8297 pose=(-1.76 1.78 -0.21)
[pcd_ndt_localizer-1] [INFO] [1782968431.023650158] [pcd_ndt_localizer]: NDT ok fitness=0.8281 pose=(-1.75 1.78 -0.21)
[pcd_ndt_localizer-1] [INFO] [1782968432.114742963] [pcd_ndt_localizer]: NDT ok fitness=0.8114 pose=(-1.74 1.78 -0.22)
[pcd_ndt_localizer-1] [INFO] [1782968433.211937404] [pcd_ndt_localizer]: NDT ok fitness=0.7302 pose=(-1.74 1.78 -0.22)
[pcd_ndt_localizer-1] [INFO] [1782968434.214073845] [pcd_ndt_localizer]: NDT ok fitness=0.7980 pose=(-1.74 1.79 -0.22)
[pcd_ndt_localizer-1] [INFO] [1782968435.312296479] [pcd_ndt_localizer]: NDT ok fitness=0.7764 pose=(-1.77 1.76 -0.21)
[pcd_ndt_localizer-1] [INFO] [1782968436.414670350] [pcd_ndt_localizer]: NDT ok fitness=0.8146 pose=(-1.76 1.77 -0.21)
[pcd_ndt_localizer-1] [INFO] [1782968437.517158785] [pcd_ndt_localizer]: NDT ok fitness=0.7840 pose=(-1.75 1.78 -0.22)
[pcd_ndt_localizer-1] [INFO] [1782968438.612464046] [pcd_ndt_localizer]: NDT ok fitness=0.8159 pose=(-1.76 1.77 -0.21)
[pcd_ndt_localizer-1] [INFO] [1782968439.706611445] [pcd_ndt_localizer]: NDT ok fitness=0.8267 pose=(-1.74 1.79 -0.22)
[pcd_ndt_localizer-1] [INFO] [1782968440.710688620] [pcd_ndt_localizer]: NDT ok fitness=0.8258 pose=(-1.74 1.79 -0.22)
[pcd_ndt_localizer-1] [INFO] [1782968441.800793713] [pcd_ndt_localizer]: NDT ok fitness=0.8021 pose=(-1.75 1.78 -0.22)
[pcd_ndt_localizer-1] [INFO] [1782968442.803451035] [pcd_ndt_localizer]: NDT ok fitness=0.8617 pose=(-1.74 1.79 -0.21)
[pcd_ndt_localizer-1] [INFO] [1782968443.805468400] [pcd_ndt_localizer]: NDT ok fitness=0.7841 pose=(-1.75 1.78 -0.22)
[pcd_ndt_localizer-1] [INFO] [1782968444.809570088] [pcd_ndt_localizer]: NDT ok fitness=0.7906 pose=(-1.75 1.78 -0.22)
[pcd_ndt_localizer-1] [INFO] [1782968445.811486810] [pcd_ndt_localizer]: NDT ok fitness=0.7939 pose=(-1.75 1.78 -0.21)
[pcd_ndt_localizer-1] [INFO] [1782968446.916487070] [pcd_ndt_localizer]: NDT ok fitness=0.8199 pose=(-1.76 1.78 -0.22)
[pcd_ndt_localizer-1] [INFO] [1782968447.998620387] [pcd_ndt_localizer]: NDT ok fitness=0.8156 pose=(-1.75 1.78 -0.22)
[pcd_ndt_localizer-1] [INFO] [1782968449.004864544] [pcd_ndt_localizer]: NDT ok fitness=0.7934 pose=(-1.75 1.78 -0.22)
[pcd_ndt_localizer-1] [INFO] [1782968450.103646812] [pcd_ndt_localizer]: NDT ok fitness=0.7834 pose=(-1.75 1.78 -0.22)
[pcd_ndt_localizer-1] [INFO] [1782968451.104293125] [pcd_ndt_localizer]: NDT ok fitness=0.8260 pose=(-1.75 1.78 -0.22)
[pcd_ndt_localizer-1] [INFO] [1782968452.113412095] [pcd_ndt_localizer]: NDT ok fitness=0.8268 pose=(-1.76 1.77 -0.22)
[pcd_ndt_localizer-1] [INFO] [1782968453.195109462] [pcd_ndt_localizer]: NDT ok fitness=0.7479 pose=(-1.73 1.80 -0.22)
[pcd_ndt_localizer-1] [INFO] [1782968454.212746401] [pcd_ndt_localizer]: NDT ok fitness=0.8301 pose=(-1.75 1.78 -0.22)
[pcd_ndt_localizer-1] [INFO] [1782968455.310900393] [pcd_ndt_localizer]: NDT ok fitness=0.8408 pose=(-1.75 1.78 -0.22)
[pcd_ndt_localizer-1] [INFO] [1782968456.414587203] [pcd_ndt_localizer]: NDT ok fitness=0.7800 pose=(-1.75 1.78 -0.22)
[pcd_ndt_localizer-1] [INFO] [1782968457.511763979] [pcd_ndt_localizer]: NDT ok fitness=0.8508 pose=(-1.75 1.78 -0.22)
[pcd_ndt_localizer-1] [INFO] [1782968458.605640905] [pcd_ndt_localizer]: NDT ok fitness=0.8239 pose=(-1.76 1.78 -0.22)
[pcd_ndt_localizer-1] [INFO] [1782968459.607653854] [pcd_ndt_localizer]: NDT ok fitness=0.8178 pose=(-1.75 1.78 -0.22)
[pcd_ndt_localizer-1] [INFO] [1782968460.608767159] [pcd_ndt_localizer]: NDT ok fitness=0.7851 pose=(-1.75 1.78 -0.22)
[pcd_ndt_localizer-1] [INFO] [1782968461.616603815] [pcd_ndt_localizer]: NDT ok fitness=0.7573 pose=(-1.75 1.78 -0.22)
[pcd_ndt_localizer-1] [INFO] [1782968462.714766031] [pcd_ndt_localizer]: NDT ok fitness=0.8101 pose=(-1.75 1.78 -0.22)
[pcd_ndt_localizer-1] [INFO] [1782968463.803197854] [pcd_ndt_localizer]: NDT ok fitness=0.7762 pose=(-1.76 1.78 -0.22)
[pcd_ndt_localizer-1] [INFO] [1782968464.810487549] [pcd_ndt_localizer]: NDT ok fitness=0.8497 pose=(-1.75 1.79 -0.22)
[pcd_ndt_localizer-1] [INFO] [1782968465.907146197] [pcd_ndt_localizer]: NDT ok fitness=0.7667 pose=(-1.75 1.78 -0.21)
[pcd_ndt_localizer-1] [INFO] [1782968466.989390397] [pcd_ndt_localizer]: NDT ok fitness=0.8624 pose=(-1.76 1.78 -0.22)
[pcd_ndt_localizer-1] [INFO] [1782968468.012177518] [pcd_ndt_localizer]: NDT ok fitness=0.7527 pose=(-1.76 1.78 -0.21)
[pcd_ndt_localizer-1] [INFO] [1782968469.014886169] [pcd_ndt_localizer]: NDT ok fitness=0.8343 pose=(-1.75 1.78 -0.22)
[pcd_ndt_localizer-1] [INFO] [1782968470.099760982] [pcd_ndt_localizer]: NDT ok fitness=0.8273 pose=(-1.75 1.78 -0.22)
[pcd_ndt_localizer-1] [INFO] [1782968471.200824028] [pcd_ndt_localizer]: NDT ok fitness=0.8239 pose=(-1.76 1.78 -0.22)
[pcd_ndt_localizer-1] [INFO] [1782968472.203319808] [pcd_ndt_localizer]: NDT ok fitness=0.7920 pose=(-1.77 1.76 -0.21)
[pcd_ndt_localizer-1] [INFO] [1782968473.215720227] [pcd_ndt_localizer]: NDT ok fitness=0.8945 pose=(-1.76 1.77 -0.22)
[pcd_ndt_localizer-1] [INFO] [1782968474.298128497] [pcd_ndt_localizer]: NDT ok fitness=0.8114 pose=(-1.75 1.78 -0.22)
[pcd_ndt_localizer-1] [INFO] [1782968475.310028772] [pcd_ndt_localizer]: NDT ok fitness=0.8571 pose=(-1.76 1.78 -0.21)
[pcd_ndt_localizer-1] [INFO] [1782968476.404652378] [pcd_ndt_localizer]: NDT ok fitness=0.8246 pose=(-1.76 1.77 -0.21)
[pcd_ndt_localizer-1] [INFO] [1782968477.405380934] [pcd_ndt_localizer]: NDT ok fitness=0.8489 pose=(-1.76 1.77 -0.22)
[pcd_ndt_localizer-1] [INFO] [1782968478.504409386] [pcd_ndt_localizer]: NDT ok fitness=0.8423 pose=(-1.75 1.78 -0.21)
[pcd_ndt_localizer-1] [INFO] [1782968479.514417952] [pcd_ndt_localizer]: NDT ok fitness=0.8435 pose=(-1.75 1.78 -0.22)
[pcd_ndt_localizer-1] [INFO] [1782968480.604610728] [pcd_ndt_localizer]: NDT ok fitness=0.8034 pose=(-1.75 1.78 -0.21)
[pcd_ndt_localizer-1] [INFO] [1782968481.685236668] [pcd_ndt_localizer]: NDT ok fitness=0.8210 pose=(-1.75 1.78 -0.21)
[pcd_ndt_localizer-1] [INFO] [1782968482.688443672] [pcd_ndt_localizer]: NDT ok fitness=0.8159 pose=(-1.76 1.77 -0.21)
[pcd_ndt_localizer-1] [INFO] [1782968483.689773847] [pcd_ndt_localizer]: NDT ok fitness=0.7839 pose=(-1.75 1.78 -0.22)
[pcd_ndt_localizer-1] [INFO] [1782968484.709924019] [pcd_ndt_localizer]: NDT ok fitness=0.7895 pose=(-1.75 1.78 -0.22)
[pcd_ndt_localizer-1] [INFO] [1782968485.806731663] [pcd_ndt_localizer]: NDT ok fitness=0.8443 pose=(-1.75 1.78 -0.22)
[pcd_ndt_localizer-1] [INFO] [1782968486.904473482] [pcd_ndt_localizer]: NDT ok fitness=0.7697 pose=(-1.75 1.79 -0.22)
[pcd_ndt_localizer-1] [INFO] [1782968488.006267975] [pcd_ndt_localizer]: NDT ok fitness=0.7739 pose=(-1.75 1.78 -0.22)
[pcd_ndt_localizer-1] [INFO] [1782968489.109482801] [pcd_ndt_localizer]: NDT ok fitness=0.8181 pose=(-1.77 1.77 -0.22)
[pcd_ndt_localizer-1] [INFO] [1782968490.199796125] [pcd_ndt_localizer]: NDT ok fitness=0.8267 pose=(-1.76 1.78 -0.22)
[pcd_ndt_localizer-1] [INFO] [1782968491.210643822] [pcd_ndt_localizer]: NDT ok fitness=0.7969 pose=(-1.75 1.78 -0.22)
[pcd_ndt_localizer-1] [INFO] [1782968492.304871032] [pcd_ndt_localizer]: NDT ok fitness=0.8019 pose=(-1.75 1.78 -0.22)
[pcd_ndt_localizer-1] [INFO] [1782968493.391176611] [pcd_ndt_localizer]: NDT ok fitness=0.8603 pose=(-1.74 1.79 -0.22)
[pcd_ndt_localizer-1] [INFO] [1782968494.408050294] [pcd_ndt_localizer]: NDT ok fitness=0.8154 pose=(-1.75 1.78 -0.21)
[pcd_ndt_localizer-1] [INFO] [1782968495.409920934] [pcd_ndt_localizer]: NDT ok fitness=0.7556 pose=(-1.76 1.77 -0.21)
[pcd_ndt_localizer-1] [INFO] [1782968496.411564783] [pcd_ndt_localizer]: NDT ok fitness=0.8479 pose=(-1.75 1.78 -0.22)
[pcd_ndt_localizer-1] [INFO] [1782968497.411981937] [pcd_ndt_localizer]: NDT ok fitness=0.8558 pose=(-1.75 1.78 -0.22)
[pcd_ndt_localizer-1] [INFO] [1782968498.502816910] [pcd_ndt_localizer]: NDT ok fitness=0.8150 pose=(-1.76 1.77 -0.22)
[pcd_ndt_localizer-1] [INFO] [1782968499.604855250] [pcd_ndt_localizer]: NDT ok fitness=0.8146 pose=(-1.75 1.78 -0.22)
[pcd_ndt_localizer-1] [INFO] [1782968500.609847495] [pcd_ndt_localizer]: NDT ok fitness=0.8150 pose=(-1.75 1.78 -0.22)
[pcd_ndt_localizer-1] [INFO] [1782968501.615507122] [pcd_ndt_localizer]: NDT ok fitness=0.8066 pose=(-1.75 1.78 -0.22)
[pcd_ndt_localizer-1] [INFO] [1782968502.704479954] [pcd_ndt_localizer]: NDT ok fitness=0.7477 pose=(-1.76 1.77 -0.22)
[pcd_ndt_localizer-1] [INFO] [1782968503.713689871] [pcd_ndt_localizer]: NDT ok fitness=0.8529 pose=(-1.75 1.79 -0.22)
[pcd_ndt_localizer-1] [INFO] [1782968504.713859912] [pcd_ndt_localizer]: NDT ok fitness=0.8242 pose=(-1.75 1.78 -0.22)
[pcd_ndt_localizer-1] [INFO] [1782968505.715182983] [pcd_ndt_localizer]: NDT ok fitness=0.7921 pose=(-1.75 1.77 -0.22)
[pcd_ndt_localizer-1] [INFO] [1782968506.716818896] [pcd_ndt_localizer]: NDT ok fitness=0.7652 pose=(-1.76 1.77 -0.22)
[pcd_ndt_localizer-1] [INFO] [1782968507.717340981] [pcd_ndt_localizer]: NDT ok fitness=0.7706 pose=(-1.75 1.78 -0.22)
[pcd_ndt_localizer-1] [INFO] [1782968508.814194835] [pcd_ndt_localizer]: NDT ok fitness=0.7830 pose=(-1.75 1.78 -0.22)
[pcd_ndt_localizer-1] [INFO] [1782968509.817708729] [pcd_ndt_localizer]: NDT ok fitness=0.7589 pose=(-1.74 1.78 -0.22)
[pcd_ndt_localizer-1] [INFO] [1782968510.901897920] [pcd_ndt_localizer]: NDT ok fitness=0.7916 pose=(-1.75 1.78 -0.22)
[pcd_ndt_localizer-1] [INFO] [1782968511.918092189] [pcd_ndt_localizer]: NDT ok fitness=0.7609 pose=(-1.75 1.79 -0.22)
[pcd_ndt_localizer-1] [INFO] [1782968513.011057726] [pcd_ndt_localizer]: NDT ok fitness=0.8847 pose=(-1.76 1.78 -0.22)
[pcd_ndt_localizer-1] [INFO] [1782968514.101730005] [pcd_ndt_localizer]: NDT ok fitness=0.7967 pose=(-1.75 1.78 -0.22)
[pcd_ndt_localizer-1] [INFO] [1782968515.113208218] [pcd_ndt_localizer]: NDT ok fitness=0.8040 pose=(-1.77 1.77 -0.22)
[pcd_ndt_localizer-1] [INFO] [1782968516.204616265] [pcd_ndt_localizer]: NDT ok fitness=0.7770 pose=(-1.75 1.78 -0.22)
[pcd_ndt_localizer-1] [INFO] [1782968517.204756898] [pcd_ndt_localizer]: NDT ok fitness=0.7807 pose=(-1.76 1.77 -0.21)
[pcd_ndt_localizer-1] [INFO] [1782968518.207821561] [pcd_ndt_localizer]: NDT ok fitness=0.7790 pose=(-1.73 1.80 -0.22)
[pcd_ndt_localizer-1] [INFO] [1782968519.301296298] [pcd_ndt_localizer]: NDT ok fitness=0.8216 pose=(-1.76 1.77 -0.22)
[pcd_ndt_localizer-1] [INFO] [1782968520.317748912] [pcd_ndt_localizer]: NDT ok fitness=0.8051 pose=(-1.75 1.78 -0.21)
[pcd_ndt_localizer-1] [INFO] [1782968521.418196737] [pcd_ndt_localizer]: NDT ok fitness=0.7916 pose=(-1.75 1.78 -0.22)
[pcd_ndt_localizer-1] [INFO] [1782968522.418650628] [pcd_ndt_localizer]: NDT ok fitness=0.8011 pose=(-1.75 1.78 -0.22)
[pcd_ndt_localizer-1] [INFO] [1782968523.514779211] [pcd_ndt_localizer]: NDT ok fitness=0.7876 pose=(-1.75 1.78 -0.22)
[pcd_ndt_localizer-1] [INFO] [1782968524.616899858] [pcd_ndt_localizer]: NDT ok fitness=0.8345 pose=(-1.76 1.77 -0.22)
[pcd_ndt_localizer-1] [INFO] [1782968525.713862900] [pcd_ndt_localizer]: NDT ok fitness=0.8328 pose=(-1.75 1.78 -0.22)
[pcd_ndt_localizer-1] [INFO] [1782968526.718754502] [pcd_ndt_localizer]: NDT ok fitness=0.8257 pose=(-1.76 1.77 -0.22)
[pcd_ndt_localizer-1] [INFO] [1782968527.719682040] [pcd_ndt_localizer]: NDT ok fitness=0.9460 pose=(-1.75 1.78 -0.22)
[pcd_ndt_localizer-1] [INFO] [1782968528.894105139] [pcd_ndt_localizer]: NDT ok fitness=0.7933 pose=(-1.76 1.78 -0.21)
[pcd_ndt_localizer-1] [INFO] [1782968529.909304656] [pcd_ndt_localizer]: NDT ok fitness=0.7863 pose=(-1.74 1.79 -0.22)
[pcd_ndt_localizer-1] [INFO] [1782968531.000599740] [pcd_ndt_localizer]: NDT ok fitness=0.8096 pose=(-1.76 1.78 -0.22)
[pcd_ndt_localizer-1] [INFO] [1782968532.113932940] [pcd_ndt_localizer]: NDT ok fitness=0.8439 pose=(-1.76 1.78 -0.22)
[pcd_ndt_localizer-1] [INFO] [1782968533.201285752] [pcd_ndt_localizer]: NDT ok fitness=0.7986 pose=(-1.75 1.78 -0.22)
[pcd_ndt_localizer-1] [INFO] [1782968534.203695162] [pcd_ndt_localizer]: NDT ok fitness=0.7826 pose=(-1.75 1.78 -0.22)
[pcd_ndt_localizer-1] [INFO] [1782968535.204577099] [pcd_ndt_localizer]: NDT ok fitness=0.7979 pose=(-1.75 1.78 -0.22)
[pcd_ndt_localizer-1] [INFO] [1782968536.308003324] [pcd_ndt_localizer]: NDT ok fitness=0.7720 pose=(-1.75 1.78 -0.21)
[pcd_ndt_localizer-1] [INFO] [1782968537.416197031] [pcd_ndt_localizer]: NDT ok fitness=0.8075 pose=(-1.75 1.78 -0.22)
[pcd_ndt_localizer-1] [INFO] [1782968538.509272075] [pcd_ndt_localizer]: NDT ok fitness=0.8416 pose=(-1.75 1.78 -0.22)
[pcd_ndt_localizer-1] [INFO] [1782968539.511141532] [pcd_ndt_localizer]: NDT ok fitness=0.8080 pose=(-1.75 1.78 -0.22)
[pcd_ndt_localizer-1] [INFO] [1782968540.595514184] [pcd_ndt_localizer]: NDT ok fitness=0.8167 pose=(-1.75 1.78 -0.22)
[pcd_ndt_localizer-1] [INFO] [1782968541.609083665] [pcd_ndt_localizer]: NDT ok fitness=0.8028 pose=(-1.75 1.79 -0.22)
[pcd_ndt_localizer-1] [INFO] [1782968542.610334606] [pcd_ndt_localizer]: NDT ok fitness=0.8692 pose=(-1.75 1.78 -0.22)
[pcd_ndt_localizer-1] [INFO] [1782968543.611363651] [pcd_ndt_localizer]: NDT ok fitness=0.8060 pose=(-1.76 1.78 -0.21)
[pcd_ndt_localizer-1] [INFO] [1782968544.705808052] [pcd_ndt_localizer]: NDT ok fitness=0.8858 pose=(-1.76 1.78 -0.22)
[pcd_ndt_localizer-1] [INFO] [1782968545.710274872] [pcd_ndt_localizer]: NDT ok fitness=0.8199 pose=(-1.75 1.78 -0.21)
[pcd_ndt_localizer-1] [INFO] [1782968546.710887520] [pcd_ndt_localizer]: NDT ok fitness=0.7304 pose=(-1.76 1.78 -0.22)
[pcd_ndt_localizer-1] [INFO] [1782968547.809107626] [pcd_ndt_localizer]: NDT ok fitness=0.7807 pose=(-1.76 1.78 -0.22)
[pcd_ndt_localizer-1] [INFO] [1782968548.908189071] [pcd_ndt_localizer]: NDT ok fitness=0.8295 pose=(-1.75 1.78 -0.22)
[pcd_ndt_localizer-1] [INFO] [1782968549.909140354] [pcd_ndt_localizer]: NDT ok fitness=0.7999 pose=(-1.76 1.77 -0.22)
[pcd_ndt_localizer-1] [INFO] [1782968550.912397247] [pcd_ndt_localizer]: NDT ok fitness=0.8133 pose=(-1.75 1.78 -0.22)
[pcd_ndt_localizer-1] [INFO] [1782968552.007307711] [pcd_ndt_localizer]: NDT ok fitness=0.8041 pose=(-1.76 1.78 -0.22)
[pcd_ndt_localizer-1] [INFO] [1782968553.092572296] [pcd_ndt_localizer]: NDT ok fitness=0.7488 pose=(-1.75 1.78 -0.22)
[pcd_ndt_localizer-1] [INFO] [1782968554.096072941] [pcd_ndt_localizer]: NDT ok fitness=0.8613 pose=(-1.75 1.78 -0.22)
[pcd_ndt_localizer-1] [INFO] [1782968555.099741623] [pcd_ndt_localizer]: NDT ok fitness=0.8127 pose=(-1.76 1.77 -0.22)
[pcd_ndt_localizer-1] [INFO] [1782968556.206329742] [pcd_ndt_localizer]: NDT ok fitness=0.8361 pose=(-1.73 1.79 -0.22)
[pcd_ndt_localizer-1] [INFO] [1782968557.208582443] [pcd_ndt_localizer]: NDT ok fitness=0.8684 pose=(-1.75 1.78 -0.21)
[pcd_ndt_localizer-1] [INFO] [1782968558.306324742] [pcd_ndt_localizer]: NDT ok fitness=0.7937 pose=(-1.74 1.79 -0.22)
[pcd_ndt_localizer-1] [INFO] [1782968559.407101410] [pcd_ndt_localizer]: NDT ok fitness=0.7492 pose=(-1.76 1.77 -0.22)
[pcd_ndt_localizer-1] [INFO] [1782968560.511795004] [pcd_ndt_localizer]: NDT ok fitness=0.8021 pose=(-1.76 1.77 -0.22)
[pcd_ndt_localizer-1] [INFO] [1782968561.604635065] [pcd_ndt_localizer]: NDT ok fitness=0.7774 pose=(-1.75 1.78 -0.22)
[pcd_ndt_localizer-1] [INFO] [1782968562.689770494] [pcd_ndt_localizer]: NDT ok fitness=0.7876 pose=(-1.75 1.78 -0.22)
[pcd_ndt_localizer-1] [INFO] [1782968563.696018812] [pcd_ndt_localizer]: NDT ok fitness=0.8074 pose=(-1.76 1.77 -0.21)
[pcd_ndt_localizer-1] [INFO] [1782968564.829450706] [pcd_ndt_localizer]: NDT ok fitness=0.8252 pose=(-1.75 1.78 -0.21)
[pcd_ndt_localizer-1] [INFO] [1782968565.906258731] [pcd_ndt_localizer]: NDT ok fitness=0.8483 pose=(-1.75 1.79 -0.22)
[pcd_ndt_localizer-1] [INFO] [1782968566.912591723] [pcd_ndt_localizer]: NDT ok fitness=0.8326 pose=(-1.75 1.78 -0.21)
[pcd_ndt_localizer-1] [INFO] [1782968568.006274691] [pcd_ndt_localizer]: NDT ok fitness=0.8016 pose=(-1.75 1.78 -0.22)
[pcd_ndt_localizer-1] [INFO] [1782968569.009916845] [pcd_ndt_localizer]: NDT ok fitness=0.8383 pose=(-1.75 1.78 -0.22)
[pcd_ndt_localizer-1] [INFO] [1782968570.099640325] [pcd_ndt_localizer]: NDT ok fitness=0.8656 pose=(-1.74 1.79 -0.22)
[pcd_ndt_localizer-1] [INFO] [1782968571.202378081] [pcd_ndt_localizer]: NDT ok fitness=0.7677 pose=(-1.76 1.78 -0.21)
[pcd_ndt_localizer-1] [INFO] [1782968572.205180015] [pcd_ndt_localizer]: NDT ok fitness=0.7672 pose=(-1.75 1.78 -0.22)
[pcd_ndt_localizer-1] [INFO] [1782968573.300476827] [pcd_ndt_localizer]: NDT ok fitness=0.7400 pose=(-1.76 1.78 -0.21)
[pcd_ndt_localizer-1] [INFO] [1782968574.488428522] [pcd_ndt_localizer]: NDT ok fitness=0.7921 pose=(-1.76 1.77 -0.22)
[pcd_ndt_localizer-1] [INFO] [1782968575.501806156] [pcd_ndt_localizer]: NDT ok fitness=0.7795 pose=(-1.76 1.77 -0.21)
[pcd_ndt_localizer-1] [INFO] [1782968576.599882417] [pcd_ndt_localizer]: NDT ok fitness=0.8094 pose=(-1.75 1.78 -0.21)
[pcd_ndt_localizer-1] [INFO] [1782968577.697141629] [pcd_ndt_localizer]: NDT ok fitness=0.8123 pose=(-1.75 1.78 -0.22)
[pcd_ndt_localizer-1] [INFO] [1782968578.717640100] [pcd_ndt_localizer]: NDT ok fitness=0.8474 pose=(-1.75 1.77 -0.22)
[pcd_ndt_localizer-1] [INFO] [1782968579.811530019] [pcd_ndt_localizer]: NDT ok fitness=0.8483 pose=(-1.74 1.79 -0.21)
[pcd_ndt_localizer-1] [INFO] [1782968580.890499170] [pcd_ndt_localizer]: NDT ok fitness=0.8092 pose=(-1.76 1.77 -0.21)
[pcd_ndt_localizer-1] [INFO] [1782968581.904247568] [pcd_ndt_localizer]: NDT ok fitness=0.8204 pose=(-1.76 1.77 -0.22)
[pcd_ndt_localizer-1] [INFO] [1782968582.908410378] [pcd_ndt_localizer]: NDT ok fitness=0.7869 pose=(-1.74 1.79 -0.22)
[pcd_ndt_localizer-1] [INFO] [1782968583.910122902] [pcd_ndt_localizer]: NDT ok fitness=0.8133 pose=(-1.75 1.78 -0.22)
[pcd_ndt_localizer-1] [INFO] [1782968584.915808321] [pcd_ndt_localizer]: NDT ok fitness=0.7803 pose=(-1.75 1.78 -0.22)
[pcd_ndt_localizer-1] [INFO] [1782968586.013822084] [pcd_ndt_localizer]: NDT ok fitness=0.8918 pose=(-1.76 1.78 -0.22)
[pcd_ndt_localizer-1] [INFO] [1782968587.109643137] [pcd_ndt_localizer]: NDT ok fitness=0.7872 pose=(-1.75 1.78 -0.22)
[pcd_ndt_localizer-1] [INFO] [1782968588.203376443] [pcd_ndt_localizer]: NDT ok fitness=0.7447 pose=(-1.75 1.78 -0.22)
[pcd_ndt_localizer-1] [INFO] [1782968589.204345550] [pcd_ndt_localizer]: NDT ok fitness=0.7978 pose=(-1.74 1.79 -0.22)
[pcd_ndt_localizer-1] [INFO] [1782968590.206484679] [pcd_ndt_localizer]: NDT ok fitness=0.7993 pose=(-1.74 1.79 -0.22)
[pcd_ndt_localizer-1] [INFO] [1782968591.312880120] [pcd_ndt_localizer]: NDT ok fitness=0.7669 pose=(-1.76 1.78 -0.21)
[pcd_ndt_localizer-1] [INFO] [1782968592.317859340] [pcd_ndt_localizer]: NDT ok fitness=0.8185 pose=(-1.75 1.78 -0.22)
[pcd_ndt_localizer-1] [INFO] [1782968593.409657192] [pcd_ndt_localizer]: NDT ok fitness=0.7507 pose=(-1.75 1.78 -0.22)
[pcd_ndt_localizer-1] [INFO] [1782968594.412572378] [pcd_ndt_localizer]: NDT ok fitness=0.7879 pose=(-1.75 1.78 -0.22)
[pcd_ndt_localizer-1] [INFO] [1782968595.504357205] [pcd_ndt_localizer]: NDT ok fitness=0.7797 pose=(-1.76 1.77 -0.22)
[pcd_ndt_localizer-1] [INFO] [1782968596.601986924] [pcd_ndt_localizer]: NDT ok fitness=0.8492 pose=(-1.75 1.77 -0.22)
[pcd_ndt_localizer-1] [INFO] [1782968597.699481183] [pcd_ndt_localizer]: NDT ok fitness=0.7439 pose=(-1.76 1.77 -0.21)
[pcd_ndt_localizer-1] [INFO] [1782968598.713849217] [pcd_ndt_localizer]: NDT ok fitness=0.8344 pose=(-1.76 1.77 -0.22)
[pcd_ndt_localizer-1] [INFO] [1782968599.816481881] [pcd_ndt_localizer]: NDT ok fitness=0.8501 pose=(-1.75 1.78 -0.22)
[pcd_ndt_localizer-1] [INFO] [1782968600.901564636] [pcd_ndt_localizer]: NDT ok fitness=0.8092 pose=(-1.76 1.77 -0.22)
[pcd_ndt_localizer-1] [INFO] [1782968601.912186278] [pcd_ndt_localizer]: NDT ok fitness=0.8016 pose=(-1.75 1.78 -0.22)
[pcd_ndt_localizer-1] [INFO] [1782968602.915638666] [pcd_ndt_localizer]: NDT ok fitness=0.8195 pose=(-1.76 1.77 -0.22)
[pcd_ndt_localizer-1] [INFO] [1782968604.011337859] [pcd_ndt_localizer]: NDT ok fitness=0.8838 pose=(-1.75 1.78 -0.21)
[pcd_ndt_localizer-1] [INFO] [1782968605.016169938] [pcd_ndt_localizer]: NDT ok fitness=0.8206 pose=(-1.75 1.78 -0.22)
[pcd_ndt_localizer-1] [INFO] [1782968606.024479282] [pcd_ndt_localizer]: NDT ok fitness=0.7974 pose=(-1.74 1.79 -0.22)
[pcd_ndt_localizer-1] [INFO] [1782968607.112110023] [pcd_ndt_localizer]: NDT ok fitness=0.7865 pose=(-1.75 1.78 -0.22)
[pcd_ndt_localizer-1] [INFO] [1782968608.207945285] [pcd_ndt_localizer]: NDT ok fitness=0.7673 pose=(-1.76 1.78 -0.21)
[pcd_ndt_localizer-1] [INFO] [1782968609.212383464] [pcd_ndt_localizer]: NDT ok fitness=0.7790 pose=(-1.75 1.78 -0.22)
[pcd_ndt_localizer-1] [INFO] [1782968610.213603747] [pcd_ndt_localizer]: NDT ok fitness=0.7893 pose=(-1.75 1.78 -0.22)
[pcd_ndt_localizer-1] [INFO] [1782968611.216875201] [pcd_ndt_localizer]: NDT ok fitness=0.8333 pose=(-1.75 1.78 -0.22)
[pcd_ndt_localizer-1] [INFO] [1782968612.309950885] [pcd_ndt_localizer]: NDT ok fitness=0.8488 pose=(-1.76 1.77 -0.22)
[pcd_ndt_localizer-1] [INFO] [1782968613.412380055] [pcd_ndt_localizer]: NDT ok fitness=0.8434 pose=(-1.75 1.78 -0.22)
[pcd_ndt_localizer-1] [INFO] [1782968614.507540862] [pcd_ndt_localizer]: NDT ok fitness=0.8159 pose=(-1.75 1.79 -0.21)
[pcd_ndt_localizer-1] [INFO] [1782968615.510125574] [pcd_ndt_localizer]: NDT ok fitness=0.8190 pose=(-1.75 1.78 -0.22)
[pcd_ndt_localizer-1] [INFO] [1782968616.510278303] [pcd_ndt_localizer]: NDT ok fitness=0.8199 pose=(-1.75 1.78 -0.21)
[pcd_ndt_localizer-1] [INFO] [1782968617.511310260] [pcd_ndt_localizer]: NDT ok fitness=0.8454 pose=(-1.76 1.78 -0.21)
[pcd_ndt_localizer-1] [INFO] [1782968618.606711844] [pcd_ndt_localizer]: NDT ok fitness=0.8456 pose=(-1.75 1.78 -0.22)
[pcd_ndt_localizer-1] [INFO] [1782968619.609645366] [pcd_ndt_localizer]: NDT ok fitness=0.7702 pose=(-1.75 1.78 -0.22)
[pcd_ndt_localizer-1] [INFO] [1782968620.707813663] [pcd_ndt_localizer]: NDT ok fitness=0.8046 pose=(-1.75 1.78 -0.22)
[pcd_ndt_localizer-1] [INFO] [1782968621.803220078] [pcd_ndt_localizer]: NDT ok fitness=0.7653 pose=(-1.75 1.78 -0.22)
[pcd_ndt_localizer-1] [INFO] [1782968622.814247461] [pcd_ndt_localizer]: NDT ok fitness=0.7406 pose=(-1.75 1.78 -0.22)
[pcd_ndt_localizer-1] [INFO] [1782968623.912837755] [pcd_ndt_localizer]: NDT ok fitness=0.8046 pose=(-1.75 1.78 -0.22)
[pcd_ndt_localizer-1] [INFO] [1782968625.000723929] [pcd_ndt_localizer]: NDT ok fitness=0.7983 pose=(-1.76 1.77 -0.22)
[pcd_ndt_localizer-1] [INFO] [1782968626.101678267] [pcd_ndt_localizer]: NDT ok fitness=0.7957 pose=(-1.75 1.78 -0.22)
[pcd_ndt_localizer-1] [INFO] [1782968627.103243969] [pcd_ndt_localizer]: NDT ok fitness=0.8444 pose=(-1.75 1.78 -0.22)
[pcd_ndt_localizer-1] [INFO] [1782968628.112113843] [pcd_ndt_localizer]: NDT ok fitness=0.7483 pose=(-1.75 1.78 -0.22)
[pcd_ndt_localizer-1] [INFO] [1782968629.206814220] [pcd_ndt_localizer]: NDT ok fitness=0.7985 pose=(-1.76 1.77 -0.22)
[pcd_ndt_localizer-1] [INFO] [1782968630.228223120] [pcd_ndt_localizer]: NDT ok fitness=0.7978 pose=(-1.75 1.78 -0.22)
[pcd_ndt_localizer-1] [INFO] [1782968631.296416629] [pcd_ndt_localizer]: NDT ok fitness=0.7777 pose=(-1.75 1.79 -0.22)
[pcd_ndt_localizer-1] [INFO] [1782968632.310412427] [pcd_ndt_localizer]: NDT ok fitness=0.7964 pose=(-1.76 1.77 -0.22)
[pcd_ndt_localizer-1] [INFO] [1782968633.411851741] [pcd_ndt_localizer]: NDT ok fitness=0.8233 pose=(-1.75 1.78 -0.22)
[pcd_ndt_localizer-1] [INFO] [1782968634.509939234] [pcd_ndt_localizer]: NDT ok fitness=0.7748 pose=(-1.76 1.77 -0.22)
[pcd_ndt_localizer-1] [INFO] [1782968635.603474838] [pcd_ndt_localizer]: NDT ok fitness=0.8228 pose=(-1.75 1.78 -0.22)
[pcd_ndt_localizer-1] [INFO] [1782968636.610689682] [pcd_ndt_localizer]: NDT ok fitness=0.8188 pose=(-1.76 1.77 -0.21)
[pcd_ndt_localizer-1] [INFO] [1782968637.697920571] [pcd_ndt_localizer]: NDT ok fitness=0.9205 pose=(-1.75 1.78 -0.22)
[pcd_ndt_localizer-1] [INFO] [1782968638.708095862] [pcd_ndt_localizer]: NDT ok fitness=0.8200 pose=(-1.74 1.78 -0.22)
[pcd_ndt_localizer-1] [INFO] [1782968639.709592923] [pcd_ndt_localizer]: NDT ok fitness=0.8165 pose=(-1.75 1.78 -0.21)
[pcd_ndt_localizer-1] [INFO] [1782968640.712082559] [pcd_ndt_localizer]: NDT ok fitness=0.8032 pose=(-1.75 1.78 -0.22)
[pcd_ndt_localizer-1] [INFO] [1782968641.807661396] [pcd_ndt_localizer]: NDT ok fitness=0.8189 pose=(-1.76 1.78 -0.22)
[pcd_ndt_localizer-1] [INFO] [1782968642.814919154] [pcd_ndt_localizer]: NDT ok fitness=0.7341 pose=(-1.74 1.79 -0.22)
[pcd_ndt_localizer-1] [INFO] [1782968643.817643550] [pcd_ndt_localizer]: NDT ok fitness=0.8326 pose=(-1.75 1.79 -0.22)
[pcd_ndt_localizer-1] [INFO] [1782968644.917571870] [pcd_ndt_localizer]: NDT ok fitness=0.7873 pose=(-1.76 1.77 -0.22)
[pcd_ndt_localizer-1] [INFO] [1782968645.918573907] [pcd_ndt_localizer]: NDT ok fitness=0.7604 pose=(-1.76 1.77 -0.22)
[pcd_ndt_localizer-1] [INFO] [1782968647.001289835] [pcd_ndt_localizer]: NDT ok fitness=0.8077 pose=(-1.75 1.78 -0.21)
[pcd_ndt_localizer-1] [INFO] [1782968648.016345475] [pcd_ndt_localizer]: NDT ok fitness=0.7841 pose=(-1.76 1.77 -0.21)
[pcd_ndt_localizer-1] [INFO] [1782968649.109392999] [pcd_ndt_localizer]: NDT ok fitness=0.8308 pose=(-1.75 1.77 -0.22)
[pcd_ndt_localizer-1] [INFO] [1782968650.118211158] [pcd_ndt_localizer]: NDT ok fitness=0.8201 pose=(-1.75 1.78 -0.21)
[pcd_ndt_localizer-1] [INFO] [1782968651.199749320] [pcd_ndt_localizer]: NDT ok fitness=0.8185 pose=(-1.75 1.78 -0.22)
[pcd_ndt_localizer-1] [INFO] [1782968652.216072233] [pcd_ndt_localizer]: NDT ok fitness=0.8060 pose=(-1.75 1.78 -0.21)
[pcd_ndt_localizer-1] [INFO] [1782968653.311177071] [pcd_ndt_localizer]: NDT ok fitness=0.8761 pose=(-1.75 1.78 -0.22)
[pcd_ndt_localizer-1] [INFO] [1782968654.413814759] [pcd_ndt_localizer]: NDT ok fitness=0.7934 pose=(-1.74 1.78 -0.22)
[pcd_ndt_localizer-1] [INFO] [1782968655.514355964] [pcd_ndt_localizer]: NDT ok fitness=0.7716 pose=(-1.75 1.78 -0.22)
[pcd_ndt_localizer-1] [INFO] [1782968656.592538721] [pcd_ndt_localizer]: NDT ok fitness=0.7673 pose=(-1.75 1.78 -0.23)
[pcd_ndt_localizer-1] [INFO] [1782968657.604414100] [pcd_ndt_localizer]: NDT ok fitness=0.7271 pose=(-1.75 1.78 -0.23)
[pcd_ndt_localizer-1] [INFO] [1782968658.610473611] [pcd_ndt_localizer]: NDT ok fitness=0.7626 pose=(-1.74 1.79 -0.22)
[pcd_ndt_localizer-1] [INFO] [1782968659.710241318] [pcd_ndt_localizer]: NDT ok fitness=0.7973 pose=(-1.74 1.79 -0.22)
[pcd_ndt_localizer-1] [INFO] [1782968660.712042037] [pcd_ndt_localizer]: NDT ok fitness=0.7885 pose=(-1.75 1.78 -0.22)
[pcd_ndt_localizer-1] [INFO] [1782968661.713563802] [pcd_ndt_localizer]: NDT ok fitness=0.7964 pose=(-1.75 1.78 -0.22)
[pcd_ndt_localizer-1] [INFO] [1782968662.715320551] [pcd_ndt_localizer]: NDT ok fitness=0.8743 pose=(-1.75 1.78 -0.22)
[pcd_ndt_localizer-1] [INFO] [1782968663.813118627] [pcd_ndt_localizer]: NDT ok fitness=0.8214 pose=(-1.75 1.78 -0.22)
[pcd_ndt_localizer-1] [INFO] [1782968664.819087063] [pcd_ndt_localizer]: NDT ok fitness=0.8510 pose=(-1.76 1.77 -0.22)
[pcd_ndt_localizer-1] [INFO] [1782968665.911849202] [pcd_ndt_localizer]: NDT ok fitness=0.7896 pose=(-1.75 1.78 -0.22)
[pcd_ndt_localizer-1] [INFO] [1782968666.917573950] [pcd_ndt_localizer]: NDT ok fitness=0.8012 pose=(-1.74 1.79 -0.23)
[pcd_ndt_localizer-1] [INFO] [1782968668.015369371] [pcd_ndt_localizer]: NDT ok fitness=0.7321 pose=(-1.76 1.77 -0.21)
[pcd_ndt_localizer-1] [INFO] [1782968669.111372893] [pcd_ndt_localizer]: NDT ok fitness=0.8197 pose=(-1.76 1.78 -0.21)
[pcd_ndt_localizer-1] [INFO] [1782968670.210862352] [pcd_ndt_localizer]: NDT ok fitness=0.8242 pose=(-1.75 1.78 -0.21)
[pcd_ndt_localizer-1] [INFO] [1782968671.298429892] [pcd_ndt_localizer]: NDT ok fitness=0.8332 pose=(-1.75 1.78 -0.22)
[pcd_ndt_localizer-1] [INFO] [1782968672.316356312] [pcd_ndt_localizer]: NDT ok fitness=0.8275 pose=(-1.75 1.77 -0.22)
[pcd_ndt_localizer-1] [INFO] [1782968673.413931149] [pcd_ndt_localizer]: NDT ok fitness=0.8471 pose=(-1.75 1.78 -0.22)
[pcd_ndt_localizer-1] [INFO] [1782968674.415375856] [pcd_ndt_localizer]: NDT ok fitness=0.8556 pose=(-1.75 1.78 -0.22)
[pcd_ndt_localizer-1] [INFO] [1782968675.415840339] [pcd_ndt_localizer]: NDT ok fitness=0.7979 pose=(-1.75 1.78 -0.22)
[pcd_ndt_localizer-1] [INFO] [1782968676.417182227] [pcd_ndt_localizer]: NDT ok fitness=0.7928 pose=(-1.76 1.77 -0.22)
[pcd_ndt_localizer-1] [INFO] [1782968677.517392221] [pcd_ndt_localizer]: NDT ok fitness=0.7460 pose=(-1.76 1.77 -0.21)
[pcd_ndt_localizer-1] [INFO] [1782968678.616629640] [pcd_ndt_localizer]: NDT ok fitness=0.8381 pose=(-1.76 1.77 -0.22)
[pcd_ndt_localizer-1] [INFO] [1782968679.693294205] [pcd_ndt_localizer]: NDT ok fitness=0.8238 pose=(-1.75 1.78 -0.22)
[pcd_ndt_localizer-1] [INFO] [1782968680.717466586] [pcd_ndt_localizer]: NDT ok fitness=0.8134 pose=(-1.76 1.77 -0.22)
[pcd_ndt_localizer-1] [INFO] [1782968681.814363449] [pcd_ndt_localizer]: NDT ok fitness=0.8080 pose=(-1.74 1.79 -0.22)
[pcd_ndt_localizer-1] [INFO] [1782968682.896135699] [pcd_ndt_localizer]: NDT ok fitness=0.7316 pose=(-1.74 1.79 -0.22)
[pcd_ndt_localizer-1] [INFO] [1782968683.910263053] [pcd_ndt_localizer]: NDT ok fitness=0.8156 pose=(-1.75 1.78 -0.22)
[pcd_ndt_localizer-1] [INFO] [1782968685.006742687] [pcd_ndt_localizer]: NDT ok fitness=0.8048 pose=(-1.76 1.77 -0.21)
[pcd_ndt_localizer-1] [INFO] [1782968686.013334951] [pcd_ndt_localizer]: NDT ok fitness=0.7675 pose=(-1.74 1.79 -0.22)
[pcd_ndt_localizer-1] [INFO] [1782968687.015326620] [pcd_ndt_localizer]: NDT ok fitness=0.8005 pose=(-1.75 1.78 -0.22)
[pcd_ndt_localizer-1] [INFO] [1782968688.113733356] [pcd_ndt_localizer]: NDT ok fitness=0.7548 pose=(-1.74 1.78 -0.22)
[pcd_ndt_localizer-1] [INFO] [1782968689.198483589] [pcd_ndt_localizer]: NDT ok fitness=0.8037 pose=(-1.75 1.78 -0.22)
[pcd_ndt_localizer-1] [INFO] [1782968690.202722689] [pcd_ndt_localizer]: NDT ok fitness=0.7470 pose=(-1.75 1.78 -0.22)
[pcd_ndt_localizer-1] [INFO] [1782968691.211365740] [pcd_ndt_localizer]: NDT ok fitness=0.7886 pose=(-1.75 1.78 -0.22)
[pcd_ndt_localizer-1] [INFO] [1782968692.301586644] [pcd_ndt_localizer]: NDT ok fitness=0.7956 pose=(-1.75 1.78 -0.22)
[pcd_ndt_localizer-1] [INFO] [1782968693.311971863] [pcd_ndt_localizer]: NDT ok fitness=0.7491 pose=(-1.73 1.80 -0.22)
[pcd_ndt_localizer-1] [INFO] [1782968694.322665795] [pcd_ndt_localizer]: NDT ok fitness=0.8123 pose=(-1.72 1.80 -0.23)
[pcd_ndt_localizer-1] [INFO] [1782968695.418680134] [pcd_ndt_localizer]: NDT ok fitness=0.8107 pose=(-1.75 1.78 -0.22)
[pcd_ndt_localizer-1] [INFO] [1782968696.513501250] [pcd_ndt_localizer]: NDT ok fitness=0.7865 pose=(-1.75 1.78 -0.22)
[pcd_ndt_localizer-1] [INFO] [1782968697.613511398] [pcd_ndt_localizer]: NDT ok fitness=0.7541 pose=(-1.76 1.78 -0.21)
[pcd_ndt_localizer-1] [INFO] [1782968698.711634701] [pcd_ndt_localizer]: NDT ok fitness=0.8420 pose=(-1.75 1.78 -0.22)
[pcd_ndt_localizer-1] [INFO] [1782968699.715035022] [pcd_ndt_localizer]: NDT ok fitness=0.7694 pose=(-1.76 1.78 -0.21)
[pcd_ndt_localizer-1] [INFO] [1782968700.720530036] [pcd_ndt_localizer]: NDT ok fitness=0.8298 pose=(-1.76 1.78 -0.22)
[pcd_ndt_localizer-1] [INFO] [1782968701.807712219] [pcd_ndt_localizer]: NDT ok fitness=0.8190 pose=(-1.75 1.78 -0.22)
[pcd_ndt_localizer-1] [INFO] [1782968702.907069545] [pcd_ndt_localizer]: NDT ok fitness=0.7597 pose=(-1.75 1.78 -0.22)
[pcd_ndt_localizer-1] [INFO] [1782968703.910549293] [pcd_ndt_localizer]: NDT ok fitness=0.8592 pose=(-1.75 1.78 -0.21)
[pcd_ndt_localizer-1] [INFO] [1782968705.014362923] [pcd_ndt_localizer]: NDT ok fitness=0.8174 pose=(-1.74 1.79 -0.22)
[pcd_ndt_localizer-1] [INFO] [1782968706.107611829] [pcd_ndt_localizer]: NDT ok fitness=0.7697 pose=(-1.76 1.78 -0.22)
[pcd_ndt_localizer-1] [INFO] [1782968707.112318049] [pcd_ndt_localizer]: NDT ok fitness=0.7807 pose=(-1.75 1.78 -0.22)
[pcd_ndt_localizer-1] [INFO] [1782968708.292389106] [pcd_ndt_localizer]: NDT ok fitness=0.7662 pose=(-1.76 1.78 -0.22)
[pcd_ndt_localizer-1] [INFO] [1782968709.312483149] [pcd_ndt_localizer]: NDT ok fitness=0.8219 pose=(-1.76 1.77 -0.22)
[pcd_ndt_localizer-1] [INFO] [1782968710.412327371] [pcd_ndt_localizer]: NDT ok fitness=0.7719 pose=(-1.76 1.78 -0.22)
[pcd_ndt_localizer-1] [INFO] [1782968711.415513734] [pcd_ndt_localizer]: NDT ok fitness=0.8377 pose=(-1.76 1.77 -0.22)
[pcd_ndt_localizer-1] [INFO] [1782968712.516048410] [pcd_ndt_localizer]: NDT ok fitness=0.7188 pose=(-1.75 1.78 -0.22)
[pcd_ndt_localizer-1] [INFO] [1782968713.596347300] [pcd_ndt_localizer]: NDT ok fitness=0.8149 pose=(-1.75 1.78 -0.22)
[pcd_ndt_localizer-1] [INFO] [1782968714.614262360] [pcd_ndt_localizer]: NDT ok fitness=0.7805 pose=(-1.76 1.77 -0.22)
[pcd_ndt_localizer-1] [INFO] [1782968715.727480740] [pcd_ndt_localizer]: NDT ok fitness=0.8477 pose=(-1.75 1.78 -0.21)
[pcd_ndt_localizer-1] [INFO] [1782968716.811846385] [pcd_ndt_localizer]: NDT ok fitness=0.8123 pose=(-1.74 1.79 -0.22)
[pcd_ndt_localizer-1] [INFO] [1782968717.909464135] [pcd_ndt_localizer]: NDT ok fitness=0.7579 pose=(-1.76 1.78 -0.22)
[pcd_ndt_localizer-1] [INFO] [1782968718.910414106] [pcd_ndt_localizer]: NDT ok fitness=0.8043 pose=(-1.75 1.78 -0.22)
[pcd_ndt_localizer-1] [INFO] [1782968720.011037297] [pcd_ndt_localizer]: NDT ok fitness=0.8062 pose=(-1.75 1.78 -0.22)
[pcd_ndt_localizer-1] [INFO] [1782968721.015666427] [pcd_ndt_localizer]: NDT ok fitness=0.7789 pose=(-1.75 1.78 -0.22)
[pcd_ndt_localizer-1] [INFO] [1782968722.116033418] [pcd_ndt_localizer]: NDT ok fitness=0.8104 pose=(-1.75 1.78 -0.21)
[pcd_ndt_localizer-1] [INFO] [1782968723.214225747] [pcd_ndt_localizer]: NDT ok fitness=0.8282 pose=(-1.76 1.78 -0.22)
[pcd_ndt_localizer-1] [INFO] [1782968724.306428443] [pcd_ndt_localizer]: NDT ok fitness=0.8047 pose=(-1.75 1.78 -0.22)
[pcd_ndt_localizer-1] [INFO] [1782968725.307879806] [pcd_ndt_localizer]: NDT ok fitness=0.8244 pose=(-1.75 1.78 -0.21)
[pcd_ndt_localizer-1] [INFO] [1782968726.309131547] [pcd_ndt_localizer]: NDT ok fitness=0.8673 pose=(-1.76 1.77 -0.22)
[pcd_ndt_localizer-1] [INFO] [1782968727.362810893] [pcd_ndt_localizer]: NDT ok fitness=0.7539 pose=(-1.74 1.78 -0.23)
[pcd_ndt_localizer-1] [INFO] [1782968728.404351897] [pcd_ndt_localizer]: NDT ok fitness=0.8252 pose=(-1.75 1.79 -0.22)
[pcd_ndt_localizer-1] [INFO] [1782968729.501839755] [pcd_ndt_localizer]: NDT ok fitness=0.8021 pose=(-1.76 1.77 -0.21)
[pcd_ndt_localizer-1] [INFO] [1782968730.508484021] [pcd_ndt_localizer]: NDT ok fitness=0.7979 pose=(-1.75 1.78 -0.22)
[pcd_ndt_localizer-1] [INFO] [1782968731.604146829] [pcd_ndt_localizer]: NDT ok fitness=0.8223 pose=(-1.75 1.78 -0.21)
[pcd_ndt_localizer-1] [INFO] [1782968732.610339848] [pcd_ndt_localizer]: NDT ok fitness=0.7446 pose=(-1.76 1.77 -0.22)
[pcd_ndt_localizer-1] [INFO] [1782968733.614537444] [pcd_ndt_localizer]: NDT ok fitness=0.8432 pose=(-1.75 1.78 -0.22)
[pcd_ndt_localizer-1] [INFO] [1782968734.715129690] [pcd_ndt_localizer]: NDT ok fitness=0.8026 pose=(-1.76 1.78 -0.22)
[pcd_ndt_localizer-1] [INFO] [1782968735.805343810] [pcd_ndt_localizer]: NDT ok fitness=0.8665 pose=(-1.75 1.78 -0.22)
[pcd_ndt_localizer-1] [INFO] [1782968736.805431130] [pcd_ndt_localizer]: NDT ok fitness=0.8187 pose=(-1.75 1.78 -0.21)
[pcd_ndt_localizer-1] [INFO] [1782968737.806116580] [pcd_ndt_localizer]: NDT ok fitness=0.7559 pose=(-1.76 1.77 -0.22)
[pcd_ndt_localizer-1] [INFO] [1782968738.813973525] [pcd_ndt_localizer]: NDT ok fitness=0.8579 pose=(-1.75 1.79 -0.22)
[pcd_ndt_localizer-1] [INFO] [1782968739.814539131] [pcd_ndt_localizer]: NDT ok fitness=0.7987 pose=(-1.74 1.79 -0.22)
[pcd_ndt_localizer-1] [INFO] [1782968740.815616466] [pcd_ndt_localizer]: NDT ok fitness=0.7701 pose=(-1.74 1.79 -0.22)
[pcd_ndt_localizer-1] [INFO] [1782968741.817441409] [pcd_ndt_localizer]: NDT ok fitness=0.7862 pose=(-1.75 1.78 -0.22)
[pcd_ndt_localizer-1] [INFO] [1782968742.909385634] [pcd_ndt_localizer]: NDT ok fitness=0.7422 pose=(-1.74 1.79 -0.23)
[pcd_ndt_localizer-1] [INFO] [1782968743.919245523] [pcd_ndt_localizer]: NDT ok fitness=0.7813 pose=(-1.75 1.78 -0.22)
[pcd_ndt_localizer-1] [INFO] [1782968745.085452679] [pcd_ndt_localizer]: NDT ok fitness=0.8294 pose=(-1.75 1.78 -0.22)
[pcd_ndt_localizer-1] [INFO] [1782968746.113209943] [pcd_ndt_localizer]: NDT ok fitness=0.8322 pose=(-1.75 1.78 -0.22)
[pcd_ndt_localizer-1] [INFO] [1782968747.114381137] [pcd_ndt_localizer]: NDT ok fitness=0.8423 pose=(-1.75 1.79 -0.22)
[pcd_ndt_localizer-1] [INFO] [1782968748.206774688] [pcd_ndt_localizer]: NDT ok fitness=0.8282 pose=(-1.77 1.77 -0.21)
[pcd_ndt_localizer-1] [INFO] [1782968749.291416341] [pcd_ndt_localizer]: NDT ok fitness=0.8271 pose=(-1.75 1.78 -0.22)
[pcd_ndt_localizer-1] [INFO] [1782968750.295619697] [pcd_ndt_localizer]: NDT ok fitness=0.8424 pose=(-1.76 1.77 -0.22)
[pcd_ndt_localizer-1] [INFO] [1782968751.391875676] [pcd_ndt_localizer]: NDT ok fitness=0.8635 pose=(-1.75 1.78 -0.22)
[pcd_ndt_localizer-1] [INFO] [1782968752.490408752] [pcd_ndt_localizer]: NDT ok fitness=0.8585 pose=(-1.75 1.78 -0.21)
[pcd_ndt_localizer-1] [INFO] [1782968753.502142109] [pcd_ndt_localizer]: NDT ok fitness=0.8656 pose=(-1.75 1.78 -0.22)
[pcd_ndt_localizer-1] [INFO] [1782968754.584000825] [pcd_ndt_localizer]: NDT ok fitness=0.8179 pose=(-1.75 1.78 -0.21)
[pcd_ndt_localizer-1] [INFO] [1782968755.588106994] [pcd_ndt_localizer]: NDT ok fitness=0.8334 pose=(-1.75 1.78 -0.22)
[pcd_ndt_localizer-1] [INFO] [1782968756.589165448] [pcd_ndt_localizer]: NDT ok fitness=0.8180 pose=(-1.75 1.78 -0.21)
[pcd_ndt_localizer-1] [INFO] [1782968757.591034456] [pcd_ndt_localizer]: NDT ok fitness=0.7403 pose=(-1.75 1.78 -0.22)
[pcd_ndt_localizer-1] [INFO] [1782968758.592621376] [pcd_ndt_localizer]: NDT ok fitness=0.8323 pose=(-1.76 1.77 -0.22)
[pcd_ndt_localizer-1] [INFO] [1782968759.693988591] [pcd_ndt_localizer]: NDT ok fitness=0.7665 pose=(-1.76 1.78 -0.22)
[pcd_ndt_localizer-1] [INFO] [1782968760.695882752] [pcd_ndt_localizer]: NDT ok fitness=0.8462 pose=(-1.75 1.78 -0.22)
[pcd_ndt_localizer-1] [INFO] [1782968761.700751953] [pcd_ndt_localizer]: NDT ok fitness=0.8733 pose=(-1.76 1.77 -0.22)
[pcd_ndt_localizer-1] [INFO] [1782968762.787387591] [pcd_ndt_localizer]: NDT ok fitness=0.7456 pose=(-1.75 1.77 -0.22)
[pcd_ndt_localizer-1] [INFO] [1782968763.886099456] [pcd_ndt_localizer]: NDT ok fitness=0.8261 pose=(-1.76 1.78 -0.21)
[pcd_ndt_localizer-1] [INFO] [1782968764.901926930] [pcd_ndt_localizer]: NDT ok fitness=0.8573 pose=(-1.75 1.79 -0.21)
[pcd_ndt_localizer-1] [INFO] [1782968765.922524540] [pcd_ndt_localizer]: NDT ok fitness=0.7594 pose=(-1.75 1.78 -0.22)
[pcd_ndt_localizer-1] [INFO] [1782968766.997325749] [pcd_ndt_localizer]: NDT ok fitness=0.8430 pose=(-1.76 1.77 -0.21)
[pcd_ndt_localizer-1] [INFO] [1782968768.008992353] [pcd_ndt_localizer]: NDT ok fitness=0.8016 pose=(-1.75 1.78 -0.22)
[pcd_ndt_localizer-1] [INFO] [1782968769.102116263] [pcd_ndt_localizer]: NDT ok fitness=0.8066 pose=(-1.75 1.78 -0.22)
[pcd_ndt_localizer-1] [INFO] [1782968770.102851987] [pcd_ndt_localizer]: NDT ok fitness=0.7723 pose=(-1.76 1.78 -0.22)
[pcd_ndt_localizer-1] [INFO] [1782968771.107408249] [pcd_ndt_localizer]: NDT ok fitness=0.8608 pose=(-1.76 1.77 -0.21)
[pcd_ndt_localizer-1] [INFO] [1782968772.116670264] [pcd_ndt_localizer]: NDT ok fitness=0.8366 pose=(-1.75 1.78 -0.22)
[pcd_ndt_localizer-1] [INFO] [1782968773.212252941] [pcd_ndt_localizer]: NDT ok fitness=0.8384 pose=(-1.75 1.78 -0.22)
[pcd_ndt_localizer-1] [INFO] [1782968774.309838914] [pcd_ndt_localizer]: NDT ok fitness=0.8428 pose=(-1.75 1.78 -0.21)
[pcd_ndt_localizer-1] [INFO] [1782968775.384683773] [pcd_ndt_localizer]: NDT ok fitness=0.8249 pose=(-1.74 1.79 -0.23)
[pcd_ndt_localizer-1] [INFO] [1782968776.395551567] [pcd_ndt_localizer]: NDT ok fitness=0.8265 pose=(-1.74 1.78 -0.22)
[pcd_ndt_localizer-1] [INFO] [1782968777.400907919] [pcd_ndt_localizer]: NDT ok fitness=0.8703 pose=(-1.77 1.77 -0.21)
[pcd_ndt_localizer-1] [INFO] [1782968778.500052183] [pcd_ndt_localizer]: NDT ok fitness=0.8221 pose=(-1.75 1.78 -0.22)
[pcd_ndt_localizer-1] [INFO] [1782968779.501976873] [pcd_ndt_localizer]: NDT ok fitness=0.8426 pose=(-1.75 1.78 -0.22)
[pcd_ndt_localizer-1] [INFO] [1782968780.598870760] [pcd_ndt_localizer]: NDT ok fitness=0.8281 pose=(-1.74 1.79 -0.22)
[pcd_ndt_localizer-1] [INFO] [1782968781.700949582] [pcd_ndt_localizer]: NDT ok fitness=0.7952 pose=(-1.75 1.78 -0.22)
[pcd_ndt_localizer-1] [INFO] [1782968782.796951601] [pcd_ndt_localizer]: NDT ok fitness=0.7897 pose=(-1.76 1.77 -0.22)
[pcd_ndt_localizer-1] [INFO] [1782968783.802903781] [pcd_ndt_localizer]: NDT ok fitness=0.7967 pose=(-1.76 1.77 -0.21)
[pcd_ndt_localizer-1] [INFO] [1782968784.808105856] [pcd_ndt_localizer]: NDT ok fitness=0.8108 pose=(-1.72 1.80 -0.22)
[pcd_ndt_localizer-1] [INFO] [1782968785.906259528] [pcd_ndt_localizer]: NDT ok fitness=0.8046 pose=(-1.75 1.78 -0.21)
[pcd_ndt_localizer-1] [INFO] [1782968786.910780526] [pcd_ndt_localizer]: NDT ok fitness=0.7887 pose=(-1.75 1.78 -0.21)
[pcd_ndt_localizer-1] [INFO] [1782968787.998898099] [pcd_ndt_localizer]: NDT ok fitness=0.7495 pose=(-1.75 1.78 -0.22)
[pcd_ndt_localizer-1] [INFO] [1782968789.100551851] [pcd_ndt_localizer]: NDT ok fitness=0.8475 pose=(-1.75 1.78 -0.22)
[pcd_ndt_localizer-1] [INFO] [1782968790.185869591] [pcd_ndt_localizer]: NDT ok fitness=0.8154 pose=(-1.75 1.78 -0.22)
[pcd_ndt_localizer-1] [INFO] [1782968791.198900718] [pcd_ndt_localizer]: NDT ok fitness=0.7970 pose=(-1.75 1.78 -0.22)
[pcd_ndt_localizer-1] [INFO] [1782968792.379470575] [pcd_ndt_localizer]: NDT ok fitness=0.7899 pose=(-1.75 1.78 -0.22)
[pcd_ndt_localizer-1] [INFO] [1782968793.393492454] [pcd_ndt_localizer]: NDT ok fitness=0.8701 pose=(-1.74 1.79 -0.23)
[pcd_ndt_localizer-1] [INFO] [1782968794.399791877] [pcd_ndt_localizer]: NDT ok fitness=0.8101 pose=(-1.75 1.79 -0.21)
[pcd_ndt_localizer-1] [INFO] [1782968795.490259254] [pcd_ndt_localizer]: NDT ok fitness=0.8400 pose=(-1.75 1.78 -0.21)
[pcd_ndt_localizer-1] [INFO] [1782968796.499851871] [pcd_ndt_localizer]: NDT ok fitness=0.8232 pose=(-1.75 1.78 -0.21)
[pcd_ndt_localizer-1] [INFO] [1782968797.596568056] [pcd_ndt_localizer]: NDT ok fitness=0.8968 pose=(-1.75 1.78 -0.22)
[pcd_ndt_localizer-1] [INFO] [1782968798.697585980] [pcd_ndt_localizer]: NDT ok fitness=0.8079 pose=(-1.76 1.77 -0.22)
[pcd_ndt_localizer-1] [INFO] [1782968799.698072384] [pcd_ndt_localizer]: NDT ok fitness=0.8665 pose=(-1.74 1.79 -0.22)
[pcd_ndt_localizer-1] [INFO] [1782968800.801996930] [pcd_ndt_localizer]: NDT ok fitness=0.7836 pose=(-1.76 1.77 -0.21)
[pcd_ndt_localizer-1] [INFO] [1782968801.807902100] [pcd_ndt_localizer]: NDT ok fitness=0.8121 pose=(-1.76 1.77 -0.22)
[pcd_ndt_localizer-1] [INFO] [1782968802.896702063] [pcd_ndt_localizer]: NDT ok fitness=0.7188 pose=(-1.75 1.78 -0.22)
[pcd_ndt_localizer-1] [INFO] [1782968803.910773256] [pcd_ndt_localizer]: NDT ok fitness=0.7992 pose=(-1.76 1.77 -0.22)
[pcd_ndt_localizer-1] [INFO] [1782968804.912008868] [pcd_ndt_localizer]: NDT ok fitness=0.8230 pose=(-1.76 1.77 -0.22)
[pcd_ndt_localizer-1] [INFO] [1782968805.989390896] [pcd_ndt_localizer]: NDT ok fitness=0.7874 pose=(-1.75 1.78 -0.22)
[pcd_ndt_localizer-1] [INFO] [1782968807.091394771] [pcd_ndt_localizer]: NDT ok fitness=0.8938 pose=(-1.75 1.78 -0.22)
[pcd_ndt_localizer-1] [INFO] [1782968808.098661969] [pcd_ndt_localizer]: NDT ok fitness=0.7553 pose=(-1.74 1.78 -0.22)
[pcd_ndt_localizer-1] [INFO] [1782968809.104666151] [pcd_ndt_localizer]: NDT ok fitness=0.7860 pose=(-1.75 1.78 -0.22)
[pcd_ndt_localizer-1] [INFO] [1782968810.111557657] [pcd_ndt_localizer]: NDT ok fitness=0.8281 pose=(-1.75 1.78 -0.21)
[pcd_ndt_localizer-1] [INFO] [1782968811.211005482] [pcd_ndt_localizer]: NDT ok fitness=0.7796 pose=(-1.75 1.79 -0.21)
[pcd_ndt_localizer-1] [INFO] [1782968812.298223378] [pcd_ndt_localizer]: NDT ok fitness=0.7571 pose=(-1.75 1.78 -0.22)
[pcd_ndt_localizer-1] [INFO] [1782968813.309122021] [pcd_ndt_localizer]: NDT ok fitness=0.7855 pose=(-1.75 1.78 -0.21)
[pcd_ndt_localizer-1] [INFO] [1782968814.403738843] [pcd_ndt_localizer]: NDT ok fitness=0.8104 pose=(-1.76 1.77 -0.22)
[pcd_ndt_localizer-1] [INFO] [1782968815.508607483] [pcd_ndt_localizer]: NDT ok fitness=0.7764 pose=(-1.75 1.78 -0.22)
[pcd_ndt_localizer-1] [INFO] [1782968816.593672926] [pcd_ndt_localizer]: NDT ok fitness=0.8350 pose=(-1.76 1.77 -0.21)
[pcd_ndt_localizer-1] [INFO] [1782968817.627460080] [pcd_ndt_localizer]: NDT ok fitness=0.7542 pose=(-1.76 1.77 -0.22)
[pcd_ndt_localizer-1] [INFO] [1782968818.710944865] [pcd_ndt_localizer]: NDT ok fitness=0.8235 pose=(-1.75 1.78 -0.22)
[pcd_ndt_localizer-1] [INFO] [1782968819.801744060] [pcd_ndt_localizer]: NDT ok fitness=0.7874 pose=(-1.75 1.78 -0.22)
[pcd_ndt_localizer-1] [INFO] [1782968820.809281059] [pcd_ndt_localizer]: NDT ok fitness=0.8022 pose=(-1.75 1.78 -0.22)
[pcd_ndt_localizer-1] [INFO] [1782968821.907666674] [pcd_ndt_localizer]: NDT ok fitness=0.8232 pose=(-1.74 1.79 -0.22)
[pcd_ndt_localizer-1] [INFO] [1782968823.003095074] [pcd_ndt_localizer]: NDT ok fitness=0.7719 pose=(-1.74 1.79 -0.21)
[pcd_ndt_localizer-1] [INFO] [1782968824.008303614] [pcd_ndt_localizer]: NDT ok fitness=0.8444 pose=(-1.75 1.78 -0.22)
[pcd_ndt_localizer-1] [INFO] [1782968825.102856018] [pcd_ndt_localizer]: NDT ok fitness=0.7899 pose=(-1.74 1.79 -0.22)
[pcd_ndt_localizer-1] [INFO] [1782968826.204580717] [pcd_ndt_localizer]: NDT ok fitness=0.8471 pose=(-1.76 1.77 -0.22)
[pcd_ndt_localizer-1] [INFO] [1782968827.295531469] [pcd_ndt_localizer]: NDT ok fitness=0.7856 pose=(-1.76 1.77 -0.22)
[pcd_ndt_localizer-1] [INFO] [1782968828.303414623] [pcd_ndt_localizer]: NDT ok fitness=0.8058 pose=(-1.76 1.77 -0.22)
[pcd_ndt_localizer-1] [INFO] [1782968829.405244797] [pcd_ndt_localizer]: NDT ok fitness=0.8178 pose=(-1.76 1.77 -0.21)
[pcd_ndt_localizer-1] [INFO] [1782968830.505409477] [pcd_ndt_localizer]: NDT ok fitness=0.8030 pose=(-1.75 1.78 -0.22)
[pcd_ndt_localizer-1] [INFO] [1782968831.506590016] [pcd_ndt_localizer]: NDT ok fitness=0.8293 pose=(-1.76 1.77 -0.22)
[pcd_ndt_localizer-1] [INFO] [1782968832.602242295] [pcd_ndt_localizer]: NDT ok fitness=0.7731 pose=(-1.74 1.79 -0.21)
[pcd_ndt_localizer-1] [INFO] [1782968833.610413554] [pcd_ndt_localizer]: NDT ok fitness=0.8344 pose=(-1.75 1.78 -0.22)
[pcd_ndt_localizer-1] [INFO] [1782968834.692827520] [pcd_ndt_localizer]: NDT ok fitness=0.8303 pose=(-1.75 1.78 -0.22)
[pcd_ndt_localizer-1] [INFO] [1782968835.706927257] [pcd_ndt_localizer]: NDT ok fitness=0.8740 pose=(-1.75 1.78 -0.22)
[pcd_ndt_localizer-1] [INFO] [1782968836.805849466] [pcd_ndt_localizer]: NDT ok fitness=0.7962 pose=(-1.75 1.78 -0.23)
[pcd_ndt_localizer-1] [INFO] [1782968837.906472785] [pcd_ndt_localizer]: NDT ok fitness=0.7272 pose=(-1.75 1.78 -0.22)
[pcd_ndt_localizer-1] [INFO] [1782968838.996895520] [pcd_ndt_localizer]: NDT ok fitness=0.8240 pose=(-1.75 1.78 -0.22)
[pcd_ndt_localizer-1] [INFO] [1782968840.003651534] [pcd_ndt_localizer]: NDT ok fitness=0.7728 pose=(-1.74 1.79 -0.22)
[pcd_ndt_localizer-1] [INFO] [1782968841.005557728] [pcd_ndt_localizer]: NDT ok fitness=0.7679 pose=(-1.75 1.78 -0.22)
[pcd_ndt_localizer-1] [INFO] [1782968842.006293964] [pcd_ndt_localizer]: NDT ok fitness=0.8151 pose=(-1.73 1.79 -0.22)
[pcd_ndt_localizer-1] [INFO] [1782968843.007080217] [pcd_ndt_localizer]: NDT ok fitness=0.7622 pose=(-1.75 1.77 -0.22)
[pcd_ndt_localizer-1] [INFO] [1782968844.111010395] [pcd_ndt_localizer]: NDT ok fitness=0.8106 pose=(-1.74 1.78 -0.22)
[pcd_ndt_localizer-1] [INFO] [1782968845.207470269] [pcd_ndt_localizer]: NDT ok fitness=0.7917 pose=(-1.75 1.78 -0.22)
[pcd_ndt_localizer-1] [INFO] [1782968846.208485916] [pcd_ndt_localizer]: NDT ok fitness=0.7968 pose=(-1.75 1.78 -0.22)
[pcd_ndt_localizer-1] [INFO] [1782968847.332819582] [pcd_ndt_localizer]: NDT ok fitness=0.7372 pose=(-1.75 1.78 -0.22)
[pcd_ndt_localizer-1] [INFO] [1782968848.402345396] [pcd_ndt_localizer]: NDT ok fitness=0.7823 pose=(-1.75 1.78 -0.22)
[pcd_ndt_localizer-1] [INFO] [1782968849.505610580] [pcd_ndt_localizer]: NDT ok fitness=0.7732 pose=(-1.75 1.78 -0.22)
[pcd_ndt_localizer-1] [INFO] [1782968850.516656387] [pcd_ndt_localizer]: NDT ok fitness=0.8038 pose=(-1.76 1.77 -0.22)
[pcd_ndt_localizer-1] [INFO] [1782968851.613291301] [pcd_ndt_localizer]: NDT ok fitness=0.7604 pose=(-1.77 1.77 -0.21)
[pcd_ndt_localizer-1] [INFO] [1782968852.614338533] [pcd_ndt_localizer]: NDT ok fitness=0.8249 pose=(-1.75 1.78 -0.22)
[pcd_ndt_localizer-1] [INFO] [1782968853.617061405] [pcd_ndt_localizer]: NDT ok fitness=0.8508 pose=(-1.76 1.78 -0.21)
[pcd_ndt_localizer-1] [INFO] [1782968854.617924343] [pcd_ndt_localizer]: NDT ok fitness=0.8421 pose=(-1.76 1.77 -0.22)
[pcd_ndt_localizer-1] [INFO] [1782968855.713973765] [pcd_ndt_localizer]: NDT ok fitness=0.8557 pose=(-1.76 1.77 -0.22)
[pcd_ndt_localizer-1] [INFO] [1782968856.813684270] [pcd_ndt_localizer]: NDT ok fitness=0.8389 pose=(-1.76 1.77 -0.22)
[pcd_ndt_localizer-1] [INFO] [1782968857.914390521] [pcd_ndt_localizer]: NDT ok fitness=0.8469 pose=(-1.75 1.78 -0.21)
[pcd_ndt_localizer-1] [INFO] [1782968858.915535260] [pcd_ndt_localizer]: NDT ok fitness=0.8213 pose=(-1.76 1.78 -0.22)
[pcd_ndt_localizer-1] [INFO] [1782968860.005140563] [pcd_ndt_localizer]: NDT ok fitness=0.8007 pose=(-1.76 1.78 -0.22)
[pcd_ndt_localizer-1] [INFO] [1782968861.025519322] [pcd_ndt_localizer]: NDT ok fitness=0.8368 pose=(-1.75 1.78 -0.22)
[pcd_ndt_localizer-1] [INFO] [1782968862.108712154] [pcd_ndt_localizer]: NDT ok fitness=0.8214 pose=(-1.75 1.78 -0.22)
[pcd_ndt_localizer-1] [INFO] [1782968863.114516921] [pcd_ndt_localizer]: NDT ok fitness=0.8209 pose=(-1.75 1.78 -0.22)
[pcd_ndt_localizer-1] [INFO] [1782968864.211137979] [pcd_ndt_localizer]: NDT ok fitness=0.7905 pose=(-1.75 1.78 -0.22)
[pcd_ndt_localizer-1] [INFO] [1782968865.212809840] [pcd_ndt_localizer]: NDT ok fitness=0.8258 pose=(-1.75 1.78 -0.22)
[pcd_ndt_localizer-1] [INFO] [1782968866.315035725] [pcd_ndt_localizer]: NDT ok fitness=0.7834 pose=(-1.74 1.79 -0.22)
[pcd_ndt_localizer-1] [INFO] [1782968867.409103161] [pcd_ndt_localizer]: NDT ok fitness=0.7479 pose=(-1.74 1.78 -0.22)
[pcd_ndt_localizer-1] [INFO] [1782968868.414561389] [pcd_ndt_localizer]: NDT ok fitness=0.8002 pose=(-1.75 1.77 -0.22)
[pcd_ndt_localizer-1] [INFO] [1782968869.506949889] [pcd_ndt_localizer]: NDT ok fitness=0.8129 pose=(-1.75 1.78 -0.21)
[pcd_ndt_localizer-1] [INFO] [1782968870.590198850] [pcd_ndt_localizer]: NDT ok fitness=0.7927 pose=(-1.76 1.78 -0.22)
[pcd_ndt_localizer-1] [INFO] [1782968871.613494508] [pcd_ndt_localizer]: NDT ok fitness=0.8276 pose=(-1.75 1.78 -0.22)
[pcd_ndt_localizer-1] [INFO] [1782968872.617530160] [pcd_ndt_localizer]: NDT ok fitness=0.7470 pose=(-1.76 1.78 -0.22)
[pcd_ndt_localizer-1] [INFO] [1782968873.714633345] [pcd_ndt_localizer]: NDT ok fitness=0.7752 pose=(-1.77 1.76 -0.22)
[pcd_ndt_localizer-1] [INFO] [1782968874.715024203] [pcd_ndt_localizer]: NDT ok fitness=0.7556 pose=(-1.75 1.77 -0.22)
[pcd_ndt_localizer-1] [INFO] [1782968875.810006614] [pcd_ndt_localizer]: NDT ok fitness=0.8716 pose=(-1.75 1.78 -0.22)
[pcd_ndt_localizer-1] [INFO] [1782968876.811140761] [pcd_ndt_localizer]: NDT ok fitness=0.8602 pose=(-1.74 1.79 -0.23)
[pcd_ndt_localizer-1] [INFO] [1782968877.811830253] [pcd_ndt_localizer]: NDT ok fitness=0.7555 pose=(-1.74 1.78 -0.22)
[pcd_ndt_localizer-1] [INFO] [1782968878.812071506] [pcd_ndt_localizer]: NDT ok fitness=0.8200 pose=(-1.76 1.77 -0.22)
[pcd_ndt_localizer-1] [INFO] [1782968879.900473376] [pcd_ndt_localizer]: NDT ok fitness=0.7912 pose=(-1.74 1.79 -0.22)
[pcd_ndt_localizer-1] [INFO] [1782968880.912398316] [pcd_ndt_localizer]: NDT ok fitness=0.7690 pose=(-1.76 1.77 -0.21)
[pcd_ndt_localizer-1] [INFO] [1782968882.012183352] [pcd_ndt_localizer]: NDT ok fitness=0.7921 pose=(-1.75 1.78 -0.22)
[pcd_ndt_localizer-1] [INFO] [1782968883.190664560] [pcd_ndt_localizer]: NDT ok fitness=0.8392 pose=(-1.75 1.78 -0.22)
[pcd_ndt_localizer-1] [INFO] [1782968884.210880722] [pcd_ndt_localizer]: NDT ok fitness=0.7882 pose=(-1.75 1.78 -0.22)
[pcd_ndt_localizer-1] [INFO] [1782968885.211282460] [pcd_ndt_localizer]: NDT ok fitness=0.8031 pose=(-1.76 1.77 -0.22)
[pcd_ndt_localizer-1] [INFO] [1782968886.309500563] [pcd_ndt_localizer]: NDT ok fitness=0.7924 pose=(-1.76 1.78 -0.21)
[pcd_ndt_localizer-1] [INFO] [1782968887.411179999] [pcd_ndt_localizer]: NDT ok fitness=0.7891 pose=(-1.75 1.78 -0.22)
[pcd_ndt_localizer-1] [INFO] [1782968888.413222176] [pcd_ndt_localizer]: NDT ok fitness=0.8060 pose=(-1.76 1.77 -0.22)
[pcd_ndt_localizer-1] [INFO] [1782968889.589139330] [pcd_ndt_localizer]: NDT ok fitness=0.8184 pose=(-1.75 1.78 -0.22)
[pcd_ndt_localizer-1] [INFO] [1782968890.614636469] [pcd_ndt_localizer]: NDT ok fitness=0.7793 pose=(-1.75 1.78 -0.22)
[pcd_ndt_localizer-1] [INFO] [1782968891.703965282] [pcd_ndt_localizer]: NDT ok fitness=0.8004 pose=(-1.75 1.78 -0.22)
[pcd_ndt_localizer-1] [INFO] [1782968892.710418263] [pcd_ndt_localizer]: NDT ok fitness=0.7872 pose=(-1.74 1.79 -0.22)
[pcd_ndt_localizer-1] [INFO] [1782968893.806138811] [pcd_ndt_localizer]: NDT ok fitness=0.7782 pose=(-1.76 1.77 -0.21)
[pcd_ndt_localizer-1] [INFO] [1782968894.911873102] [pcd_ndt_localizer]: NDT ok fitness=0.7961 pose=(-1.75 1.78 -0.22)
[pcd_ndt_localizer-1] [INFO] [1782968895.916159674] [pcd_ndt_localizer]: NDT ok fitness=0.8411 pose=(-1.74 1.79 -0.22)
[pcd_ndt_localizer-1] [INFO] [1782968897.015930661] [pcd_ndt_localizer]: NDT ok fitness=0.7958 pose=(-1.76 1.77 -0.22)
[pcd_ndt_localizer-1] [INFO] [1782968898.105199313] [pcd_ndt_localizer]: NDT ok fitness=0.8129 pose=(-1.76 1.78 -0.22)
[pcd_ndt_localizer-1] [INFO] [1782968899.194279382] [pcd_ndt_localizer]: NDT ok fitness=0.7993 pose=(-1.74 1.79 -0.22)
[pcd_ndt_localizer-1] [INFO] [1782968900.203135675] [pcd_ndt_localizer]: NDT ok fitness=0.8162 pose=(-1.76 1.78 -0.21)
[pcd_ndt_localizer-1] [INFO] [1782968901.210555280] [pcd_ndt_localizer]: NDT ok fitness=0.8564 pose=(-1.75 1.78 -0.22)
[pcd_ndt_localizer-1] [INFO] [1782968902.301727164] [pcd_ndt_localizer]: NDT ok fitness=0.8352 pose=(-1.75 1.78 -0.21)
[pcd_ndt_localizer-1] [INFO] [1782968903.409538100] [pcd_ndt_localizer]: NDT ok fitness=0.8332 pose=(-1.76 1.77 -0.21)
[pcd_ndt_localizer-1] [INFO] [1782968904.504848938] [pcd_ndt_localizer]: NDT ok fitness=0.7828 pose=(-1.73 1.79 -0.22)
[pcd_ndt_localizer-1] [INFO] [1782968905.514461097] [pcd_ndt_localizer]: NDT ok fitness=0.8147 pose=(-1.74 1.79 -0.22)
[pcd_ndt_localizer-1] [INFO] [1782968906.610974471] [pcd_ndt_localizer]: NDT ok fitness=0.7792 pose=(-1.75 1.78 -0.22)
[pcd_ndt_localizer-1] [INFO] [1782968907.611678523] [pcd_ndt_localizer]: NDT ok fitness=0.7374 pose=(-1.74 1.79 -0.22)
[pcd_ndt_localizer-1] [INFO] [1782968908.612831231] [pcd_ndt_localizer]: NDT ok fitness=0.7814 pose=(-1.76 1.77 -0.22)
[pcd_ndt_localizer-1] [INFO] [1782968909.703133805] [pcd_ndt_localizer]: NDT ok fitness=0.7859 pose=(-1.75 1.79 -0.22)
[pcd_ndt_localizer-1] [INFO] [1782968910.709962478] [pcd_ndt_localizer]: NDT ok fitness=0.7682 pose=(-1.75 1.78 -0.22)
[pcd_ndt_localizer-1] [INFO] [1782968911.715544902] [pcd_ndt_localizer]: NDT ok fitness=0.7949 pose=(-1.75 1.78 -0.22)
[pcd_ndt_localizer-1] [INFO] [1782968912.813626456] [pcd_ndt_localizer]: NDT ok fitness=0.7511 pose=(-1.74 1.79 -0.21)
[pcd_ndt_localizer-1] [INFO] [1782968913.816101992] [pcd_ndt_localizer]: NDT ok fitness=0.8257 pose=(-1.75 1.78 -0.22)
[pcd_ndt_localizer-1] [INFO] [1782968914.913248091] [pcd_ndt_localizer]: NDT ok fitness=0.7770 pose=(-1.75 1.78 -0.22)
[pcd_ndt_localizer-1] [INFO] [1782968915.914567940] [pcd_ndt_localizer]: NDT ok fitness=0.7775 pose=(-1.76 1.77 -0.21)
[pcd_ndt_localizer-1] [INFO] [1782968917.007364230] [pcd_ndt_localizer]: NDT ok fitness=0.8390 pose=(-1.73 1.80 -0.22)
[pcd_ndt_localizer-1] [INFO] [1782968918.014261098] [pcd_ndt_localizer]: NDT ok fitness=0.7580 pose=(-1.75 1.78 -0.22)
[pcd_ndt_localizer-1] [INFO] [1782968919.112760618] [pcd_ndt_localizer]: NDT ok fitness=0.8152 pose=(-1.75 1.78 -0.22)
[pcd_ndt_localizer-1] [INFO] [1782968920.173711201] [pcd_ndt_localizer]: NDT ok fitness=0.8240 pose=(-1.75 1.78 -0.22)
