[0.000000] (-) TimerEvent: {}
[0.000382] (-) JobUnselected: {'identifier': 'livox_ros_driver2'}
[0.000913] (-) JobUnselected: {'identifier': 'pcd_ndt_localization'}
[0.001198] (-) JobUnselected: {'identifier': 'ranger_base'}
[0.001453] (-) JobUnselected: {'identifier': 'ranger_bringup'}
[0.001565] (-) JobUnselected: {'identifier': 'ranger_msgs'}
[0.001657] (-) JobUnselected: {'identifier': 'ugv_sdk'}
[0.001741] (-) JobUnselected: {'identifier': 'vikit_common'}
[0.001823] (-) JobUnselected: {'identifier': 'vikit_ros'}
[0.001916] (fast_lio) JobQueued: {'identifier': 'fast_lio', 'dependencies': OrderedDict([('livox_ros_driver2', '/home/seeed/ros2/ws/install/livox_ros_driver2')])}
[0.002050] (fast_lio) JobStarted: {'identifier': 'fast_lio'}
[0.027528] (fast_lio) JobProgress: {'identifier': 'fast_lio', 'progress': 'cmake'}
[0.031510] (fast_lio) Command: {'cmd': ['/usr/local/bin/cmake', '/home/seeed/ros2/ws/src/slam/fast_lio', '-DAMENT_CMAKE_SYMLINK_INSTALL=1', '-DCMAKE_INSTALL_PREFIX=/home/seeed/ros2/ws/install/fast_lio'], 'cwd': '/home/seeed/ros2/ws/build/fast_lio', 'env': OrderedDict([('LANGUAGE', 'zh_CN:en'), ('USER', 'seeed'), ('SSH_CLIENT', '10.200.24.83 51815 22'), ('LC_TIME', 'zh_CN.UTF-8'), ('ROS_PACKAGE_PATH', '/home/seeed/ros2/ws/install/vikit_common/share:/home/seeed/ros2/ws/install/ugv_sdk/share'), ('XDG_SESSION_TYPE', 'tty'), ('SHLVL', '0'), ('LD_LIBRARY_PATH', '/home/seeed/ros2/ws/install/livox_ros_driver2/lib:/home/seeed/ros2/ws/install/vikit_ros/lib:/home/seeed/ros2/ws/install/vikit_common/lib:/home/seeed/ros2/ws/install/ranger_msgs/lib:/home/seeed/ros2/ws/install/fast_lio/lib:/opt/ros/humble/opt/rviz_ogre_vendor/lib:/opt/ros/humble/lib/aarch64-linux-gnu:/opt/ros/humble/lib'), ('MOTD_SHOWN', 'pam'), ('HOME', '/home/seeed'), ('OLDPWD', '/home/seeed'), ('ROS_PYTHON_VERSION', '3'), ('LC_MONETARY', 'zh_CN.UTF-8'), ('ROS_IP', '10.200.54.207'), ('LC_CTYPE', 'C.UTF-8'), ('DBUS_SESSION_BUS_ADDRESS', 'unix:path=/run/user/1000/bus'), ('COLCON_PREFIX_PATH', '/home/seeed/ros2/ws/install'), ('ROS_DISTRO', 'humble'), ('LOGNAME', 'seeed'), ('ROS_VERSION', '2'), ('PKG_CONFIG_PATH', '/home/seeed/ros2/ws/install/vikit_common/lib/aarch64-linux-gnu/pkgconfig:/home/seeed/ros2/ws/install/vikit_common/lib/pkgconfig:/home/seeed/ros2/ws/install/ugv_sdk/lib/aarch64-linux-gnu/pkgconfig:/home/seeed/ros2/ws/install/ugv_sdk/lib/pkgconfig'), ('XDG_SESSION_CLASS', 'user'), ('XDG_SESSION_ID', '25'), ('ROS_LOCALHOST_ONLY', '0'), ('PATH', '/opt/ros/humble/bin:/usr/local/sbin:/usr/local/bin:/usr/sbin:/usr/bin:/sbin:/bin:/usr/games:/usr/local/games:/snap/bin'), ('FASTRTPS_DEFAULT_PROFILES_FILE', '/home/seeed/ros2/fastrtps_profile.xml'), ('PAPERSIZE', 'a4'), ('LC_ADDRESS', 'zh_CN.UTF-8'), ('XDG_RUNTIME_DIR', '/run/user/1000'), ('DISPLAY', 'localhost:16.0'), ('LANG', 'zh_CN.UTF-8'), ('LC_TELEPHONE', 'zh_CN.UTF-8'), ('RMW_IMPLEMENTATION', 'rmw_fastrtps_cpp'), ('ROS_DOMAIN_ID', '0'), ('AMENT_PREFIX_PATH', '/home/seeed/ros2/ws/install/vikit_ros:/home/seeed/ros2/ws/install/ranger_base:/home/seeed/ros2/ws/install/ranger_msgs:/home/seeed/ros2/ws/install/ranger_bringup:/home/seeed/ros2/ws/install/pcd_ndt_localization:/home/seeed/ros2/ws/install/fast_lio:/home/seeed/ros2/ws/install/livox_ros_driver2:/opt/ros/humble'), ('SHELL', '/bin/bash'), ('LC_NAME', 'zh_CN.UTF-8'), ('LC_MEASUREMENT', 'zh_CN.UTF-8'), ('LC_IDENTIFICATION', 'zh_CN.UTF-8'), ('PWD', '/home/seeed/ros2/ws/build/fast_lio'), ('LC_ALL', 'en_US.UTF-8'), ('SSH_CONNECTION', '10.200.24.83 51815 10.200.54.207 22'), ('PYTHONPATH', '/home/seeed/ros2/ws/install/ranger_msgs/local/lib/python3.10/dist-packages:/home/seeed/ros2/ws/install/fast_lio/local/lib/python3.10/dist-packages:/home/seeed/ros2/ws/install/livox_ros_driver2/local/lib/python3.10/dist-packages:/opt/ros/humble/lib/python3.10/site-packages:/opt/ros/humble/local/lib/python3.10/dist-packages'), ('LC_NUMERIC', 'zh_CN.UTF-8'), ('LC_PAPER', 'zh_CN.UTF-8'), ('COLCON', '1'), ('CMAKE_PREFIX_PATH', '/home/seeed/ros2/ws/install/livox_ros_driver2:/home/seeed/ros2/ws/install/vikit_ros:/opt/ros/humble:/home/seeed/ros2/ws/install/vikit_common:/home/seeed/ros2/ws/install/ranger_base:/home/seeed/ros2/ws/install/ugv_sdk:/home/seeed/ros2/ws/install/ranger_msgs:/home/seeed/ros2/ws/install/ranger_bringup:/home/seeed/ros2/ws/install/pcd_ndt_localization:/home/seeed/ros2/ws/install/fast_lio')]), 'shell': False}
[0.084400] (fast_lio) StderrLine: {'line': b'Current CPU archtecture: aarch64\n'}
[0.092632] (fast_lio) StderrLine: {'line': b'CMake Warning (dev) at CMakeLists.txt:47 (find_package):\n'}
[0.092883] (fast_lio) StderrLine: {'line': b'  Policy CMP0148 is not set: The FindPythonInterp and FindPythonLibs modules\n'}
[0.093061] (fast_lio) StderrLine: {'line': b'  are removed.  Run "cmake --help-policy CMP0148" for policy details.  Use\n'}
[0.093220] (fast_lio) StderrLine: {'line': b'  the cmake_policy command to set the policy and suppress this warning.\n'}
[0.093374] (fast_lio) StderrLine: {'line': b'\n'}
[0.093520] (fast_lio) StderrLine: {'line': b'This warning is for project developers.  Use -Wno-dev to suppress it.\n'}
[0.093663] (fast_lio) StderrLine: {'line': b'\n'}
[0.098562] (fast_lio) StdoutLine: {'line': b'-- Found PythonLibs: /usr/lib/aarch64-linux-gnu/libpython3.10.so (found version "3.10.12") \n'}
[0.098997] (-) TimerEvent: {}
[0.102348] (fast_lio) StdoutLine: {'line': b'-- Found ament_cmake: 1.3.14 (/opt/ros/humble/share/ament_cmake/cmake)\n'}
[0.199118] (-) TimerEvent: {}
[0.299401] (-) TimerEvent: {}
[0.399690] (-) TimerEvent: {}
[0.499925] (-) TimerEvent: {}
[0.557234] (fast_lio) StdoutLine: {'line': b'-- Override CMake install command with custom implementation using symlinks instead of copying resources\n'}
[0.593511] (fast_lio) StdoutLine: {'line': b'-- Found rclcpp: 16.0.19 (/opt/ros/humble/share/rclcpp/cmake)\n'}
[0.600040] (-) TimerEvent: {}
[0.700364] (-) TimerEvent: {}
[0.712574] (fast_lio) StdoutLine: {'line': b'-- Found rosidl_generator_c: 3.1.8 (/opt/ros/humble/share/rosidl_generator_c/cmake)\n'}
[0.720982] (fast_lio) StdoutLine: {'line': b'-- Found rosidl_adapter: 3.1.8 (/opt/ros/humble/share/rosidl_adapter/cmake)\n'}
[0.740867] (fast_lio) StdoutLine: {'line': b'-- Found rosidl_generator_cpp: 3.1.8 (/opt/ros/humble/share/rosidl_generator_cpp/cmake)\n'}
[0.772956] (fast_lio) StdoutLine: {'line': b'-- Using all available rosidl_typesupport_c: rosidl_typesupport_fastrtps_c;rosidl_typesupport_introspection_c\n'}
[0.800426] (-) TimerEvent: {}
[0.813255] (fast_lio) StdoutLine: {'line': b'-- Using all available rosidl_typesupport_cpp: rosidl_typesupport_fastrtps_cpp;rosidl_typesupport_introspection_cpp\n'}
[0.900516] (-) TimerEvent: {}
[0.918711] (fast_lio) StdoutLine: {'line': b'-- Found rmw_implementation_cmake: 6.1.2 (/opt/ros/humble/share/rmw_implementation_cmake/cmake)\n'}
[0.923800] (fast_lio) StdoutLine: {'line': b'-- Found rmw_fastrtps_cpp: 6.2.10 (/opt/ros/humble/share/rmw_fastrtps_cpp/cmake)\n'}
[1.000608] (-) TimerEvent: {}
[1.100814] (-) TimerEvent: {}
[1.175246] (fast_lio) StdoutLine: {'line': b"-- Using RMW implementation 'rmw_fastrtps_cpp' as default\n"}
[1.200904] (-) TimerEvent: {}
[1.301370] (-) TimerEvent: {}
[1.330019] (fast_lio) StdoutLine: {'line': b'-- Found rclcpp_components: 16.0.19 (/opt/ros/humble/share/rclcpp_components/cmake)\n'}
[1.389056] (fast_lio) StdoutLine: {'line': b'-- Found geometry_msgs: 4.9.1 (/opt/ros/humble/share/geometry_msgs/cmake)\n'}
[1.401481] (-) TimerEvent: {}
[1.428613] (fast_lio) StdoutLine: {'line': b'-- Found nav_msgs: 4.9.1 (/opt/ros/humble/share/nav_msgs/cmake)\n'}
[1.475352] (fast_lio) StdoutLine: {'line': b'-- Found sensor_msgs: 4.9.1 (/opt/ros/humble/share/sensor_msgs/cmake)\n'}
[1.501590] (-) TimerEvent: {}
[1.524176] (fast_lio) StdoutLine: {'line': b'-- Found std_srvs: 4.9.1 (/opt/ros/humble/share/std_srvs/cmake)\n'}
[1.553309] (fast_lio) StdoutLine: {'line': b'-- Found visualization_msgs: 4.9.1 (/opt/ros/humble/share/visualization_msgs/cmake)\n'}
[1.601699] (-) TimerEvent: {}
[1.608202] (fast_lio) StdoutLine: {'line': b'-- Found pcl_ros: 2.4.5 (/opt/ros/humble/share/pcl_ros/cmake)\n'}
[1.701208] (fast_lio) StderrLine: {'line': b'CMake Warning (dev) at /usr/lib/aarch64-linux-gnu/cmake/pcl/PCLConfig.cmake:146 (find_package):\n'}
[1.701672] (fast_lio) StderrLine: {'line': b'  Policy CMP0144 is not set: find_package uses upper-case <PACKAGENAME>_ROOT\n'}
[1.701926] (-) TimerEvent: {}
[1.701997] (fast_lio) StderrLine: {'line': b'  variables.  Run "cmake --help-policy CMP0144" for policy details.  Use the\n'}
[1.702228] (fast_lio) StderrLine: {'line': b'  cmake_policy command to set the policy and suppress this warning.\n'}
[1.702445] (fast_lio) StderrLine: {'line': b'\n'}
[1.702649] (fast_lio) StderrLine: {'line': b'  CMake variable EIGEN_ROOT is set to:\n'}
[1.702853] (fast_lio) StderrLine: {'line': b'\n'}
[1.703053] (fast_lio) StderrLine: {'line': b'    /usr/include/eigen3\n'}
[1.703253] (fast_lio) StderrLine: {'line': b'\n'}
[1.703450] (fast_lio) StderrLine: {'line': b'  For compatibility, find_package is ignoring the variable, but code in a\n'}
[1.703648] (fast_lio) StderrLine: {'line': b'  .cmake module might still use it.\n'}
[1.703844] (fast_lio) StderrLine: {'line': b'Call Stack (most recent call first):\n'}
[1.704040] (fast_lio) StderrLine: {'line': b'  /usr/lib/aarch64-linux-gnu/cmake/pcl/PCLConfig.cmake:299 (find_eigen)\n'}
[1.704285] (fast_lio) StderrLine: {'line': b'  /usr/lib/aarch64-linux-gnu/cmake/pcl/PCLConfig.cmake:543 (find_external_library)\n'}
[1.704492] (fast_lio) StderrLine: {'line': b'  /opt/ros/humble/share/pcl_conversions/cmake/ament_cmake_export_dependencies-extras.cmake:21 (find_package)\n'}
[1.704693] (fast_lio) StderrLine: {'line': b'  /opt/ros/humble/share/pcl_conversions/cmake/pcl_conversionsConfig.cmake:41 (include)\n'}
[1.704921] (fast_lio) StderrLine: {'line': b'  /opt/ros/humble/share/pcl_ros/cmake/ament_cmake_export_dependencies-extras.cmake:21 (find_package)\n'}
[1.705134] (fast_lio) StderrLine: {'line': b'  /opt/ros/humble/share/pcl_ros/cmake/pcl_rosConfig.cmake:41 (include)\n'}
[1.705335] (fast_lio) StderrLine: {'line': b'  CMakeLists.txt:60 (find_package)\n'}
[1.705532] (fast_lio) StderrLine: {'line': b'This warning is for project developers.  Use -Wno-dev to suppress it.\n'}
[1.705729] (fast_lio) StderrLine: {'line': b'\n'}
[1.714555] (fast_lio) StdoutLine: {'line': b'-- Eigen found (include: /usr/include/eigen3, version: 3.4.0)\n'}
[1.749738] (fast_lio) StderrLine: {'line': b'CMake Warning (dev) at /usr/lib/aarch64-linux-gnu/cmake/pcl/Modules/FindFLANN.cmake:44 (find_package):\n'}
[1.750151] (fast_lio) StderrLine: {'line': b'  Policy CMP0144 is not set: find_package uses upper-case <PACKAGENAME>_ROOT\n'}
[1.750418] (fast_lio) StderrLine: {'line': b'  variables.  Run "cmake --help-policy CMP0144" for policy details.  Use the\n'}
[1.750652] (fast_lio) StderrLine: {'line': b'  cmake_policy command to set the policy and suppress this warning.\n'}
[1.750874] (fast_lio) StderrLine: {'line': b'\n'}
[1.751082] (fast_lio) StderrLine: {'line': b'  CMake variable FLANN_ROOT is set to:\n'}
[1.751283] (fast_lio) StderrLine: {'line': b'\n'}
[1.751482] (fast_lio) StderrLine: {'line': b'    /usr\n'}
[1.751680] (fast_lio) StderrLine: {'line': b'\n'}
[1.751876] (fast_lio) StderrLine: {'line': b'  For compatibility, find_package is ignoring the variable, but code in a\n'}
[1.752075] (fast_lio) StderrLine: {'line': b'  .cmake module might still use it.\n'}
[1.752314] (fast_lio) StderrLine: {'line': b'Call Stack (most recent call first):\n'}
[1.752518] (fast_lio) StderrLine: {'line': b'  /usr/lib/aarch64-linux-gnu/cmake/pcl/PCLConfig.cmake:256 (find_package)\n'}
[1.752717] (fast_lio) StderrLine: {'line': b'  /usr/lib/aarch64-linux-gnu/cmake/pcl/PCLConfig.cmake:301 (find_flann)\n'}
[1.752914] (fast_lio) StderrLine: {'line': b'  /usr/lib/aarch64-linux-gnu/cmake/pcl/PCLConfig.cmake:543 (find_external_library)\n'}
[1.753110] (fast_lio) StderrLine: {'line': b'  /opt/ros/humble/share/pcl_conversions/cmake/ament_cmake_export_dependencies-extras.cmake:21 (find_package)\n'}
[1.753307] (fast_lio) StderrLine: {'line': b'  /opt/ros/humble/share/pcl_conversions/cmake/pcl_conversionsConfig.cmake:41 (include)\n'}
[1.753539] (fast_lio) StderrLine: {'line': b'  /opt/ros/humble/share/pcl_ros/cmake/ament_cmake_export_dependencies-extras.cmake:21 (find_package)\n'}
[1.753764] (fast_lio) StderrLine: {'line': b'  /opt/ros/humble/share/pcl_ros/cmake/pcl_rosConfig.cmake:41 (include)\n'}
[1.753963] (fast_lio) StderrLine: {'line': b'  CMakeLists.txt:60 (find_package)\n'}
[1.754160] (fast_lio) StderrLine: {'line': b'This warning is for project developers.  Use -Wno-dev to suppress it.\n'}
[1.754357] (fast_lio) StderrLine: {'line': b'\n'}
[1.794199] (fast_lio) StdoutLine: {'line': b'-- FLANN found (include: /usr/include, lib: /usr/lib/aarch64-linux-gnu/libflann_cpp.so)\n'}
[1.802024] (-) TimerEvent: {}
[1.902469] (-) TimerEvent: {}
[2.002980] (-) TimerEvent: {}
[2.103502] (-) TimerEvent: {}
[2.204043] (-) TimerEvent: {}
[2.304599] (-) TimerEvent: {}
[2.404897] (-) TimerEvent: {}
[2.505421] (-) TimerEvent: {}
[2.605951] (-) TimerEvent: {}
[2.706494] (-) TimerEvent: {}
[2.807038] (-) TimerEvent: {}
[2.853484] (fast_lio) StdoutLine: {'line': b'-- OpenNI found (version: 1.5.4.0, include: /usr/include/ni, lib: /usr/lib/libOpenNI.so;libusb::libusb)\n'}
[2.866777] (fast_lio) StdoutLine: {'line': b'-- OpenNI2 found (version: 2.2.0.33, include: /usr/include/openni2, lib: /usr/lib/aarch64-linux-gnu/libOpenNI2.so;libusb::libusb)\n'}
[2.907401] (-) TimerEvent: {}
[3.007922] (-) TimerEvent: {}
[3.108454] (-) TimerEvent: {}
[3.208986] (-) TimerEvent: {}
[3.309525] (-) TimerEvent: {}
[3.410049] (-) TimerEvent: {}
[3.432842] (fast_lio) StdoutLine: {'line': b'-- Eigen found (include: /usr/include/eigen3, version: 3.4.0)\n'}
[3.446949] (fast_lio) StdoutLine: {'line': b'-- OpenNI found (version: 1.5.4.0, include: /usr/include/ni, lib: /usr/lib/libOpenNI.so;libusb::libusb)\n'}
[3.460575] (fast_lio) StdoutLine: {'line': b'-- OpenNI2 found (version: 2.2.0.33, include: /usr/include/openni2, lib: /usr/lib/aarch64-linux-gnu/libOpenNI2.so;libusb::libusb)\n'}
[3.510128] (-) TimerEvent: {}
[3.610298] (-) TimerEvent: {}
[3.710456] (-) TimerEvent: {}
[3.810666] (-) TimerEvent: {}
[3.911156] (-) TimerEvent: {}
[4.008562] (fast_lio) StdoutLine: {'line': b'-- Found Qhull version 8.0.2\n'}
[4.011246] (-) TimerEvent: {}
[4.111681] (-) TimerEvent: {}
[4.212198] (-) TimerEvent: {}
[4.312683] (-) TimerEvent: {}
[4.413193] (-) TimerEvent: {}
[4.513512] (-) TimerEvent: {}
[4.567279] (fast_lio) StdoutLine: {'line': b'-- OpenNI found (version: 1.5.4.0, include: /usr/include/ni, lib: /usr/lib/libOpenNI.so;libusb::libusb)\n'}
[4.613855] (-) TimerEvent: {}
[4.714357] (-) TimerEvent: {}
[4.814869] (-) TimerEvent: {}
[4.915374] (-) TimerEvent: {}
[5.015877] (-) TimerEvent: {}
[5.116239] (-) TimerEvent: {}
[5.187991] (fast_lio) StdoutLine: {'line': b'-- Found eigen3_cmake_module: 0.1.1 (/opt/ros/humble/share/eigen3_cmake_module/cmake)\n'}
[5.191975] (fast_lio) StdoutLine: {'line': b'-- Ensuring Eigen3 include directory is part of orocos-kdl CMake target\n'}
[5.216320] (-) TimerEvent: {}
[5.316766] (-) TimerEvent: {}
[5.376739] (fast_lio) StdoutLine: {'line': b'-- Found livox_ros_driver2: 1.0.0 (/home/seeed/ros2/ws/install/livox_ros_driver2/share/livox_ros_driver2/cmake)\n'}
[5.417104] (-) TimerEvent: {}
[5.435327] (fast_lio) StdoutLine: {'line': b'-- Found rosidl_default_generators: 1.2.1 (/opt/ros/humble/share/rosidl_default_generators/cmake)\n'}
[5.471108] (fast_lio) StderrLine: {'line': b'CMake Warning (dev) at CMakeLists.txt:81 (find_package):\n'}
[5.471527] (fast_lio) StderrLine: {'line': b'  Policy CMP0074 is not set: find_package uses <PackageName>_ROOT variables.\n'}
[5.471796] (fast_lio) StderrLine: {'line': b'  Run "cmake --help-policy CMP0074" for policy details.  Use the cmake_policy\n'}
[5.472033] (fast_lio) StderrLine: {'line': b'  command to set the policy and suppress this warning.\n'}
[5.472325] (fast_lio) StderrLine: {'line': b'\n'}
[5.472545] (fast_lio) StderrLine: {'line': b'  CMake variable PCL_ROOT is set to:\n'}
[5.472754] (fast_lio) StderrLine: {'line': b'\n'}
[5.472955] (fast_lio) StderrLine: {'line': b'    /usr\n'}
[5.473156] (fast_lio) StderrLine: {'line': b'\n'}
[5.473352] (fast_lio) StderrLine: {'line': b'  For compatibility, CMake is ignoring the variable.\n'}
[5.473611] (fast_lio) StderrLine: {'line': b'This warning is for project developers.  Use -Wno-dev to suppress it.\n'}
[5.473821] (fast_lio) StderrLine: {'line': b'\n'}
[5.486040] (fast_lio) StderrLine: {'line': b'Eigen:/usr/include/eigen3\n'}
[5.486450] (fast_lio) StdoutLine: {'line': b'-- PCL: /usr/include/pcl-1.12\n'}
[5.517195] (-) TimerEvent: {}
[5.617432] (-) TimerEvent: {}
[5.717738] (-) TimerEvent: {}
[5.818053] (-) TimerEvent: {}
[5.918533] (-) TimerEvent: {}
[6.018994] (-) TimerEvent: {}
[6.119451] (-) TimerEvent: {}
[6.219706] (-) TimerEvent: {}
[6.320175] (-) TimerEvent: {}
[6.401973] (fast_lio) StdoutLine: {'line': b'-- Found ament_cmake_ros: 0.10.0 (/opt/ros/humble/share/ament_cmake_ros/cmake)\n'}
[6.420271] (-) TimerEvent: {}
[6.520483] (-) TimerEvent: {}
[6.620698] (-) TimerEvent: {}
[6.720881] (-) TimerEvent: {}
[6.821048] (-) TimerEvent: {}
[6.921207] (-) TimerEvent: {}
[7.021360] (-) TimerEvent: {}
[7.121506] (-) TimerEvent: {}
[7.221656] (-) TimerEvent: {}
[7.321800] (-) TimerEvent: {}
[7.421943] (-) TimerEvent: {}
[7.522086] (-) TimerEvent: {}
[7.622288] (-) TimerEvent: {}
[7.722514] (-) TimerEvent: {}
[7.822683] (-) TimerEvent: {}
[7.922840] (-) TimerEvent: {}
[8.016488] (fast_lio) StdoutLine: {'line': b'-- Using all available rosidl_typesupport_c: rosidl_typesupport_fastrtps_c;rosidl_typesupport_introspection_c\n'}
[8.022932] (-) TimerEvent: {}
[8.123089] (-) TimerEvent: {}
[8.223261] (-) TimerEvent: {}
[8.323439] (-) TimerEvent: {}
[8.423593] (-) TimerEvent: {}
[8.523742] (-) TimerEvent: {}
[8.624218] (-) TimerEvent: {}
[8.659071] (fast_lio) StdoutLine: {'line': b'-- Using all available rosidl_typesupport_cpp: rosidl_typesupport_fastrtps_cpp;rosidl_typesupport_introspection_cpp\n'}
[8.672354] (fast_lio) StderrLine: {'line': b'CMake Warning (dev) at /opt/ros/humble/share/rosidl_generator_py/cmake/rosidl_generator_py_generate_interfaces.cmake:20 (find_package):\n'}
[8.672854] (fast_lio) StderrLine: {'line': b'  Policy CMP0148 is not set: The FindPythonInterp and FindPythonLibs modules\n'}
[8.673135] (fast_lio) StderrLine: {'line': b'  are removed.  Run "cmake --help-policy CMP0148" for policy details.  Use\n'}
[8.673382] (fast_lio) StderrLine: {'line': b'  the cmake_policy command to set the policy and suppress this warning.\n'}
[8.673604] (fast_lio) StderrLine: {'line': b'\n'}
[8.673817] (fast_lio) StderrLine: {'line': b'Call Stack (most recent call first):\n'}
[8.674026] (fast_lio) StderrLine: {'line': b'  /opt/ros/humble/share/ament_cmake_core/cmake/core/ament_execute_extensions.cmake:48 (include)\n'}
[8.674233] (fast_lio) StderrLine: {'line': b'  /opt/ros/humble/share/rosidl_cmake/cmake/rosidl_generate_interfaces.cmake:286 (ament_execute_extensions)\n'}
[8.674440] (fast_lio) StderrLine: {'line': b'  CMakeLists.txt:90 (rosidl_generate_interfaces)\n'}
[8.674644] (fast_lio) StderrLine: {'line': b'This warning is for project developers.  Use -Wno-dev to suppress it.\n'}
[8.674846] (fast_lio) StderrLine: {'line': b'\n'}
[8.724360] (-) TimerEvent: {}
[8.724956] (fast_lio) StdoutLine: {'line': b'-- Found python_cmake_module: 0.10.0 (/opt/ros/humble/share/python_cmake_module/cmake)\n'}
[8.727626] (fast_lio) StderrLine: {'line': b'CMake Warning (dev) at /opt/ros/humble/share/python_cmake_module/cmake/Modules/FindPythonExtra.cmake:52 (find_package):\n'}
[8.727925] (fast_lio) StderrLine: {'line': b'  Policy CMP0148 is not set: The FindPythonInterp and FindPythonLibs modules\n'}
[8.728266] (fast_lio) StderrLine: {'line': b'  are removed.  Run "cmake --help-policy CMP0148" for policy details.  Use\n'}
[8.728508] (fast_lio) StderrLine: {'line': b'  the cmake_policy command to set the policy and suppress this warning.\n'}
[8.728728] (fast_lio) StderrLine: {'line': b'\n'}
[8.728939] (fast_lio) StderrLine: {'line': b'Call Stack (most recent call first):\n'}
[8.729145] (fast_lio) StderrLine: {'line': b'  /opt/ros/humble/share/rosidl_generator_py/cmake/rosidl_generator_py_generate_interfaces.cmake:23 (find_package)\n'}
[8.729353] (fast_lio) StderrLine: {'line': b'  /opt/ros/humble/share/ament_cmake_core/cmake/core/ament_execute_extensions.cmake:48 (include)\n'}
[8.729592] (fast_lio) StderrLine: {'line': b'  /opt/ros/humble/share/rosidl_cmake/cmake/rosidl_generate_interfaces.cmake:286 (ament_execute_extensions)\n'}
[8.729802] (fast_lio) StderrLine: {'line': b'  CMakeLists.txt:90 (rosidl_generate_interfaces)\n'}
[8.730008] (fast_lio) StderrLine: {'line': b'This warning is for project developers.  Use -Wno-dev to suppress it.\n'}
[8.730211] (fast_lio) StderrLine: {'line': b'\n'}
[8.777997] (fast_lio) StderrLine: {'line': b'CMake Warning (dev) at /opt/ros/humble/share/python_cmake_module/cmake/Modules/FindPythonExtra.cmake:140 (find_package):\n'}
[8.778387] (fast_lio) StderrLine: {'line': b'  Policy CMP0148 is not set: The FindPythonInterp and FindPythonLibs modules\n'}
[8.778649] (fast_lio) StderrLine: {'line': b'  are removed.  Run "cmake --help-policy CMP0148" for policy details.  Use\n'}
[8.778918] (fast_lio) StderrLine: {'line': b'  the cmake_policy command to set the policy and suppress this warning.\n'}
[8.779144] (fast_lio) StderrLine: {'line': b'\n'}
[8.779358] (fast_lio) StderrLine: {'line': b'Call Stack (most recent call first):\n'}
[8.779568] (fast_lio) StderrLine: {'line': b'  /opt/ros/humble/share/rosidl_generator_py/cmake/rosidl_generator_py_generate_interfaces.cmake:23 (find_package)\n'}
[8.779777] (fast_lio) StderrLine: {'line': b'  /opt/ros/humble/share/ament_cmake_core/cmake/core/ament_execute_extensions.cmake:48 (include)\n'}
[8.779983] (fast_lio) StderrLine: {'line': b'  /opt/ros/humble/share/rosidl_cmake/cmake/rosidl_generate_interfaces.cmake:286 (ament_execute_extensions)\n'}
[8.780229] (fast_lio) StderrLine: {'line': b'  CMakeLists.txt:90 (rosidl_generate_interfaces)\n'}
[8.780440] (fast_lio) StderrLine: {'line': b'This warning is for project developers.  Use -Wno-dev to suppress it.\n'}
[8.780644] (fast_lio) StderrLine: {'line': b'\n'}
[8.786440] (fast_lio) StdoutLine: {'line': b'-- Found PythonLibs: /usr/lib/aarch64-linux-gnu/libpython3.10.so (found suitable version "3.10.12", minimum required is "3.5") \n'}
[8.787079] (fast_lio) StdoutLine: {'line': b'-- Using PYTHON_EXECUTABLE: /usr/bin/python3\n'}
[8.787316] (fast_lio) StdoutLine: {'line': b'-- Using PYTHON_INCLUDE_DIRS: /usr/include/python3.10\n'}
[8.787527] (fast_lio) StdoutLine: {'line': b'-- Using PYTHON_LIBRARIES: /usr/lib/aarch64-linux-gnu/libpython3.10.so\n'}
[8.824438] (-) TimerEvent: {}
[8.924651] (-) TimerEvent: {}
[9.024904] (-) TimerEvent: {}
[9.125377] (-) TimerEvent: {}
[9.225840] (-) TimerEvent: {}
[9.285538] (fast_lio) StdoutLine: {'line': b'-- Configuring done (9.2s)\n'}
[9.325933] (-) TimerEvent: {}
[9.426364] (-) TimerEvent: {}
[9.517764] (fast_lio) StdoutLine: {'line': b'-- Generating done (0.2s)\n'}
[9.526459] (-) TimerEvent: {}
[9.560683] (fast_lio) StdoutLine: {'line': b'-- Build files have been written to: /home/seeed/ros2/ws/build/fast_lio\n'}
[9.621807] (fast_lio) CommandEnded: {'returncode': 0}
[9.624130] (fast_lio) JobProgress: {'identifier': 'fast_lio', 'progress': 'build'}
[9.627273] (fast_lio) Command: {'cmd': ['/usr/local/bin/cmake', '--build', '/home/seeed/ros2/ws/build/fast_lio', '--', '-j6', '-l6'], 'cwd': '/home/seeed/ros2/ws/build/fast_lio', 'env': OrderedDict([('LANGUAGE', 'zh_CN:en'), ('USER', 'seeed'), ('SSH_CLIENT', '10.200.24.83 51815 22'), ('LC_TIME', 'zh_CN.UTF-8'), ('ROS_PACKAGE_PATH', '/home/seeed/ros2/ws/install/vikit_common/share:/home/seeed/ros2/ws/install/ugv_sdk/share'), ('XDG_SESSION_TYPE', 'tty'), ('SHLVL', '0'), ('LD_LIBRARY_PATH', '/home/seeed/ros2/ws/install/livox_ros_driver2/lib:/home/seeed/ros2/ws/install/vikit_ros/lib:/home/seeed/ros2/ws/install/vikit_common/lib:/home/seeed/ros2/ws/install/ranger_msgs/lib:/home/seeed/ros2/ws/install/fast_lio/lib:/opt/ros/humble/opt/rviz_ogre_vendor/lib:/opt/ros/humble/lib/aarch64-linux-gnu:/opt/ros/humble/lib'), ('MOTD_SHOWN', 'pam'), ('HOME', '/home/seeed'), ('OLDPWD', '/home/seeed'), ('ROS_PYTHON_VERSION', '3'), ('LC_MONETARY', 'zh_CN.UTF-8'), ('ROS_IP', '10.200.54.207'), ('LC_CTYPE', 'C.UTF-8'), ('DBUS_SESSION_BUS_ADDRESS', 'unix:path=/run/user/1000/bus'), ('COLCON_PREFIX_PATH', '/home/seeed/ros2/ws/install'), ('ROS_DISTRO', 'humble'), ('LOGNAME', 'seeed'), ('ROS_VERSION', '2'), ('PKG_CONFIG_PATH', '/home/seeed/ros2/ws/install/vikit_common/lib/aarch64-linux-gnu/pkgconfig:/home/seeed/ros2/ws/install/vikit_common/lib/pkgconfig:/home/seeed/ros2/ws/install/ugv_sdk/lib/aarch64-linux-gnu/pkgconfig:/home/seeed/ros2/ws/install/ugv_sdk/lib/pkgconfig'), ('XDG_SESSION_CLASS', 'user'), ('XDG_SESSION_ID', '25'), ('ROS_LOCALHOST_ONLY', '0'), ('PATH', '/opt/ros/humble/bin:/usr/local/sbin:/usr/local/bin:/usr/sbin:/usr/bin:/sbin:/bin:/usr/games:/usr/local/games:/snap/bin'), ('FASTRTPS_DEFAULT_PROFILES_FILE', '/home/seeed/ros2/fastrtps_profile.xml'), ('PAPERSIZE', 'a4'), ('LC_ADDRESS', 'zh_CN.UTF-8'), ('XDG_RUNTIME_DIR', '/run/user/1000'), ('DISPLAY', 'localhost:16.0'), ('LANG', 'zh_CN.UTF-8'), ('LC_TELEPHONE', 'zh_CN.UTF-8'), ('RMW_IMPLEMENTATION', 'rmw_fastrtps_cpp'), ('ROS_DOMAIN_ID', '0'), ('AMENT_PREFIX_PATH', '/home/seeed/ros2/ws/install/vikit_ros:/home/seeed/ros2/ws/install/ranger_base:/home/seeed/ros2/ws/install/ranger_msgs:/home/seeed/ros2/ws/install/ranger_bringup:/home/seeed/ros2/ws/install/pcd_ndt_localization:/home/seeed/ros2/ws/install/fast_lio:/home/seeed/ros2/ws/install/livox_ros_driver2:/opt/ros/humble'), ('SHELL', '/bin/bash'), ('LC_NAME', 'zh_CN.UTF-8'), ('LC_MEASUREMENT', 'zh_CN.UTF-8'), ('LC_IDENTIFICATION', 'zh_CN.UTF-8'), ('PWD', '/home/seeed/ros2/ws/build/fast_lio'), ('LC_ALL', 'en_US.UTF-8'), ('SSH_CONNECTION', '10.200.24.83 51815 10.200.54.207 22'), ('PYTHONPATH', '/home/seeed/ros2/ws/install/ranger_msgs/local/lib/python3.10/dist-packages:/home/seeed/ros2/ws/install/fast_lio/local/lib/python3.10/dist-packages:/home/seeed/ros2/ws/install/livox_ros_driver2/local/lib/python3.10/dist-packages:/opt/ros/humble/lib/python3.10/site-packages:/opt/ros/humble/local/lib/python3.10/dist-packages'), ('LC_NUMERIC', 'zh_CN.UTF-8'), ('LC_PAPER', 'zh_CN.UTF-8'), ('COLCON', '1'), ('CMAKE_PREFIX_PATH', '/home/seeed/ros2/ws/install/livox_ros_driver2:/home/seeed/ros2/ws/install/vikit_ros:/opt/ros/humble:/home/seeed/ros2/ws/install/vikit_common:/home/seeed/ros2/ws/install/ranger_base:/home/seeed/ros2/ws/install/ugv_sdk:/home/seeed/ros2/ws/install/ranger_msgs:/home/seeed/ros2/ws/install/ranger_bringup:/home/seeed/ros2/ws/install/pcd_ndt_localization:/home/seeed/ros2/ws/install/fast_lio')]), 'shell': False}
[9.629749] (-) TimerEvent: {}
[9.686607] (fast_lio) StdoutLine: {'line': b'[  2%] Built target fast_lio__rs\n'}
[9.687526] (fast_lio) StdoutLine: {'line': b'[  5%] Built target fast_lio__cpp\n'}
[9.687978] (fast_lio) StdoutLine: {'line': b'[ 13%] Built target fast_lio__rosidl_generator_c\n'}
[9.688552] (fast_lio) StdoutLine: {'line': b'[ 13%] Built target ament_cmake_python_symlink_fast_lio\n'}
[9.711907] (fast_lio) StdoutLine: {'line': b'[ 22%] Built target fast_lio__rosidl_typesupport_c\n'}
[9.712629] (fast_lio) StdoutLine: {'line': b'[ 30%] Built target fast_lio__rosidl_typesupport_introspection_c\n'}
[9.716839] (fast_lio) StdoutLine: {'line': b'[ 38%] Built target fast_lio__rosidl_typesupport_introspection_cpp\n'}
[9.717167] (fast_lio) StdoutLine: {'line': b'[ 50%] Built target fast_lio__rosidl_typesupport_fastrtps_cpp\n'}
[9.717511] (fast_lio) StdoutLine: {'line': b'[ 55%] Built target fast_lio__rosidl_typesupport_fastrtps_c\n'}
[9.717827] (fast_lio) StdoutLine: {'line': b'[ 63%] Built target fast_lio__rosidl_typesupport_cpp\n'}
[9.729892] (-) TimerEvent: {}
[9.734839] (fast_lio) StdoutLine: {'line': b'[ 63%] Built target fast_lio\n'}
[9.750870] (fast_lio) StdoutLine: {'line': b'[ 66%] Built target fast_lio__py\n'}
[9.774996] (fast_lio) StdoutLine: {'line': b'[ 72%] Built target fast_lio__rosidl_generator_py\n'}
[9.800953] (fast_lio) StdoutLine: {'line': b'[ 80%] Linking C shared library rosidl_generator_py/fast_lio/fast_lio_s__rosidl_typesupport_introspection_c.cpython-310-aarch64-linux-gnu.so\n'}
[9.801536] (fast_lio) StdoutLine: {'line': b'[ 80%] Linking C shared library rosidl_generator_py/fast_lio/fast_lio_s__rosidl_typesupport_c.cpython-310-aarch64-linux-gnu.so\n'}
[9.801715] (fast_lio) StdoutLine: {'line': b'[ 80%] Linking C shared library rosidl_generator_py/fast_lio/fast_lio_s__rosidl_typesupport_fastrtps_c.cpython-310-aarch64-linux-gnu.so\n'}
[9.830149] (-) TimerEvent: {}
[9.848325] (fast_lio) StdoutLine: {'line': b'[ 86%] Built target fast_lio__rosidl_typesupport_introspection_c__pyext\n'}
[9.848765] (fast_lio) StdoutLine: {'line': b'[ 86%] Built target fast_lio__rosidl_typesupport_c__pyext\n'}
[9.849920] (fast_lio) StdoutLine: {'line': b'[ 88%] Built target fast_lio__rosidl_typesupport_fastrtps_c__pyext\n'}
[9.869151] (fast_lio) StdoutLine: {'line': b'[ 91%] Building CXX object CMakeFiles/fastlio_mapping.dir/src/laserMapping.cpp.o\n'}
[9.930260] (-) TimerEvent: {}
[10.030516] (-) TimerEvent: {}
[10.130737] (-) TimerEvent: {}
[10.230939] (-) TimerEvent: {}
[10.238471] (fast_lio) StdoutLine: {'line': b'running egg_info\n'}
[10.240362] (fast_lio) StdoutLine: {'line': b'writing fast_lio.egg-info/PKG-INFO\n'}
[10.241045] (fast_lio) StdoutLine: {'line': b'writing dependency_links to fast_lio.egg-info/dependency_links.txt\n'}
[10.241567] (fast_lio) StdoutLine: {'line': b'writing top-level names to fast_lio.egg-info/top_level.txt\n'}
[10.248372] (fast_lio) StdoutLine: {'line': b"reading manifest file 'fast_lio.egg-info/SOURCES.txt'\n"}
[10.249737] (fast_lio) StdoutLine: {'line': b"writing manifest file 'fast_lio.egg-info/SOURCES.txt'\n"}
[10.311022] (fast_lio) StdoutLine: {'line': b'[ 91%] Built target ament_cmake_python_build_fast_lio_egg\n'}
[10.331095] (-) TimerEvent: {}
[10.431366] (-) TimerEvent: {}
[10.531714] (-) TimerEvent: {}
[10.632094] (-) TimerEvent: {}
[10.732519] (-) TimerEvent: {}
[10.832849] (-) TimerEvent: {}
[10.933184] (-) TimerEvent: {}
[11.033540] (-) TimerEvent: {}
[11.133827] (-) TimerEvent: {}
[11.234168] (-) TimerEvent: {}
[11.334489] (-) TimerEvent: {}
[11.434801] (-) TimerEvent: {}
[11.535113] (-) TimerEvent: {}
[11.635402] (-) TimerEvent: {}
[11.736006] (-) TimerEvent: {}
[11.836660] (-) TimerEvent: {}
[11.937069] (-) TimerEvent: {}
[12.037458] (-) TimerEvent: {}
[12.137840] (-) TimerEvent: {}
[12.238194] (-) TimerEvent: {}
[12.338545] (-) TimerEvent: {}
[12.438892] (-) TimerEvent: {}
[12.539188] (-) TimerEvent: {}
[12.639474] (-) TimerEvent: {}
[12.739784] (-) TimerEvent: {}
[12.840087] (-) TimerEvent: {}
[12.940477] (-) TimerEvent: {}
[13.040863] (-) TimerEvent: {}
[13.141267] (-) TimerEvent: {}
[13.241656] (-) TimerEvent: {}
[13.342050] (-) TimerEvent: {}
[13.442446] (-) TimerEvent: {}
[13.542788] (-) TimerEvent: {}
[13.643056] (-) TimerEvent: {}
[13.743351] (-) TimerEvent: {}
[13.843655] (-) TimerEvent: {}
[13.944226] (-) TimerEvent: {}
[14.044849] (-) TimerEvent: {}
[14.145252] (-) TimerEvent: {}
[14.245580] (-) TimerEvent: {}
[14.345921] (-) TimerEvent: {}
[14.446305] (-) TimerEvent: {}
[14.546643] (-) TimerEvent: {}
[14.647001] (-) TimerEvent: {}
[14.747367] (-) TimerEvent: {}
[14.847768] (-) TimerEvent: {}
[14.948152] (-) TimerEvent: {}
[15.048448] (-) TimerEvent: {}
[15.148719] (-) TimerEvent: {}
[15.248975] (-) TimerEvent: {}
[15.349208] (-) TimerEvent: {}
[15.449440] (-) TimerEvent: {}
[15.549666] (-) TimerEvent: {}
[15.649890] (-) TimerEvent: {}
[15.750184] (-) TimerEvent: {}
[15.850527] (-) TimerEvent: {}
[15.950847] (-) TimerEvent: {}
[16.051137] (-) TimerEvent: {}
[16.151391] (-) TimerEvent: {}
[16.251641] (-) TimerEvent: {}
[16.351859] (-) TimerEvent: {}
[16.452082] (-) TimerEvent: {}
[16.552329] (-) TimerEvent: {}
[16.652550] (-) TimerEvent: {}
[16.752820] (-) TimerEvent: {}
[16.853138] (-) TimerEvent: {}
[16.953455] (-) TimerEvent: {}
[17.053749] (-) TimerEvent: {}
[17.154013] (-) TimerEvent: {}
[17.254256] (-) TimerEvent: {}
[17.354495] (-) TimerEvent: {}
[17.454737] (-) TimerEvent: {}
[17.554974] (-) TimerEvent: {}
[17.655202] (-) TimerEvent: {}
[17.755437] (-) TimerEvent: {}
[17.855742] (-) TimerEvent: {}
[17.956063] (-) TimerEvent: {}
[18.056338] (-) TimerEvent: {}
[18.156577] (-) TimerEvent: {}
[18.256868] (-) TimerEvent: {}
[18.357176] (-) TimerEvent: {}
[18.457420] (-) TimerEvent: {}
[18.557655] (-) TimerEvent: {}
[18.657945] (-) TimerEvent: {}
[18.758307] (-) TimerEvent: {}
[18.858616] (-) TimerEvent: {}
[18.958940] (-) TimerEvent: {}
[19.059198] (-) TimerEvent: {}
[19.159434] (-) TimerEvent: {}
[19.259692] (-) TimerEvent: {}
[19.359939] (-) TimerEvent: {}
[19.460178] (-) TimerEvent: {}
[19.560405] (-) TimerEvent: {}
[19.660626] (-) TimerEvent: {}
[19.760852] (-) TimerEvent: {}
[19.861161] (-) TimerEvent: {}
[19.961501] (-) TimerEvent: {}
[20.061768] (-) TimerEvent: {}
[20.162007] (-) TimerEvent: {}
[20.262249] (-) TimerEvent: {}
[20.362563] (-) TimerEvent: {}
[20.462894] (-) TimerEvent: {}
[20.563158] (-) TimerEvent: {}
[20.663396] (-) TimerEvent: {}
[20.763626] (-) TimerEvent: {}
[20.863934] (-) TimerEvent: {}
[20.964343] (-) TimerEvent: {}
[21.064668] (-) TimerEvent: {}
[21.164941] (-) TimerEvent: {}
[21.265196] (-) TimerEvent: {}
[21.365460] (-) TimerEvent: {}
[21.465715] (-) TimerEvent: {}
[21.565942] (-) TimerEvent: {}
[21.666171] (-) TimerEvent: {}
[21.766391] (-) TimerEvent: {}
[21.866695] (-) TimerEvent: {}
[21.967032] (-) TimerEvent: {}
[22.067304] (-) TimerEvent: {}
[22.167547] (-) TimerEvent: {}
[22.267810] (-) TimerEvent: {}
[22.368136] (-) TimerEvent: {}
[22.468472] (-) TimerEvent: {}
[22.568728] (-) TimerEvent: {}
[22.668959] (-) TimerEvent: {}
[22.769185] (-) TimerEvent: {}
[22.869452] (-) TimerEvent: {}
[22.969805] (-) TimerEvent: {}
[23.070173] (-) TimerEvent: {}
[23.170524] (-) TimerEvent: {}
[23.270875] (-) TimerEvent: {}
[23.371238] (-) TimerEvent: {}
[23.471602] (-) TimerEvent: {}
[23.571957] (-) TimerEvent: {}
[23.672356] (-) TimerEvent: {}
[23.772723] (-) TimerEvent: {}
[23.873078] (-) TimerEvent: {}
[23.973457] (-) TimerEvent: {}
[24.073819] (-) TimerEvent: {}
[24.174156] (-) TimerEvent: {}
[24.274502] (-) TimerEvent: {}
[24.374854] (-) TimerEvent: {}
[24.475200] (-) TimerEvent: {}
[24.575543] (-) TimerEvent: {}
[24.675889] (-) TimerEvent: {}
[24.776236] (-) TimerEvent: {}
[24.876575] (-) TimerEvent: {}
[24.976956] (-) TimerEvent: {}
[25.077303] (-) TimerEvent: {}
[25.177580] (-) TimerEvent: {}
[25.277827] (-) TimerEvent: {}
[25.378086] (-) TimerEvent: {}
[25.422308] (fast_lio) StderrLine: {'line': b'In file included from /usr/include/boost/smart_ptr/detail/sp_thread_sleep.hpp:22,\n'}
[25.422712] (fast_lio) StderrLine: {'line': b'                 from /usr/include/boost/smart_ptr/detail/yield_k.hpp:23,\n'}
[25.422869] (fast_lio) StderrLine: {'line': b'                 from /usr/include/boost/smart_ptr/detail/spinlock_gcc_atomic.hpp:14,\n'}
[25.423006] (fast_lio) StderrLine: {'line': b'                 from /usr/include/boost/smart_ptr/detail/spinlock.hpp:42,\n'}
[25.423135] (fast_lio) StderrLine: {'line': b'                 from /usr/include/boost/smart_ptr/detail/spinlock_pool.hpp:25,\n'}
[25.423261] (fast_lio) StderrLine: {'line': b'                 from /usr/include/boost/smart_ptr/shared_ptr.hpp:29,\n'}
[25.423383] (fast_lio) StderrLine: {'line': b'                 from /usr/include/boost/shared_ptr.hpp:17,\n'}
[25.423504] (fast_lio) StderrLine: {'line': b'                 from /usr/include/boost/date_time/microsec_time_clock.hpp:18,\n'}
[25.423624] (fast_lio) StderrLine: {'line': b'                 from /usr/include/boost/interprocess/detail/posix_time_types_wrk.hpp:31,\n'}
[25.423744] (fast_lio) StderrLine: {'line': b'                 from /usr/include/boost/interprocess/detail/os_thread_functions.hpp:36,\n'}
[25.423866] (fast_lio) StderrLine: {'line': b'                 from /usr/include/boost/interprocess/sync/file_lock.hpp:26,\n'}
[25.423984] (fast_lio) StderrLine: {'line': b'                 from /usr/include/pcl-1.12/pcl/io/pcd_io.h:46,\n'}
[25.424100] (fast_lio) StderrLine: {'line': b'                 from /opt/ros/humble/include/pcl_conversions/pcl_conversions/pcl_conversions.h:73,\n'}
[25.424261] (fast_lio) StderrLine: {'line': b'                 from /home/seeed/ros2/ws/src/slam/fast_lio/src/IMU_Processing.hpp:18,\n'}
[25.424426] (fast_lio) StderrLine: {'line': b'                 from /home/seeed/ros2/ws/src/slam/fast_lio/src/laserMapping.cpp:47:\n'}
[25.424553] (fast_lio) StderrLine: {'line': b'/usr/include/boost/bind.hpp:36:1: note: \xe2\x80\x98#pragma message: The practice of declaring the Bind placeholders (_1, _2, ...) in the global namespace is deprecated. Please use <boost/bind/bind.hpp> + using namespace boost::placeholders, or define BOOST_BIND_GLOBAL_PLACEHOLDERS to retain the current behavior.\xe2\x80\x99\n'}
[25.424728] (fast_lio) StderrLine: {'line': b'   36 | BOOST_PRAGMA_MESSAGE(\n'}
[25.424854] (fast_lio) StderrLine: {'line': b'      | ^~~~~~~~~~~~~~~~~~~~\n'}
[25.478211] (-) TimerEvent: {}
[25.578462] (-) TimerEvent: {}
[25.678696] (-) TimerEvent: {}
[25.778918] (-) TimerEvent: {}
[25.879190] (-) TimerEvent: {}
[25.979566] (-) TimerEvent: {}
[26.079897] (-) TimerEvent: {}
[26.180170] (-) TimerEvent: {}
[26.280405] (-) TimerEvent: {}
[26.380650] (-) TimerEvent: {}
[26.480933] (-) TimerEvent: {}
[26.581223] (-) TimerEvent: {}
[26.681466] (-) TimerEvent: {}
[26.781694] (-) TimerEvent: {}
[26.881971] (-) TimerEvent: {}
[26.982324] (-) TimerEvent: {}
[27.082654] (-) TimerEvent: {}
[27.182929] (-) TimerEvent: {}
[27.283173] (-) TimerEvent: {}
[27.383415] (-) TimerEvent: {}
[27.483695] (-) TimerEvent: {}
[27.583928] (-) TimerEvent: {}
[27.684162] (-) TimerEvent: {}
[27.784379] (-) TimerEvent: {}
[27.884651] (-) TimerEvent: {}
[27.984947] (-) TimerEvent: {}
[28.085279] (-) TimerEvent: {}
[28.185615] (-) TimerEvent: {}
[28.285876] (-) TimerEvent: {}
[28.386114] (-) TimerEvent: {}
[28.486361] (-) TimerEvent: {}
[28.586591] (-) TimerEvent: {}
[28.686868] (-) TimerEvent: {}
[28.787169] (-) TimerEvent: {}
[28.887465] (-) TimerEvent: {}
[28.987759] (-) TimerEvent: {}
[29.088075] (-) TimerEvent: {}
[29.188453] (-) TimerEvent: {}
[29.288700] (-) TimerEvent: {}
[29.388932] (-) TimerEvent: {}
[29.489172] (-) TimerEvent: {}
[29.589413] (-) TimerEvent: {}
[29.689636] (-) TimerEvent: {}
[29.789848] (-) TimerEvent: {}
[29.890121] (-) TimerEvent: {}
[29.990421] (-) TimerEvent: {}
[30.090747] (-) TimerEvent: {}
[30.191084] (-) TimerEvent: {}
[30.291343] (-) TimerEvent: {}
[30.391583] (-) TimerEvent: {}
[30.491859] (-) TimerEvent: {}
[30.592161] (-) TimerEvent: {}
[30.692402] (-) TimerEvent: {}
[30.792622] (-) TimerEvent: {}
[30.892904] (-) TimerEvent: {}
[30.993249] (-) TimerEvent: {}
[31.093614] (-) TimerEvent: {}
[31.193954] (-) TimerEvent: {}
[31.294214] (-) TimerEvent: {}
[31.394450] (-) TimerEvent: {}
[31.494686] (-) TimerEvent: {}
[31.594932] (-) TimerEvent: {}
[31.695185] (-) TimerEvent: {}
[31.795429] (-) TimerEvent: {}
[31.895709] (-) TimerEvent: {}
[31.996007] (-) TimerEvent: {}
[32.096275] (-) TimerEvent: {}
[32.196589] (-) TimerEvent: {}
[32.296934] (-) TimerEvent: {}
[32.397207] (-) TimerEvent: {}
[32.497466] (-) TimerEvent: {}
[32.597719] (-) TimerEvent: {}
[32.697946] (-) TimerEvent: {}
[32.798170] (-) TimerEvent: {}
[32.898444] (-) TimerEvent: {}
[32.998806] (-) TimerEvent: {}
[33.099176] (-) TimerEvent: {}
[33.199547] (-) TimerEvent: {}
[33.299872] (-) TimerEvent: {}
[33.400148] (-) TimerEvent: {}
[33.500388] (-) TimerEvent: {}
[33.600622] (-) TimerEvent: {}
[33.700898] (-) TimerEvent: {}
[33.801201] (-) TimerEvent: {}
[33.901499] (-) TimerEvent: {}
[34.001812] (-) TimerEvent: {}
[34.102065] (-) TimerEvent: {}
[34.202384] (-) TimerEvent: {}
[34.302723] (-) TimerEvent: {}
[34.402985] (-) TimerEvent: {}
[34.503224] (-) TimerEvent: {}
[34.603509] (-) TimerEvent: {}
[34.703801] (-) TimerEvent: {}
[34.804041] (-) TimerEvent: {}
[34.904346] (-) TimerEvent: {}
[35.004706] (-) TimerEvent: {}
[35.105029] (-) TimerEvent: {}
[35.205356] (-) TimerEvent: {}
[35.305690] (-) TimerEvent: {}
[35.405956] (-) TimerEvent: {}
[35.506215] (-) TimerEvent: {}
[35.606457] (-) TimerEvent: {}
[35.706706] (-) TimerEvent: {}
[35.806948] (-) TimerEvent: {}
[35.907246] (-) TimerEvent: {}
[36.007552] (-) TimerEvent: {}
[36.107800] (-) TimerEvent: {}
[36.208103] (-) TimerEvent: {}
[36.308465] (-) TimerEvent: {}
[36.408724] (-) TimerEvent: {}
[36.508953] (-) TimerEvent: {}
[36.609191] (-) TimerEvent: {}
[36.709434] (-) TimerEvent: {}
[36.809658] (-) TimerEvent: {}
[36.909942] (-) TimerEvent: {}
[37.010248] (-) TimerEvent: {}
[37.110494] (-) TimerEvent: {}
[37.210789] (-) TimerEvent: {}
[37.311128] (-) TimerEvent: {}
[37.411466] (-) TimerEvent: {}
[37.511736] (-) TimerEvent: {}
[37.612002] (-) TimerEvent: {}
[37.712275] (-) TimerEvent: {}
[37.812503] (-) TimerEvent: {}
[37.912790] (-) TimerEvent: {}
[38.013119] (-) TimerEvent: {}
[38.113392] (-) TimerEvent: {}
[38.213642] (-) TimerEvent: {}
[38.313958] (-) TimerEvent: {}
[38.414282] (-) TimerEvent: {}
[38.514544] (-) TimerEvent: {}
[38.614774] (-) TimerEvent: {}
[38.715060] (-) TimerEvent: {}
[38.815370] (-) TimerEvent: {}
[38.915666] (-) TimerEvent: {}
[38.975524] (fast_lio) StderrLine: {'line': b'In file included from /home/seeed/ros2/ws/src/slam/fast_lio/include/IKFoM_toolkit/esekfom/../mtk/types/SOn.hpp:83,\n'}
[38.975938] (fast_lio) StderrLine: {'line': b'                 from /home/seeed/ros2/ws/src/slam/fast_lio/include/IKFoM_toolkit/esekfom/esekfom.hpp:49,\n'}
[38.976102] (fast_lio) StderrLine: {'line': b'                 from /home/seeed/ros2/ws/src/slam/fast_lio/include/use-ikfom.hpp:4,\n'}
[38.976311] (fast_lio) StderrLine: {'line': b'                 from /home/seeed/ros2/ws/src/slam/fast_lio/src/IMU_Processing.hpp:22,\n'}
[38.976557] (fast_lio) StderrLine: {'line': b'                 from /home/seeed/ros2/ws/src/slam/fast_lio/src/laserMapping.cpp:47:\n'}
[38.976695] (fast_lio) StderrLine: {'line': b'/home/seeed/ros2/ws/src/slam/fast_lio/include/IKFoM_toolkit/esekfom/../mtk/types/../src/mtkmath.hpp: In instantiation of \xe2\x80\x98std::pair<_FIter, _FIter> MTK::cos_sinc_sqrt(const scalar&) [with scalar = double]\xe2\x80\x99:\n'}
[38.976833] (fast_lio) StderrLine: {'line': b'/home/seeed/ros2/ws/src/slam/fast_lio/include/IKFoM_toolkit/esekfom/../mtk/types/../src/mtkmath.hpp:252:52:   required from \xe2\x80\x98scalar MTK::exp(MTK::vectview<scalar, dim>, MTK::vectview<const scalar, dim>, const scalar&) [with scalar = double; int n = 3]\xe2\x80\x99\n'}
[38.976963] (fast_lio) StderrLine: {'line': b'/home/seeed/ros2/ws/src/slam/fast_lio/include/IKFoM_toolkit/esekfom/../mtk/types/S2.hpp:140:32:   required from \xe2\x80\x98void MTK::S2<_scalar, den, num, S2_typ>::boxplus(MTK::vectview<const _scalar, 2>, MTK::S2<_scalar, den, num, S2_typ>::scalar) [with _scalar = double; int den = 98090; int num = 10000; int S2_typ = 1; MTK::S2<_scalar, den, num, S2_typ>::scalar = double]\xe2\x80\x99\n'}
[38.977144] (fast_lio) StderrLine: {'line': b'/home/seeed/ros2/ws/src/slam/fast_lio/include/use-ikfom.hpp:12:1:   required from here\n'}
[38.977270] (fast_lio) StderrLine: {'line': b'/home/seeed/ros2/ws/src/slam/fast_lio/include/IKFoM_toolkit/esekfom/../mtk/types/../src/mtkmath.hpp:143:27: note: parameter passing for argument of type \xe2\x80\x98std::pair<double, double>\xe2\x80\x99 when C++17 is enabled changed to match C++14 in GCC 10.1\n'}
[38.977396] (fast_lio) StderrLine: {'line': b'  143 | std::pair<scalar, scalar> cos_sinc_sqrt(const scalar &x2){\n'}
[38.977517] (fast_lio) StderrLine: {'line': b'      |                           ^~~~~~~~~~~~~\n'}
[39.015787] (-) TimerEvent: {}
[39.116048] (-) TimerEvent: {}
[39.216326] (-) TimerEvent: {}
[39.316671] (-) TimerEvent: {}
[39.417008] (-) TimerEvent: {}
[39.517260] (-) TimerEvent: {}
[39.617487] (-) TimerEvent: {}
[39.717719] (-) TimerEvent: {}
[39.817954] (-) TimerEvent: {}
[39.918226] (-) TimerEvent: {}
[40.018578] (-) TimerEvent: {}
[40.118903] (-) TimerEvent: {}
[40.219153] (-) TimerEvent: {}
[40.319460] (-) TimerEvent: {}
[40.419789] (-) TimerEvent: {}
[40.520053] (-) TimerEvent: {}
[40.620317] (-) TimerEvent: {}
[40.720562] (-) TimerEvent: {}
[40.820805] (-) TimerEvent: {}
[40.921080] (-) TimerEvent: {}
[41.021387] (-) TimerEvent: {}
[41.121630] (-) TimerEvent: {}
[41.221872] (-) TimerEvent: {}
[41.322191] (-) TimerEvent: {}
[41.422521] (-) TimerEvent: {}
[41.522777] (-) TimerEvent: {}
[41.623007] (-) TimerEvent: {}
[41.723240] (-) TimerEvent: {}
[41.823481] (-) TimerEvent: {}
[41.923767] (-) TimerEvent: {}
[42.024073] (-) TimerEvent: {}
[42.124344] (-) TimerEvent: {}
[42.224571] (-) TimerEvent: {}
[42.324791] (-) TimerEvent: {}
[42.425092] (-) TimerEvent: {}
[42.525425] (-) TimerEvent: {}
[42.625729] (-) TimerEvent: {}
[42.725991] (-) TimerEvent: {}
[42.826284] (-) TimerEvent: {}
[42.926622] (-) TimerEvent: {}
[43.026922] (-) TimerEvent: {}
[43.127222] (-) TimerEvent: {}
[43.227536] (-) TimerEvent: {}
[43.327808] (-) TimerEvent: {}
[43.428144] (-) TimerEvent: {}
[43.528466] (-) TimerEvent: {}
[43.628759] (-) TimerEvent: {}
[43.729085] (-) TimerEvent: {}
[43.829384] (-) TimerEvent: {}
[43.929677] (-) TimerEvent: {}
[44.029974] (-) TimerEvent: {}
[44.130235] (-) TimerEvent: {}
[44.230474] (-) TimerEvent: {}
[44.330697] (-) TimerEvent: {}
[44.430991] (-) TimerEvent: {}
[44.531313] (-) TimerEvent: {}
[44.631550] (-) TimerEvent: {}
[44.731778] (-) TimerEvent: {}
[44.832003] (-) TimerEvent: {}
[44.932245] (-) TimerEvent: {}
[45.032545] (-) TimerEvent: {}
[45.132832] (-) TimerEvent: {}
[45.233134] (-) TimerEvent: {}
[45.333393] (-) TimerEvent: {}
[45.433707] (-) TimerEvent: {}
[45.534030] (-) TimerEvent: {}
[45.634278] (-) TimerEvent: {}
[45.734505] (-) TimerEvent: {}
[45.834739] (-) TimerEvent: {}
[45.935024] (-) TimerEvent: {}
[46.035318] (-) TimerEvent: {}
[46.135556] (-) TimerEvent: {}
[46.235785] (-) TimerEvent: {}
[46.336005] (-) TimerEvent: {}
[46.436256] (-) TimerEvent: {}
[46.536549] (-) TimerEvent: {}
[46.636797] (-) TimerEvent: {}
[46.737026] (-) TimerEvent: {}
[46.837265] (-) TimerEvent: {}
[46.937562] (-) TimerEvent: {}
[47.037873] (-) TimerEvent: {}
[47.138126] (-) TimerEvent: {}
[47.238380] (-) TimerEvent: {}
[47.338633] (-) TimerEvent: {}
[47.438941] (-) TimerEvent: {}
[47.539322] (-) TimerEvent: {}
[47.639641] (-) TimerEvent: {}
[47.739890] (-) TimerEvent: {}
[47.840149] (-) TimerEvent: {}
[47.940442] (-) TimerEvent: {}
[48.040737] (-) TimerEvent: {}
[48.140978] (-) TimerEvent: {}
[48.241208] (-) TimerEvent: {}
[48.341428] (-) TimerEvent: {}
[48.441650] (-) TimerEvent: {}
[48.541957] (-) TimerEvent: {}
[48.642326] (-) TimerEvent: {}
[48.742635] (-) TimerEvent: {}
[48.842891] (-) TimerEvent: {}
[48.943185] (-) TimerEvent: {}
[49.043490] (-) TimerEvent: {}
[49.143740] (-) TimerEvent: {}
[49.243977] (-) TimerEvent: {}
[49.344209] (-) TimerEvent: {}
[49.444471] (-) TimerEvent: {}
[49.544801] (-) TimerEvent: {}
[49.645151] (-) TimerEvent: {}
[49.745440] (-) TimerEvent: {}
[49.845735] (-) TimerEvent: {}
[49.946043] (-) TimerEvent: {}
[50.046310] (-) TimerEvent: {}
[50.146554] (-) TimerEvent: {}
[50.246784] (-) TimerEvent: {}
[50.347023] (-) TimerEvent: {}
[50.447261] (-) TimerEvent: {}
[50.547591] (-) TimerEvent: {}
[50.647952] (-) TimerEvent: {}
[50.748199] (-) TimerEvent: {}
[50.848473] (-) TimerEvent: {}
[50.948778] (-) TimerEvent: {}
[51.049098] (-) TimerEvent: {}
[51.149402] (-) TimerEvent: {}
[51.249654] (-) TimerEvent: {}
[51.349913] (-) TimerEvent: {}
[51.450176] (-) TimerEvent: {}
[51.550407] (-) TimerEvent: {}
[51.650713] (-) TimerEvent: {}
[51.751047] (-) TimerEvent: {}
[51.851351] (-) TimerEvent: {}
[51.951663] (-) TimerEvent: {}
[52.051937] (-) TimerEvent: {}
[52.152193] (-) TimerEvent: {}
[52.252422] (-) TimerEvent: {}
[52.352657] (-) TimerEvent: {}
[52.452891] (-) TimerEvent: {}
[52.553110] (-) TimerEvent: {}
[52.653410] (-) TimerEvent: {}
[52.753752] (-) TimerEvent: {}
[52.854050] (-) TimerEvent: {}
[52.954357] (-) TimerEvent: {}
[53.054675] (-) TimerEvent: {}
[53.155022] (-) TimerEvent: {}
[53.255334] (-) TimerEvent: {}
[53.355609] (-) TimerEvent: {}
[53.455888] (-) TimerEvent: {}
[53.556147] (-) TimerEvent: {}
[53.656467] (-) TimerEvent: {}
[53.756818] (-) TimerEvent: {}
[53.857128] (-) TimerEvent: {}
[53.957434] (-) TimerEvent: {}
[54.057757] (-) TimerEvent: {}
[54.158083] (-) TimerEvent: {}
[54.258352] (-) TimerEvent: {}
[54.358612] (-) TimerEvent: {}
[54.458862] (-) TimerEvent: {}
[54.559079] (-) TimerEvent: {}
[54.659384] (-) TimerEvent: {}
[54.759731] (-) TimerEvent: {}
[54.860043] (-) TimerEvent: {}
[54.960378] (-) TimerEvent: {}
[55.060646] (-) TimerEvent: {}
[55.160950] (-) TimerEvent: {}
[55.261258] (-) TimerEvent: {}
[55.361537] (-) TimerEvent: {}
[55.461816] (-) TimerEvent: {}
[55.562067] (-) TimerEvent: {}
[55.662364] (-) TimerEvent: {}
[55.762681] (-) TimerEvent: {}
[55.863029] (-) TimerEvent: {}
[55.963328] (-) TimerEvent: {}
[56.063597] (-) TimerEvent: {}
[56.163842] (-) TimerEvent: {}
[56.264068] (-) TimerEvent: {}
[56.364316] (-) TimerEvent: {}
[56.464547] (-) TimerEvent: {}
[56.564780] (-) TimerEvent: {}
[56.665012] (-) TimerEvent: {}
[56.765318] (-) TimerEvent: {}
[56.865679] (-) TimerEvent: {}
[56.966027] (-) TimerEvent: {}
[57.066349] (-) TimerEvent: {}
[57.166614] (-) TimerEvent: {}
[57.266858] (-) TimerEvent: {}
[57.367108] (-) TimerEvent: {}
[57.467373] (-) TimerEvent: {}
[57.567616] (-) TimerEvent: {}
[57.667851] (-) TimerEvent: {}
[57.768192] (-) TimerEvent: {}
[57.868568] (-) TimerEvent: {}
[57.968877] (-) TimerEvent: {}
[58.069141] (-) TimerEvent: {}
[58.169402] (-) TimerEvent: {}
[58.269654] (-) TimerEvent: {}
[58.369878] (-) TimerEvent: {}
[58.470102] (-) TimerEvent: {}
[58.570337] (-) TimerEvent: {}
[58.670619] (-) TimerEvent: {}
[58.770992] (-) TimerEvent: {}
[58.871369] (-) TimerEvent: {}
[58.971686] (-) TimerEvent: {}
[59.071942] (-) TimerEvent: {}
[59.172203] (-) TimerEvent: {}
[59.272453] (-) TimerEvent: {}
[59.372702] (-) TimerEvent: {}
[59.472974] (-) TimerEvent: {}
[59.573223] (-) TimerEvent: {}
[59.673451] (-) TimerEvent: {}
[59.773761] (-) TimerEvent: {}
[59.874129] (-) TimerEvent: {}
[59.974438] (-) TimerEvent: {}
[60.074698] (-) TimerEvent: {}
[60.174972] (-) TimerEvent: {}
[60.275214] (-) TimerEvent: {}
[60.375443] (-) TimerEvent: {}
[60.475663] (-) TimerEvent: {}
[60.575893] (-) TimerEvent: {}
[60.676134] (-) TimerEvent: {}
[60.776421] (-) TimerEvent: {}
[60.876784] (-) TimerEvent: {}
[60.977112] (-) TimerEvent: {}
[61.077379] (-) TimerEvent: {}
[61.177634] (-) TimerEvent: {}
[61.277881] (-) TimerEvent: {}
[61.378125] (-) TimerEvent: {}
[61.478385] (-) TimerEvent: {}
[61.578624] (-) TimerEvent: {}
[61.678845] (-) TimerEvent: {}
[61.779065] (-) TimerEvent: {}
[61.879375] (-) TimerEvent: {}
[61.979718] (-) TimerEvent: {}
[62.079983] (-) TimerEvent: {}
[62.180198] (-) TimerEvent: {}
[62.280442] (-) TimerEvent: {}
[62.380684] (-) TimerEvent: {}
[62.480916] (-) TimerEvent: {}
[62.581143] (-) TimerEvent: {}
[62.681369] (-) TimerEvent: {}
[62.781590] (-) TimerEvent: {}
[62.881897] (-) TimerEvent: {}
[62.982239] (-) TimerEvent: {}
[63.082555] (-) TimerEvent: {}
[63.182939] (-) TimerEvent: {}
[63.283297] (-) TimerEvent: {}
[63.383631] (-) TimerEvent: {}
[63.483908] (-) TimerEvent: {}
[63.584206] (-) TimerEvent: {}
[63.684533] (-) TimerEvent: {}
[63.784838] (-) TimerEvent: {}
[63.885167] (-) TimerEvent: {}
[63.985502] (-) TimerEvent: {}
[64.085766] (-) TimerEvent: {}
[64.186005] (-) TimerEvent: {}
[64.286243] (-) TimerEvent: {}
[64.386471] (-) TimerEvent: {}
[64.486695] (-) TimerEvent: {}
[64.586920] (-) TimerEvent: {}
[64.687158] (-) TimerEvent: {}
[64.787383] (-) TimerEvent: {}
[64.887688] (-) TimerEvent: {}
[64.988037] (-) TimerEvent: {}
[65.088327] (-) TimerEvent: {}
[65.188572] (-) TimerEvent: {}
[65.288805] (-) TimerEvent: {}
[65.389056] (-) TimerEvent: {}
[65.489313] (-) TimerEvent: {}
[65.589550] (-) TimerEvent: {}
[65.689776] (-) TimerEvent: {}
[65.789996] (-) TimerEvent: {}
[65.890290] (-) TimerEvent: {}
[65.990672] (-) TimerEvent: {}
[66.091011] (-) TimerEvent: {}
[66.191272] (-) TimerEvent: {}
[66.291509] (-) TimerEvent: {}
[66.391744] (-) TimerEvent: {}
[66.491970] (-) TimerEvent: {}
[66.592205] (-) TimerEvent: {}
[66.692424] (-) TimerEvent: {}
[66.792643] (-) TimerEvent: {}
[66.892917] (-) TimerEvent: {}
[66.993299] (-) TimerEvent: {}
[67.093648] (-) TimerEvent: {}
[67.193909] (-) TimerEvent: {}
[67.294151] (-) TimerEvent: {}
[67.394434] (-) TimerEvent: {}
[67.494746] (-) TimerEvent: {}
[67.595002] (-) TimerEvent: {}
[67.695240] (-) TimerEvent: {}
[67.795480] (-) TimerEvent: {}
[67.895760] (-) TimerEvent: {}
[67.996173] (-) TimerEvent: {}
[68.096557] (-) TimerEvent: {}
[68.196910] (-) TimerEvent: {}
[68.297166] (-) TimerEvent: {}
[68.397420] (-) TimerEvent: {}
[68.497670] (-) TimerEvent: {}
[68.597904] (-) TimerEvent: {}
[68.698190] (-) TimerEvent: {}
[68.798510] (-) TimerEvent: {}
[68.898822] (-) TimerEvent: {}
[68.999210] (-) TimerEvent: {}
[69.099599] (-) TimerEvent: {}
[69.199887] (-) TimerEvent: {}
[69.300154] (-) TimerEvent: {}
[69.400410] (-) TimerEvent: {}
[69.500686] (-) TimerEvent: {}
[69.600961] (-) TimerEvent: {}
[69.701236] (-) TimerEvent: {}
[69.801504] (-) TimerEvent: {}
[69.901812] (-) TimerEvent: {}
[70.002192] (-) TimerEvent: {}
[70.102544] (-) TimerEvent: {}
[70.202831] (-) TimerEvent: {}
[70.303089] (-) TimerEvent: {}
[70.403355] (-) TimerEvent: {}
[70.503611] (-) TimerEvent: {}
[70.603846] (-) TimerEvent: {}
[70.704072] (-) TimerEvent: {}
[70.804320] (-) TimerEvent: {}
[70.904595] (-) TimerEvent: {}
[71.004904] (-) TimerEvent: {}
[71.105244] (-) TimerEvent: {}
[71.205584] (-) TimerEvent: {}
[71.305855] (-) TimerEvent: {}
[71.406111] (-) TimerEvent: {}
[71.506427] (-) TimerEvent: {}
[71.606740] (-) TimerEvent: {}
[71.706991] (-) TimerEvent: {}
[71.807232] (-) TimerEvent: {}
[71.907518] (-) TimerEvent: {}
[72.007820] (-) TimerEvent: {}
[72.108185] (-) TimerEvent: {}
[72.208519] (-) TimerEvent: {}
[72.308782] (-) TimerEvent: {}
[72.409024] (-) TimerEvent: {}
[72.509267] (-) TimerEvent: {}
[72.609514] (-) TimerEvent: {}
[72.709755] (-) TimerEvent: {}
[72.809978] (-) TimerEvent: {}
[72.910261] (-) TimerEvent: {}
[73.010565] (-) TimerEvent: {}
[73.110907] (-) TimerEvent: {}
[73.211343] (-) TimerEvent: {}
[73.311667] (-) TimerEvent: {}
[73.411935] (-) TimerEvent: {}
[73.512203] (-) TimerEvent: {}
[73.612461] (-) TimerEvent: {}
[73.712754] (-) TimerEvent: {}
[73.813065] (-) TimerEvent: {}
[73.913376] (-) TimerEvent: {}
[74.013685] (-) TimerEvent: {}
[74.114012] (-) TimerEvent: {}
[74.214364] (-) TimerEvent: {}
[74.314641] (-) TimerEvent: {}
[74.414888] (-) TimerEvent: {}
[74.515146] (-) TimerEvent: {}
[74.615405] (-) TimerEvent: {}
[74.715637] (-) TimerEvent: {}
[74.815865] (-) TimerEvent: {}
[74.916180] (-) TimerEvent: {}
[75.016493] (-) TimerEvent: {}
[75.116828] (-) TimerEvent: {}
[75.217165] (-) TimerEvent: {}
[75.317428] (-) TimerEvent: {}
[75.417664] (-) TimerEvent: {}
[75.517901] (-) TimerEvent: {}
[75.618189] (-) TimerEvent: {}
[75.718490] (-) TimerEvent: {}
[75.818740] (-) TimerEvent: {}
[75.919026] (-) TimerEvent: {}
[76.019337] (-) TimerEvent: {}
[76.119591] (-) TimerEvent: {}
[76.219909] (-) TimerEvent: {}
[76.320209] (-) TimerEvent: {}
[76.420470] (-) TimerEvent: {}
[76.520720] (-) TimerEvent: {}
[76.620966] (-) TimerEvent: {}
[76.721199] (-) TimerEvent: {}
[76.821424] (-) TimerEvent: {}
[76.921707] (-) TimerEvent: {}
[77.022016] (-) TimerEvent: {}
[77.122264] (-) TimerEvent: {}
[77.222583] (-) TimerEvent: {}
[77.322932] (-) TimerEvent: {}
[77.423204] (-) TimerEvent: {}
[77.523454] (-) TimerEvent: {}
[77.623703] (-) TimerEvent: {}
[77.723953] (-) TimerEvent: {}
[77.824189] (-) TimerEvent: {}
[77.924467] (-) TimerEvent: {}
[78.024783] (-) TimerEvent: {}
[78.125036] (-) TimerEvent: {}
[78.225363] (-) TimerEvent: {}
[78.325706] (-) TimerEvent: {}
[78.425965] (-) TimerEvent: {}
[78.526201] (-) TimerEvent: {}
[78.626492] (-) TimerEvent: {}
[78.726830] (-) TimerEvent: {}
[78.827136] (-) TimerEvent: {}
[78.927449] (-) TimerEvent: {}
[79.027756] (-) TimerEvent: {}
[79.128012] (-) TimerEvent: {}
[79.228353] (-) TimerEvent: {}
[79.328686] (-) TimerEvent: {}
[79.428944] (-) TimerEvent: {}
[79.529186] (-) TimerEvent: {}
[79.629426] (-) TimerEvent: {}
[79.729705] (-) TimerEvent: {}
[79.830005] (-) TimerEvent: {}
[79.930297] (-) TimerEvent: {}
[80.030586] (-) TimerEvent: {}
[80.130845] (-) TimerEvent: {}
[80.231164] (-) TimerEvent: {}
[80.331542] (-) TimerEvent: {}
[80.431891] (-) TimerEvent: {}
[80.532178] (-) TimerEvent: {}
[80.632427] (-) TimerEvent: {}
[80.732680] (-) TimerEvent: {}
[80.832910] (-) TimerEvent: {}
[80.933195] (-) TimerEvent: {}
[81.033521] (-) TimerEvent: {}
[81.133786] (-) TimerEvent: {}
[81.234026] (-) TimerEvent: {}
[81.334349] (-) TimerEvent: {}
[81.434684] (-) TimerEvent: {}
[81.534937] (-) TimerEvent: {}
[81.635171] (-) TimerEvent: {}
[81.735400] (-) TimerEvent: {}
[81.835621] (-) TimerEvent: {}
[81.935896] (-) TimerEvent: {}
[82.036216] (-) TimerEvent: {}
[82.136473] (-) TimerEvent: {}
[82.236697] (-) TimerEvent: {}
[82.337052] (-) TimerEvent: {}
[82.437380] (-) TimerEvent: {}
[82.537630] (-) TimerEvent: {}
[82.637858] (-) TimerEvent: {}
[82.738100] (-) TimerEvent: {}
[82.838352] (-) TimerEvent: {}
[82.938649] (-) TimerEvent: {}
[83.038957] (-) TimerEvent: {}
[83.139276] (-) TimerEvent: {}
[83.239586] (-) TimerEvent: {}
[83.339930] (-) TimerEvent: {}
[83.440296] (-) TimerEvent: {}
[83.540573] (-) TimerEvent: {}
[83.640864] (-) TimerEvent: {}
[83.741179] (-) TimerEvent: {}
[83.841450] (-) TimerEvent: {}
[83.941746] (-) TimerEvent: {}
[84.042066] (-) TimerEvent: {}
[84.142345] (-) TimerEvent: {}
[84.242591] (-) TimerEvent: {}
[84.342912] (-) TimerEvent: {}
[84.443257] (-) TimerEvent: {}
[84.543531] (-) TimerEvent: {}
[84.643781] (-) TimerEvent: {}
[84.744034] (-) TimerEvent: {}
[84.844304] (-) TimerEvent: {}
[84.944583] (-) TimerEvent: {}
[85.044886] (-) TimerEvent: {}
[85.145137] (-) TimerEvent: {}
[85.245369] (-) TimerEvent: {}
[85.345642] (-) TimerEvent: {}
[85.445997] (-) TimerEvent: {}
[85.546337] (-) TimerEvent: {}
[85.646610] (-) TimerEvent: {}
[85.746855] (-) TimerEvent: {}
[85.847134] (-) TimerEvent: {}
[85.947404] (-) TimerEvent: {}
[86.047639] (-) TimerEvent: {}
[86.147883] (-) TimerEvent: {}
[86.248132] (-) TimerEvent: {}
[86.348357] (-) TimerEvent: {}
[86.448661] (-) TimerEvent: {}
[86.548986] (-) TimerEvent: {}
[86.649234] (-) TimerEvent: {}
[86.749467] (-) TimerEvent: {}
[86.849746] (-) TimerEvent: {}
[86.950036] (-) TimerEvent: {}
[87.050290] (-) TimerEvent: {}
[87.150528] (-) TimerEvent: {}
[87.250762] (-) TimerEvent: {}
[87.350986] (-) TimerEvent: {}
[87.451282] (-) TimerEvent: {}
[87.551616] (-) TimerEvent: {}
[87.651884] (-) TimerEvent: {}
[87.752151] (-) TimerEvent: {}
[87.852455] (-) TimerEvent: {}
[87.952763] (-) TimerEvent: {}
[88.053008] (-) TimerEvent: {}
[88.153238] (-) TimerEvent: {}
[88.253459] (-) TimerEvent: {}
[88.353684] (-) TimerEvent: {}
[88.453987] (-) TimerEvent: {}
[88.554318] (-) TimerEvent: {}
[88.654617] (-) TimerEvent: {}
[88.754909] (-) TimerEvent: {}
[88.855202] (-) TimerEvent: {}
[88.955494] (-) TimerEvent: {}
[89.055737] (-) TimerEvent: {}
[89.155963] (-) TimerEvent: {}
[89.256195] (-) TimerEvent: {}
[89.356413] (-) TimerEvent: {}
[89.456701] (-) TimerEvent: {}
[89.557012] (-) TimerEvent: {}
[89.657257] (-) TimerEvent: {}
[89.757497] (-) TimerEvent: {}
[89.857766] (-) TimerEvent: {}
[89.958047] (-) TimerEvent: {}
[90.058303] (-) TimerEvent: {}
[90.158567] (-) TimerEvent: {}
[90.258850] (-) TimerEvent: {}
[90.359141] (-) TimerEvent: {}
[90.459384] (-) TimerEvent: {}
[90.559693] (-) TimerEvent: {}
[90.660026] (-) TimerEvent: {}
[90.760324] (-) TimerEvent: {}
[90.860627] (-) TimerEvent: {}
[90.960947] (-) TimerEvent: {}
[91.061209] (-) TimerEvent: {}
[91.161451] (-) TimerEvent: {}
[91.261714] (-) TimerEvent: {}
[91.361983] (-) TimerEvent: {}
[91.462219] (-) TimerEvent: {}
[91.562532] (-) TimerEvent: {}
[91.662864] (-) TimerEvent: {}
[91.763137] (-) TimerEvent: {}
[91.863434] (-) TimerEvent: {}
[91.963782] (-) TimerEvent: {}
[92.064088] (-) TimerEvent: {}
[92.164348] (-) TimerEvent: {}
[92.264579] (-) TimerEvent: {}
[92.364805] (-) TimerEvent: {}
[92.465030] (-) TimerEvent: {}
[92.565338] (-) TimerEvent: {}
[92.665670] (-) TimerEvent: {}
[92.765924] (-) TimerEvent: {}
[92.866212] (-) TimerEvent: {}
[92.966534] (-) TimerEvent: {}
[93.066802] (-) TimerEvent: {}
[93.167118] (-) TimerEvent: {}
[93.267432] (-) TimerEvent: {}
[93.367693] (-) TimerEvent: {}
[93.467917] (-) TimerEvent: {}
[93.568246] (-) TimerEvent: {}
[93.668618] (-) TimerEvent: {}
[93.768914] (-) TimerEvent: {}
[93.869210] (-) TimerEvent: {}
[93.969529] (-) TimerEvent: {}
[94.069793] (-) TimerEvent: {}
[94.170022] (-) TimerEvent: {}
[94.270248] (-) TimerEvent: {}
[94.370471] (-) TimerEvent: {}
[94.470688] (-) TimerEvent: {}
[94.570970] (-) TimerEvent: {}
[94.671271] (-) TimerEvent: {}
[94.771521] (-) TimerEvent: {}
[94.871806] (-) TimerEvent: {}
[94.972136] (-) TimerEvent: {}
[95.072402] (-) TimerEvent: {}
[95.172638] (-) TimerEvent: {}
[95.272862] (-) TimerEvent: {}
[95.373123] (-) TimerEvent: {}
[95.473407] (-) TimerEvent: {}
[95.573651] (-) TimerEvent: {}
[95.674006] (-) TimerEvent: {}
[95.774338] (-) TimerEvent: {}
[95.874654] (-) TimerEvent: {}
[95.974973] (-) TimerEvent: {}
[96.075279] (-) TimerEvent: {}
[96.175582] (-) TimerEvent: {}
[96.275821] (-) TimerEvent: {}
[96.376059] (-) TimerEvent: {}
[96.476318] (-) TimerEvent: {}
[96.576543] (-) TimerEvent: {}
[96.676832] (-) TimerEvent: {}
[96.777152] (-) TimerEvent: {}
[96.877455] (-) TimerEvent: {}
[96.977768] (-) TimerEvent: {}
[97.078039] (-) TimerEvent: {}
[97.178294] (-) TimerEvent: {}
[97.278527] (-) TimerEvent: {}
[97.378753] (-) TimerEvent: {}
[97.478985] (-) TimerEvent: {}
[97.579209] (-) TimerEvent: {}
[97.679498] (-) TimerEvent: {}
[97.779819] (-) TimerEvent: {}
[97.880144] (-) TimerEvent: {}
[97.980449] (-) TimerEvent: {}
[98.080712] (-) TimerEvent: {}
[98.180969] (-) TimerEvent: {}
[98.281201] (-) TimerEvent: {}
[98.381435] (-) TimerEvent: {}
[98.481671] (-) TimerEvent: {}
[98.581890] (-) TimerEvent: {}
[98.682230] (-) TimerEvent: {}
[98.782553] (-) TimerEvent: {}
[98.882856] (-) TimerEvent: {}
[98.983154] (-) TimerEvent: {}
[99.083407] (-) TimerEvent: {}
[99.183651] (-) TimerEvent: {}
[99.283878] (-) TimerEvent: {}
[99.384100] (-) TimerEvent: {}
[99.484341] (-) TimerEvent: {}
[99.584558] (-) TimerEvent: {}
[99.684832] (-) TimerEvent: {}
[99.785172] (-) TimerEvent: {}
[99.885518] (-) TimerEvent: {}
[99.985820] (-) TimerEvent: {}
[100.086078] (-) TimerEvent: {}
[100.186380] (-) TimerEvent: {}
[100.286672] (-) TimerEvent: {}
[100.386911] (-) TimerEvent: {}
[100.487150] (-) TimerEvent: {}
[100.587376] (-) TimerEvent: {}
[100.687593] (-) TimerEvent: {}
[100.787879] (-) TimerEvent: {}
[100.888244] (-) TimerEvent: {}
[100.988546] (-) TimerEvent: {}
[101.088803] (-) TimerEvent: {}
[101.189047] (-) TimerEvent: {}
[101.289281] (-) TimerEvent: {}
[101.389503] (-) TimerEvent: {}
[101.489733] (-) TimerEvent: {}
[101.589957] (-) TimerEvent: {}
[101.690177] (-) TimerEvent: {}
[101.790471] (-) TimerEvent: {}
[101.890825] (-) TimerEvent: {}
[101.991125] (-) TimerEvent: {}
[102.091376] (-) TimerEvent: {}
[102.191613] (-) TimerEvent: {}
[102.291839] (-) TimerEvent: {}
[102.392063] (-) TimerEvent: {}
[102.492300] (-) TimerEvent: {}
[102.592537] (-) TimerEvent: {}
[102.692755] (-) TimerEvent: {}
[102.793043] (-) TimerEvent: {}
[102.893396] (-) TimerEvent: {}
[102.993698] (-) TimerEvent: {}
[103.093993] (-) TimerEvent: {}
[103.194328] (-) TimerEvent: {}
[103.294638] (-) TimerEvent: {}
[103.394898] (-) TimerEvent: {}
[103.495136] (-) TimerEvent: {}
[103.595417] (-) TimerEvent: {}
[103.695767] (-) TimerEvent: {}
[103.796173] (-) TimerEvent: {}
[103.896531] (-) TimerEvent: {}
[103.996876] (-) TimerEvent: {}
[104.097187] (-) TimerEvent: {}
[104.197448] (-) TimerEvent: {}
[104.297703] (-) TimerEvent: {}
[104.397939] (-) TimerEvent: {}
[104.498184] (-) TimerEvent: {}
[104.598429] (-) TimerEvent: {}
[104.698655] (-) TimerEvent: {}
[104.798883] (-) TimerEvent: {}
[104.899203] (-) TimerEvent: {}
[104.999534] (-) TimerEvent: {}
[105.099789] (-) TimerEvent: {}
[105.200043] (-) TimerEvent: {}
[105.300313] (-) TimerEvent: {}
[105.400545] (-) TimerEvent: {}
[105.500768] (-) TimerEvent: {}
[105.600992] (-) TimerEvent: {}
[105.701241] (-) TimerEvent: {}
[105.801484] (-) TimerEvent: {}
[105.901795] (-) TimerEvent: {}
[106.002114] (-) TimerEvent: {}
[106.102374] (-) TimerEvent: {}
[106.202665] (-) TimerEvent: {}
[106.302978] (-) TimerEvent: {}
[106.403243] (-) TimerEvent: {}
[106.503469] (-) TimerEvent: {}
[106.603682] (-) TimerEvent: {}
[106.703902] (-) TimerEvent: {}
[106.804128] (-) TimerEvent: {}
[106.904415] (-) TimerEvent: {}
[107.004730] (-) TimerEvent: {}
[107.104981] (-) TimerEvent: {}
[107.205210] (-) TimerEvent: {}
[107.305449] (-) TimerEvent: {}
[107.405691] (-) TimerEvent: {}
[107.505922] (-) TimerEvent: {}
[107.606139] (-) TimerEvent: {}
[107.706355] (-) TimerEvent: {}
[107.806587] (-) TimerEvent: {}
[107.906892] (-) TimerEvent: {}
[108.007253] (-) TimerEvent: {}
[108.107562] (-) TimerEvent: {}
[108.207804] (-) TimerEvent: {}
[108.308044] (-) TimerEvent: {}
[108.408350] (-) TimerEvent: {}
[108.508637] (-) TimerEvent: {}
[108.608928] (-) TimerEvent: {}
[108.709211] (-) TimerEvent: {}
[108.809519] (-) TimerEvent: {}
[108.909830] (-) TimerEvent: {}
[109.010139] (-) TimerEvent: {}
[109.110377] (-) TimerEvent: {}
[109.210601] (-) TimerEvent: {}
[109.310829] (-) TimerEvent: {}
[109.411058] (-) TimerEvent: {}
[109.511276] (-) TimerEvent: {}
[109.611487] (-) TimerEvent: {}
[109.711703] (-) TimerEvent: {}
[109.811930] (-) TimerEvent: {}
[109.912243] (-) TimerEvent: {}
[110.012588] (-) TimerEvent: {}
[110.112899] (-) TimerEvent: {}
[110.213140] (-) TimerEvent: {}
[110.313362] (-) TimerEvent: {}
[110.413590] (-) TimerEvent: {}
[110.513814] (-) TimerEvent: {}
[110.614028] (-) TimerEvent: {}
[110.714239] (-) TimerEvent: {}
[110.814467] (-) TimerEvent: {}
[110.914735] (-) TimerEvent: {}
[111.015081] (-) TimerEvent: {}
[111.115399] (-) TimerEvent: {}
[111.215649] (-) TimerEvent: {}
[111.315897] (-) TimerEvent: {}
[111.416156] (-) TimerEvent: {}
[111.516399] (-) TimerEvent: {}
[111.616621] (-) TimerEvent: {}
[111.716839] (-) TimerEvent: {}
[111.817077] (-) TimerEvent: {}
[111.917376] (-) TimerEvent: {}
[112.017722] (-) TimerEvent: {}
[112.118035] (-) TimerEvent: {}
[112.218275] (-) TimerEvent: {}
[112.318495] (-) TimerEvent: {}
[112.418765] (-) TimerEvent: {}
[112.519049] (-) TimerEvent: {}
[112.619288] (-) TimerEvent: {}
[112.719510] (-) TimerEvent: {}
[112.819722] (-) TimerEvent: {}
[112.919988] (-) TimerEvent: {}
[113.020353] (-) TimerEvent: {}
[113.120697] (-) TimerEvent: {}
[113.221026] (-) TimerEvent: {}
[113.321324] (-) TimerEvent: {}
[113.421587] (-) TimerEvent: {}
[113.521843] (-) TimerEvent: {}
[113.622085] (-) TimerEvent: {}
[113.722366] (-) TimerEvent: {}
[113.822683] (-) TimerEvent: {}
[113.923005] (-) TimerEvent: {}
[114.023356] (-) TimerEvent: {}
[114.123661] (-) TimerEvent: {}
[114.223909] (-) TimerEvent: {}
[114.324152] (-) TimerEvent: {}
[114.424384] (-) TimerEvent: {}
[114.524614] (-) TimerEvent: {}
[114.624832] (-) TimerEvent: {}
[114.725051] (-) TimerEvent: {}
[114.825257] (-) TimerEvent: {}
[114.925519] (-) TimerEvent: {}
[115.025804] (-) TimerEvent: {}
[115.126108] (-) TimerEvent: {}
[115.226415] (-) TimerEvent: {}
[115.326658] (-) TimerEvent: {}
[115.426886] (-) TimerEvent: {}
[115.527129] (-) TimerEvent: {}
[115.627355] (-) TimerEvent: {}
[115.727576] (-) TimerEvent: {}
[115.827813] (-) TimerEvent: {}
[115.928151] (-) TimerEvent: {}
[116.028446] (-) TimerEvent: {}
[116.128748] (-) TimerEvent: {}
[116.229052] (-) TimerEvent: {}
[116.329287] (-) TimerEvent: {}
[116.429517] (-) TimerEvent: {}
[116.529791] (-) TimerEvent: {}
[116.630077] (-) TimerEvent: {}
[116.730302] (-) TimerEvent: {}
[116.830527] (-) TimerEvent: {}
[116.930795] (-) TimerEvent: {}
[117.031084] (-) TimerEvent: {}
[117.131374] (-) TimerEvent: {}
[117.231678] (-) TimerEvent: {}
[117.331924] (-) TimerEvent: {}
[117.432169] (-) TimerEvent: {}
[117.532410] (-) TimerEvent: {}
[117.632665] (-) TimerEvent: {}
[117.732904] (-) TimerEvent: {}
[117.833163] (-) TimerEvent: {}
[117.933478] (-) TimerEvent: {}
[118.033787] (-) TimerEvent: {}
[118.134091] (-) TimerEvent: {}
[118.234402] (-) TimerEvent: {}
[118.334663] (-) TimerEvent: {}
[118.434913] (-) TimerEvent: {}
[118.535158] (-) TimerEvent: {}
[118.635453] (-) TimerEvent: {}
[118.735770] (-) TimerEvent: {}
[118.836067] (-) TimerEvent: {}
[118.936383] (-) TimerEvent: {}
[119.036716] (-) TimerEvent: {}
[119.136960] (-) TimerEvent: {}
[119.237252] (-) TimerEvent: {}
[119.337569] (-) TimerEvent: {}
[119.437810] (-) TimerEvent: {}
[119.538048] (-) TimerEvent: {}
[119.638281] (-) TimerEvent: {}
[119.738503] (-) TimerEvent: {}
[119.838738] (-) TimerEvent: {}
[119.939044] (-) TimerEvent: {}
[120.039341] (-) TimerEvent: {}
[120.139594] (-) TimerEvent: {}
[120.239846] (-) TimerEvent: {}
[120.340081] (-) TimerEvent: {}
[120.440317] (-) TimerEvent: {}
[120.540531] (-) TimerEvent: {}
[120.640812] (-) TimerEvent: {}
[120.741107] (-) TimerEvent: {}
[120.841351] (-) TimerEvent: {}
[120.941630] (-) TimerEvent: {}
[121.041937] (-) TimerEvent: {}
[121.142175] (-) TimerEvent: {}
[121.242450] (-) TimerEvent: {}
[121.342741] (-) TimerEvent: {}
[121.443030] (-) TimerEvent: {}
[121.543259] (-) TimerEvent: {}
[121.643492] (-) TimerEvent: {}
[121.743736] (-) TimerEvent: {}
[121.843977] (-) TimerEvent: {}
[121.944232] (-) TimerEvent: {}
[122.044530] (-) TimerEvent: {}
[122.144773] (-) TimerEvent: {}
[122.245039] (-) TimerEvent: {}
[122.345320] (-) TimerEvent: {}
[122.445561] (-) TimerEvent: {}
[122.545796] (-) TimerEvent: {}
[122.646035] (-) TimerEvent: {}
[122.746263] (-) TimerEvent: {}
[122.846512] (-) TimerEvent: {}
[122.946780] (-) TimerEvent: {}
[123.047020] (-) TimerEvent: {}
[123.147290] (-) TimerEvent: {}
[123.247616] (-) TimerEvent: {}
[123.347907] (-) TimerEvent: {}
[123.448167] (-) TimerEvent: {}
[123.548395] (-) TimerEvent: {}
[123.648672] (-) TimerEvent: {}
[123.748968] (-) TimerEvent: {}
[123.849254] (-) TimerEvent: {}
[123.949551] (-) TimerEvent: {}
[124.049814] (-) TimerEvent: {}
[124.150056] (-) TimerEvent: {}
[124.250273] (-) TimerEvent: {}
[124.350541] (-) TimerEvent: {}
[124.450828] (-) TimerEvent: {}
[124.551077] (-) TimerEvent: {}
[124.651309] (-) TimerEvent: {}
[124.751576] (-) TimerEvent: {}
[124.851890] (-) TimerEvent: {}
[124.952240] (-) TimerEvent: {}
[125.052548] (-) TimerEvent: {}
[125.152795] (-) TimerEvent: {}
[125.253023] (-) TimerEvent: {}
[125.353309] (-) TimerEvent: {}
[125.453608] (-) TimerEvent: {}
[125.553859] (-) TimerEvent: {}
[125.654089] (-) TimerEvent: {}
[125.754321] (-) TimerEvent: {}
[125.854604] (-) TimerEvent: {}
[125.954893] (-) TimerEvent: {}
[126.055156] (-) TimerEvent: {}
[126.155406] (-) TimerEvent: {}
[126.255630] (-) TimerEvent: {}
[126.355900] (-) TimerEvent: {}
[126.456234] (-) TimerEvent: {}
[126.556555] (-) TimerEvent: {}
[126.656887] (-) TimerEvent: {}
[126.757223] (-) TimerEvent: {}
[126.857577] (-) TimerEvent: {}
[126.957915] (-) TimerEvent: {}
[127.058242] (-) TimerEvent: {}
[127.158574] (-) TimerEvent: {}
[127.258902] (-) TimerEvent: {}
[127.359252] (-) TimerEvent: {}
[127.459591] (-) TimerEvent: {}
[127.559928] (-) TimerEvent: {}
[127.660244] (-) TimerEvent: {}
[127.760583] (-) TimerEvent: {}
[127.860930] (-) TimerEvent: {}
[127.961275] (-) TimerEvent: {}
[128.061603] (-) TimerEvent: {}
[128.161852] (-) TimerEvent: {}
[128.262084] (-) TimerEvent: {}
[128.362354] (-) TimerEvent: {}
[128.462645] (-) TimerEvent: {}
[128.562887] (-) TimerEvent: {}
[128.663167] (-) TimerEvent: {}
[128.763475] (-) TimerEvent: {}
[128.863756] (-) TimerEvent: {}
[128.964042] (-) TimerEvent: {}
[129.064302] (-) TimerEvent: {}
[129.164545] (-) TimerEvent: {}
[129.264777] (-) TimerEvent: {}
[129.364995] (-) TimerEvent: {}
[129.465204] (-) TimerEvent: {}
[129.565418] (-) TimerEvent: {}
[129.665632] (-) TimerEvent: {}
[129.765841] (-) TimerEvent: {}
[129.866095] (-) TimerEvent: {}
[129.966378] (-) TimerEvent: {}
[130.066641] (-) TimerEvent: {}
[130.166871] (-) TimerEvent: {}
[130.267102] (-) TimerEvent: {}
[130.367321] (-) TimerEvent: {}
[130.467599] (-) TimerEvent: {}
[130.567904] (-) TimerEvent: {}
[130.668172] (-) TimerEvent: {}
[130.768415] (-) TimerEvent: {}
[130.868689] (-) TimerEvent: {}
[130.968971] (-) TimerEvent: {}
[131.069204] (-) TimerEvent: {}
[131.169430] (-) TimerEvent: {}
[131.269679] (-) TimerEvent: {}
[131.369893] (-) TimerEvent: {}
[131.470169] (-) TimerEvent: {}
[131.570468] (-) TimerEvent: {}
[131.670704] (-) TimerEvent: {}
[131.770927] (-) TimerEvent: {}
[131.871199] (-) TimerEvent: {}
[131.971500] (-) TimerEvent: {}
[132.071768] (-) TimerEvent: {}
[132.172014] (-) TimerEvent: {}
[132.272264] (-) TimerEvent: {}
[132.372489] (-) TimerEvent: {}
[132.472763] (-) TimerEvent: {}
[132.573059] (-) TimerEvent: {}
[132.673305] (-) TimerEvent: {}
[132.773533] (-) TimerEvent: {}
[132.873810] (-) TimerEvent: {}
[132.974144] (-) TimerEvent: {}
[133.074439] (-) TimerEvent: {}
[133.174757] (-) TimerEvent: {}
[133.275094] (-) TimerEvent: {}
[133.375324] (-) TimerEvent: {}
[133.475558] (-) TimerEvent: {}
[133.575813] (-) TimerEvent: {}
[133.676090] (-) TimerEvent: {}
[133.776437] (-) TimerEvent: {}
[133.876763] (-) TimerEvent: {}
[133.977082] (-) TimerEvent: {}
[134.077330] (-) TimerEvent: {}
[134.177552] (-) TimerEvent: {}
[134.277796] (-) TimerEvent: {}
[134.378018] (-) TimerEvent: {}
[134.478243] (-) TimerEvent: {}
[134.578518] (-) TimerEvent: {}
[134.678857] (-) TimerEvent: {}
[134.779173] (-) TimerEvent: {}
[134.879521] (-) TimerEvent: {}
[134.979870] (-) TimerEvent: {}
[135.080224] (-) TimerEvent: {}
[135.180531] (-) TimerEvent: {}
[135.280781] (-) TimerEvent: {}
[135.381014] (-) TimerEvent: {}
[135.481219] (-) TimerEvent: {}
[135.581479] (-) TimerEvent: {}
[135.681751] (-) TimerEvent: {}
[135.782022] (-) TimerEvent: {}
[135.882324] (-) TimerEvent: {}
[135.982620] (-) TimerEvent: {}
[136.082875] (-) TimerEvent: {}
[136.183112] (-) TimerEvent: {}
[136.283344] (-) TimerEvent: {}
[136.383573] (-) TimerEvent: {}
[136.483792] (-) TimerEvent: {}
[136.584054] (-) TimerEvent: {}
[136.684366] (-) TimerEvent: {}
[136.784611] (-) TimerEvent: {}
[136.884883] (-) TimerEvent: {}
[136.985184] (-) TimerEvent: {}
[137.085510] (-) TimerEvent: {}
[137.185873] (-) TimerEvent: {}
[137.286207] (-) TimerEvent: {}
[137.386485] (-) TimerEvent: {}
[137.486743] (-) TimerEvent: {}
[137.587055] (-) TimerEvent: {}
[137.687403] (-) TimerEvent: {}
[137.787758] (-) TimerEvent: {}
[137.888142] (-) TimerEvent: {}
[137.988487] (-) TimerEvent: {}
[138.088813] (-) TimerEvent: {}
[138.189133] (-) TimerEvent: {}
[138.289458] (-) TimerEvent: {}
[138.389771] (-) TimerEvent: {}
[138.490082] (-) TimerEvent: {}
[138.590415] (-) TimerEvent: {}
[138.690747] (-) TimerEvent: {}
[138.791069] (-) TimerEvent: {}
[138.891396] (-) TimerEvent: {}
[138.991715] (-) TimerEvent: {}
[139.092033] (-) TimerEvent: {}
[139.192384] (-) TimerEvent: {}
[139.292689] (-) TimerEvent: {}
[139.393012] (-) TimerEvent: {}
[139.493352] (-) TimerEvent: {}
[139.593677] (-) TimerEvent: {}
[139.694020] (-) TimerEvent: {}
[139.794365] (-) TimerEvent: {}
[139.894709] (-) TimerEvent: {}
[139.995056] (-) TimerEvent: {}
[140.095387] (-) TimerEvent: {}
[140.195715] (-) TimerEvent: {}
[140.296065] (-) TimerEvent: {}
[140.396449] (-) TimerEvent: {}
[140.496780] (-) TimerEvent: {}
[140.597093] (-) TimerEvent: {}
[140.697427] (-) TimerEvent: {}
[140.797755] (-) TimerEvent: {}
[140.898079] (-) TimerEvent: {}
[140.998402] (-) TimerEvent: {}
[141.098737] (-) TimerEvent: {}
[141.199075] (-) TimerEvent: {}
[141.299401] (-) TimerEvent: {}
[141.399720] (-) TimerEvent: {}
[141.500035] (-) TimerEvent: {}
[141.600375] (-) TimerEvent: {}
[141.700710] (-) TimerEvent: {}
[141.801042] (-) TimerEvent: {}
[141.901383] (-) TimerEvent: {}
[142.001726] (-) TimerEvent: {}
[142.102065] (-) TimerEvent: {}
[142.202397] (-) TimerEvent: {}
[142.302719] (-) TimerEvent: {}
[142.403042] (-) TimerEvent: {}
[142.503359] (-) TimerEvent: {}
[142.603684] (-) TimerEvent: {}
[142.704006] (-) TimerEvent: {}
[142.804359] (-) TimerEvent: {}
[142.904706] (-) TimerEvent: {}
[143.005048] (-) TimerEvent: {}
[143.105398] (-) TimerEvent: {}
[143.205764] (-) TimerEvent: {}
[143.306180] (-) TimerEvent: {}
[143.406519] (-) TimerEvent: {}
[143.506833] (-) TimerEvent: {}
[143.607183] (-) TimerEvent: {}
[143.707534] (-) TimerEvent: {}
[143.807877] (-) TimerEvent: {}
[143.908243] (-) TimerEvent: {}
[144.008586] (-) TimerEvent: {}
[144.108934] (-) TimerEvent: {}
[144.209274] (-) TimerEvent: {}
[144.309606] (-) TimerEvent: {}
[144.409938] (-) TimerEvent: {}
[144.510278] (-) TimerEvent: {}
[144.610608] (-) TimerEvent: {}
[144.710939] (-) TimerEvent: {}
[144.811270] (-) TimerEvent: {}
[144.911615] (-) TimerEvent: {}
[145.011954] (-) TimerEvent: {}
[145.112245] (-) TimerEvent: {}
[145.212582] (-) TimerEvent: {}
[145.312931] (-) TimerEvent: {}
[145.413253] (-) TimerEvent: {}
[145.513581] (-) TimerEvent: {}
[145.613916] (-) TimerEvent: {}
[145.714244] (-) TimerEvent: {}
[145.814574] (-) TimerEvent: {}
[145.914898] (-) TimerEvent: {}
[146.015225] (-) TimerEvent: {}
[146.115550] (-) TimerEvent: {}
[146.215886] (-) TimerEvent: {}
[146.316202] (-) TimerEvent: {}
[146.416430] (-) TimerEvent: {}
[146.516675] (-) TimerEvent: {}
[146.616901] (-) TimerEvent: {}
[146.717116] (-) TimerEvent: {}
[146.817379] (-) TimerEvent: {}
[146.917692] (-) TimerEvent: {}
[147.017982] (-) TimerEvent: {}
[147.118237] (-) TimerEvent: {}
[147.218470] (-) TimerEvent: {}
[147.318693] (-) TimerEvent: {}
[147.418897] (-) TimerEvent: {}
[147.519115] (-) TimerEvent: {}
[147.619335] (-) TimerEvent: {}
[147.719540] (-) TimerEvent: {}
[147.819810] (-) TimerEvent: {}
[147.920161] (-) TimerEvent: {}
[148.020446] (-) TimerEvent: {}
[148.120688] (-) TimerEvent: {}
[148.220940] (-) TimerEvent: {}
[148.321182] (-) TimerEvent: {}
[148.421417] (-) TimerEvent: {}
[148.521640] (-) TimerEvent: {}
[148.621887] (-) TimerEvent: {}
[148.722188] (-) TimerEvent: {}
[148.822482] (-) TimerEvent: {}
[148.922793] (-) TimerEvent: {}
[149.023108] (-) TimerEvent: {}
[149.123363] (-) TimerEvent: {}
[149.223647] (-) TimerEvent: {}
[149.323940] (-) TimerEvent: {}
[149.424183] (-) TimerEvent: {}
[149.524419] (-) TimerEvent: {}
[149.624647] (-) TimerEvent: {}
[149.724869] (-) TimerEvent: {}
[149.825142] (-) TimerEvent: {}
[149.925478] (-) TimerEvent: {}
[150.025817] (-) TimerEvent: {}
[150.126141] (-) TimerEvent: {}
[150.226476] (-) TimerEvent: {}
[150.326798] (-) TimerEvent: {}
[150.427121] (-) TimerEvent: {}
[150.527447] (-) TimerEvent: {}
[150.627781] (-) TimerEvent: {}
[150.728100] (-) TimerEvent: {}
[150.828465] (-) TimerEvent: {}
[150.928806] (-) TimerEvent: {}
[151.029154] (-) TimerEvent: {}
[151.129492] (-) TimerEvent: {}
[151.229825] (-) TimerEvent: {}
[151.330160] (-) TimerEvent: {}
[151.430492] (-) TimerEvent: {}
[151.530825] (-) TimerEvent: {}
[151.631164] (-) TimerEvent: {}
[151.731499] (-) TimerEvent: {}
[151.831831] (-) TimerEvent: {}
[151.932198] (-) TimerEvent: {}
[152.032545] (-) TimerEvent: {}
[152.132891] (-) TimerEvent: {}
[152.233210] (-) TimerEvent: {}
[152.333564] (-) TimerEvent: {}
[152.433904] (-) TimerEvent: {}
[152.534247] (-) TimerEvent: {}
[152.634585] (-) TimerEvent: {}
[152.734929] (-) TimerEvent: {}
[152.835262] (-) TimerEvent: {}
[152.935603] (-) TimerEvent: {}
[153.035956] (-) TimerEvent: {}
[153.136339] (-) TimerEvent: {}
[153.236706] (-) TimerEvent: {}
[153.337021] (-) TimerEvent: {}
[153.437324] (-) TimerEvent: {}
[153.537613] (-) TimerEvent: {}
[153.637890] (-) TimerEvent: {}
[153.738210] (-) TimerEvent: {}
[153.838539] (-) TimerEvent: {}
[153.938873] (-) TimerEvent: {}
[154.039227] (-) TimerEvent: {}
[154.139538] (-) TimerEvent: {}
[154.239809] (-) TimerEvent: {}
[154.340057] (-) TimerEvent: {}
[154.440326] (-) TimerEvent: {}
[154.540558] (-) TimerEvent: {}
[154.640765] (-) TimerEvent: {}
[154.740972] (-) TimerEvent: {}
[154.841187] (-) TimerEvent: {}
[154.941463] (-) TimerEvent: {}
[155.041759] (-) TimerEvent: {}
[155.142004] (-) TimerEvent: {}
[155.242231] (-) TimerEvent: {}
[155.342453] (-) TimerEvent: {}
[155.442678] (-) TimerEvent: {}
[155.542910] (-) TimerEvent: {}
[155.643131] (-) TimerEvent: {}
[155.743354] (-) TimerEvent: {}
[155.843617] (-) TimerEvent: {}
[155.943946] (-) TimerEvent: {}
[156.044261] (-) TimerEvent: {}
[156.144588] (-) TimerEvent: {}
[156.244850] (-) TimerEvent: {}
[156.345086] (-) TimerEvent: {}
[156.445324] (-) TimerEvent: {}
[156.545561] (-) TimerEvent: {}
[156.645786] (-) TimerEvent: {}
[156.746016] (-) TimerEvent: {}
[156.846271] (-) TimerEvent: {}
[156.946548] (-) TimerEvent: {}
[157.046840] (-) TimerEvent: {}
[157.147198] (-) TimerEvent: {}
[157.247544] (-) TimerEvent: {}
[157.347884] (-) TimerEvent: {}
[157.448245] (-) TimerEvent: {}
[157.548592] (-) TimerEvent: {}
[157.648937] (-) TimerEvent: {}
[157.749251] (-) TimerEvent: {}
[157.849579] (-) TimerEvent: {}
[157.949923] (-) TimerEvent: {}
[158.050258] (-) TimerEvent: {}
[158.150598] (-) TimerEvent: {}
[158.250941] (-) TimerEvent: {}
[158.351332] (-) TimerEvent: {}
[158.451675] (-) TimerEvent: {}
[158.552018] (-) TimerEvent: {}
[158.652377] (-) TimerEvent: {}
[158.752709] (-) TimerEvent: {}
[158.853048] (-) TimerEvent: {}
[158.953367] (-) TimerEvent: {}
[159.053709] (-) TimerEvent: {}
[159.154073] (-) TimerEvent: {}
[159.254411] (-) TimerEvent: {}
[159.354755] (-) TimerEvent: {}
[159.455090] (-) TimerEvent: {}
[159.555433] (-) TimerEvent: {}
[159.655775] (-) TimerEvent: {}
[159.756101] (-) TimerEvent: {}
[159.856461] (-) TimerEvent: {}
[159.956824] (-) TimerEvent: {}
[160.057091] (-) TimerEvent: {}
[160.157412] (-) TimerEvent: {}
[160.257736] (-) TimerEvent: {}
[160.358003] (-) TimerEvent: {}
[160.458241] (-) TimerEvent: {}
[160.558491] (-) TimerEvent: {}
[160.658738] (-) TimerEvent: {}
[160.758966] (-) TimerEvent: {}
[160.859229] (-) TimerEvent: {}
[160.959517] (-) TimerEvent: {}
[161.059760] (-) TimerEvent: {}
[161.160052] (-) TimerEvent: {}
[161.260366] (-) TimerEvent: {}
[161.360587] (-) TimerEvent: {}
[161.460817] (-) TimerEvent: {}
[161.561046] (-) TimerEvent: {}
[161.661322] (-) TimerEvent: {}
[161.761608] (-) TimerEvent: {}
[161.861922] (-) TimerEvent: {}
[161.962241] (-) TimerEvent: {}
[162.062499] (-) TimerEvent: {}
[162.162816] (-) TimerEvent: {}
[162.263185] (-) TimerEvent: {}
[162.363504] (-) TimerEvent: {}
[162.463747] (-) TimerEvent: {}
[162.564009] (-) TimerEvent: {}
[162.664279] (-) TimerEvent: {}
[162.764511] (-) TimerEvent: {}
[162.864786] (-) TimerEvent: {}
[162.965060] (-) TimerEvent: {}
[163.065304] (-) TimerEvent: {}
[163.165598] (-) TimerEvent: {}
[163.265954] (-) TimerEvent: {}
[163.366318] (-) TimerEvent: {}
[163.466554] (-) TimerEvent: {}
[163.566837] (-) TimerEvent: {}
[163.667172] (-) TimerEvent: {}
[163.767513] (-) TimerEvent: {}
[163.867862] (-) TimerEvent: {}
[163.968262] (-) TimerEvent: {}
[164.068608] (-) TimerEvent: {}
[164.168944] (-) TimerEvent: {}
[164.269320] (-) TimerEvent: {}
[164.369685] (-) TimerEvent: {}
[164.470033] (-) TimerEvent: {}
[164.570367] (-) TimerEvent: {}
[164.670718] (-) TimerEvent: {}
[164.771067] (-) TimerEvent: {}
[164.871418] (-) TimerEvent: {}
[164.971769] (-) TimerEvent: {}
[165.072100] (-) TimerEvent: {}
[165.172483] (-) TimerEvent: {}
[165.272854] (-) TimerEvent: {}
[165.373216] (-) TimerEvent: {}
[165.473580] (-) TimerEvent: {}
[165.573957] (-) TimerEvent: {}
[165.674340] (-) TimerEvent: {}
[165.774721] (-) TimerEvent: {}
[165.875100] (-) TimerEvent: {}
[165.975461] (-) TimerEvent: {}
[166.075817] (-) TimerEvent: {}
[166.176211] (-) TimerEvent: {}
[166.276570] (-) TimerEvent: {}
[166.376933] (-) TimerEvent: {}
[166.477286] (-) TimerEvent: {}
[166.577634] (-) TimerEvent: {}
[166.677988] (-) TimerEvent: {}
[166.778312] (-) TimerEvent: {}
[166.878648] (-) TimerEvent: {}
[166.978980] (-) TimerEvent: {}
[167.079307] (-) TimerEvent: {}
[167.179651] (-) TimerEvent: {}
[167.280028] (-) TimerEvent: {}
[167.380417] (-) TimerEvent: {}
[167.480780] (-) TimerEvent: {}
[167.581133] (-) TimerEvent: {}
[167.681470] (-) TimerEvent: {}
[167.781820] (-) TimerEvent: {}
[167.882160] (-) TimerEvent: {}
[167.982508] (-) TimerEvent: {}
[168.082840] (-) TimerEvent: {}
[168.183169] (-) TimerEvent: {}
[168.283497] (-) TimerEvent: {}
[168.383845] (-) TimerEvent: {}
[168.484220] (-) TimerEvent: {}
[168.584550] (-) TimerEvent: {}
[168.684878] (-) TimerEvent: {}
[168.785244] (-) TimerEvent: {}
[168.885628] (-) TimerEvent: {}
[168.986023] (-) TimerEvent: {}
[169.086407] (-) TimerEvent: {}
[169.186771] (-) TimerEvent: {}
[169.287116] (-) TimerEvent: {}
[169.387464] (-) TimerEvent: {}
[169.487833] (-) TimerEvent: {}
[169.588240] (-) TimerEvent: {}
[169.688661] (-) TimerEvent: {}
[169.789039] (-) TimerEvent: {}
[169.889403] (-) TimerEvent: {}
[169.989850] (-) TimerEvent: {}
[170.090211] (-) TimerEvent: {}
[170.190520] (-) TimerEvent: {}
[170.290874] (-) TimerEvent: {}
[170.391216] (-) TimerEvent: {}
[170.491572] (-) TimerEvent: {}
[170.591933] (-) TimerEvent: {}
[170.692361] (-) TimerEvent: {}
[170.792679] (-) TimerEvent: {}
[170.893017] (-) TimerEvent: {}
[170.993374] (-) TimerEvent: {}
[171.093742] (-) TimerEvent: {}
[171.194061] (-) TimerEvent: {}
[171.294356] (-) TimerEvent: {}
[171.394723] (-) TimerEvent: {}
[171.495094] (-) TimerEvent: {}
[171.595408] (-) TimerEvent: {}
[171.695687] (-) TimerEvent: {}
[171.796060] (-) TimerEvent: {}
[171.896512] (-) TimerEvent: {}
[171.996908] (-) TimerEvent: {}
[172.097288] (-) TimerEvent: {}
[172.197736] (-) TimerEvent: {}
[172.298137] (-) TimerEvent: {}
[172.398507] (-) TimerEvent: {}
[172.498852] (-) TimerEvent: {}
[172.599162] (-) TimerEvent: {}
[172.699456] (-) TimerEvent: {}
[172.799908] (-) TimerEvent: {}
[172.900358] (-) TimerEvent: {}
[173.000789] (-) TimerEvent: {}
[173.101095] (-) TimerEvent: {}
[173.201393] (-) TimerEvent: {}
[173.301704] (-) TimerEvent: {}
[173.402084] (-) TimerEvent: {}
[173.502552] (-) TimerEvent: {}
[173.602942] (-) TimerEvent: {}
[173.703289] (-) TimerEvent: {}
[173.803585] (-) TimerEvent: {}
[173.903953] (-) TimerEvent: {}
[174.004292] (-) TimerEvent: {}
[174.104586] (-) TimerEvent: {}
[174.204841] (-) TimerEvent: {}
[174.305120] (-) TimerEvent: {}
[174.405403] (-) TimerEvent: {}
[174.505715] (-) TimerEvent: {}
[174.606018] (-) TimerEvent: {}
[174.706246] (-) TimerEvent: {}
[174.806476] (-) TimerEvent: {}
[174.906781] (-) TimerEvent: {}
[175.007133] (-) TimerEvent: {}
[175.064536] (fast_lio) StdoutLine: {'line': b'[ 94%] Linking CXX executable fastlio_mapping\n'}
[175.107340] (-) TimerEvent: {}
[175.207743] (-) TimerEvent: {}
[175.308186] (-) TimerEvent: {}
[175.408617] (-) TimerEvent: {}
[175.509030] (-) TimerEvent: {}
[175.609477] (-) TimerEvent: {}
[175.709855] (-) TimerEvent: {}
[175.810247] (-) TimerEvent: {}
[175.910657] (-) TimerEvent: {}
[176.011103] (-) TimerEvent: {}
[176.111462] (-) TimerEvent: {}
[176.211843] (-) TimerEvent: {}
[176.312304] (-) TimerEvent: {}
[176.412712] (-) TimerEvent: {}
[176.513120] (-) TimerEvent: {}
[176.613577] (-) TimerEvent: {}
[176.713935] (-) TimerEvent: {}
[176.814322] (-) TimerEvent: {}
[176.914726] (-) TimerEvent: {}
[177.015159] (-) TimerEvent: {}
[177.115513] (-) TimerEvent: {}
[177.215865] (-) TimerEvent: {}
[177.316207] (-) TimerEvent: {}
[177.416577] (-) TimerEvent: {}
[177.516973] (-) TimerEvent: {}
[177.617395] (-) TimerEvent: {}
[177.717734] (-) TimerEvent: {}
[177.818105] (-) TimerEvent: {}
[177.918531] (-) TimerEvent: {}
[178.018878] (-) TimerEvent: {}
[178.119258] (-) TimerEvent: {}
[178.219605] (-) TimerEvent: {}
[178.304050] (fast_lio) StdoutLine: {'line': b'[100%] Built target fastlio_mapping\n'}
[178.315095] (fast_lio) CommandEnded: {'returncode': 0}
[178.317419] (fast_lio) JobProgress: {'identifier': 'fast_lio', 'progress': 'install'}
[178.319681] (-) TimerEvent: {}
[178.325873] (fast_lio) Command: {'cmd': ['/usr/local/bin/cmake', '--install', '/home/seeed/ros2/ws/build/fast_lio'], 'cwd': '/home/seeed/ros2/ws/build/fast_lio', 'env': OrderedDict([('LANGUAGE', 'zh_CN:en'), ('USER', 'seeed'), ('SSH_CLIENT', '10.200.24.83 51815 22'), ('LC_TIME', 'zh_CN.UTF-8'), ('ROS_PACKAGE_PATH', '/home/seeed/ros2/ws/install/vikit_common/share:/home/seeed/ros2/ws/install/ugv_sdk/share'), ('XDG_SESSION_TYPE', 'tty'), ('SHLVL', '0'), ('LD_LIBRARY_PATH', '/home/seeed/ros2/ws/install/livox_ros_driver2/lib:/home/seeed/ros2/ws/install/vikit_ros/lib:/home/seeed/ros2/ws/install/vikit_common/lib:/home/seeed/ros2/ws/install/ranger_msgs/lib:/home/seeed/ros2/ws/install/fast_lio/lib:/opt/ros/humble/opt/rviz_ogre_vendor/lib:/opt/ros/humble/lib/aarch64-linux-gnu:/opt/ros/humble/lib'), ('MOTD_SHOWN', 'pam'), ('HOME', '/home/seeed'), ('OLDPWD', '/home/seeed'), ('ROS_PYTHON_VERSION', '3'), ('LC_MONETARY', 'zh_CN.UTF-8'), ('ROS_IP', '10.200.54.207'), ('LC_CTYPE', 'C.UTF-8'), ('DBUS_SESSION_BUS_ADDRESS', 'unix:path=/run/user/1000/bus'), ('COLCON_PREFIX_PATH', '/home/seeed/ros2/ws/install'), ('ROS_DISTRO', 'humble'), ('LOGNAME', 'seeed'), ('ROS_VERSION', '2'), ('PKG_CONFIG_PATH', '/home/seeed/ros2/ws/install/vikit_common/lib/aarch64-linux-gnu/pkgconfig:/home/seeed/ros2/ws/install/vikit_common/lib/pkgconfig:/home/seeed/ros2/ws/install/ugv_sdk/lib/aarch64-linux-gnu/pkgconfig:/home/seeed/ros2/ws/install/ugv_sdk/lib/pkgconfig'), ('XDG_SESSION_CLASS', 'user'), ('XDG_SESSION_ID', '25'), ('ROS_LOCALHOST_ONLY', '0'), ('PATH', '/opt/ros/humble/bin:/usr/local/sbin:/usr/local/bin:/usr/sbin:/usr/bin:/sbin:/bin:/usr/games:/usr/local/games:/snap/bin'), ('FASTRTPS_DEFAULT_PROFILES_FILE', '/home/seeed/ros2/fastrtps_profile.xml'), ('PAPERSIZE', 'a4'), ('LC_ADDRESS', 'zh_CN.UTF-8'), ('XDG_RUNTIME_DIR', '/run/user/1000'), ('DISPLAY', 'localhost:16.0'), ('LANG', 'zh_CN.UTF-8'), ('LC_TELEPHONE', 'zh_CN.UTF-8'), ('RMW_IMPLEMENTATION', 'rmw_fastrtps_cpp'), ('ROS_DOMAIN_ID', '0'), ('AMENT_PREFIX_PATH', '/home/seeed/ros2/ws/install/vikit_ros:/home/seeed/ros2/ws/install/ranger_base:/home/seeed/ros2/ws/install/ranger_msgs:/home/seeed/ros2/ws/install/ranger_bringup:/home/seeed/ros2/ws/install/pcd_ndt_localization:/home/seeed/ros2/ws/install/fast_lio:/home/seeed/ros2/ws/install/livox_ros_driver2:/opt/ros/humble'), ('SHELL', '/bin/bash'), ('LC_NAME', 'zh_CN.UTF-8'), ('LC_MEASUREMENT', 'zh_CN.UTF-8'), ('LC_IDENTIFICATION', 'zh_CN.UTF-8'), ('PWD', '/home/seeed/ros2/ws/build/fast_lio'), ('LC_ALL', 'en_US.UTF-8'), ('SSH_CONNECTION', '10.200.24.83 51815 10.200.54.207 22'), ('PYTHONPATH', '/home/seeed/ros2/ws/install/ranger_msgs/local/lib/python3.10/dist-packages:/home/seeed/ros2/ws/install/fast_lio/local/lib/python3.10/dist-packages:/home/seeed/ros2/ws/install/livox_ros_driver2/local/lib/python3.10/dist-packages:/opt/ros/humble/lib/python3.10/site-packages:/opt/ros/humble/local/lib/python3.10/dist-packages'), ('LC_NUMERIC', 'zh_CN.UTF-8'), ('LC_PAPER', 'zh_CN.UTF-8'), ('COLCON', '1'), ('CMAKE_PREFIX_PATH', '/home/seeed/ros2/ws/install/livox_ros_driver2:/home/seeed/ros2/ws/install/vikit_ros:/opt/ros/humble:/home/seeed/ros2/ws/install/vikit_common:/home/seeed/ros2/ws/install/ranger_base:/home/seeed/ros2/ws/install/ugv_sdk:/home/seeed/ros2/ws/install/ranger_msgs:/home/seeed/ros2/ws/install/ranger_bringup:/home/seeed/ros2/ws/install/pcd_ndt_localization:/home/seeed/ros2/ws/install/fast_lio')]), 'shell': False}
[178.333426] (fast_lio) StdoutLine: {'line': b'-- Install configuration: "Release"\n'}
[178.334826] (fast_lio) StdoutLine: {'line': b'-- Execute custom install script\n'}
[178.335319] (fast_lio) StdoutLine: {'line': b'-- Symlinking: /home/seeed/ros2/ws/install/fast_lio/share/ament_index/resource_index/rosidl_interfaces/fast_lio\n'}
[178.341494] (fast_lio) StdoutLine: {'line': b'-- Symlinking: /home/seeed/ros2/ws/install/fast_lio/include/fast_lio/fast_lio/msg/detail/pose6_d__functions.h\n'}
[178.346386] (fast_lio) StdoutLine: {'line': b'-- Symlinking: /home/seeed/ros2/ws/install/fast_lio/include/fast_lio/fast_lio/msg/detail/pose6_d__struct.h\n'}
[178.351537] (fast_lio) StdoutLine: {'line': b'-- Symlinking: /home/seeed/ros2/ws/install/fast_lio/include/fast_lio/fast_lio/msg/detail/pose6_d__type_support.h\n'}
[178.356259] (fast_lio) StdoutLine: {'line': b'-- Symlinking: /home/seeed/ros2/ws/install/fast_lio/include/fast_lio/fast_lio/msg/pose6_d.h\n'}
[178.361104] (fast_lio) StdoutLine: {'line': b'-- Symlinking: /home/seeed/ros2/ws/install/fast_lio/include/fast_lio/fast_lio/msg/rosidl_generator_c__visibility_control.h\n'}
[178.366160] (fast_lio) StdoutLine: {'line': b'-- Symlinking: /home/seeed/ros2/ws/install/fast_lio/share/fast_lio/environment/library_path.sh\n'}
[178.371164] (fast_lio) StdoutLine: {'line': b'-- Symlinking: /home/seeed/ros2/ws/install/fast_lio/share/fast_lio/environment/library_path.dsv\n'}
[178.377139] (fast_lio) StdoutLine: {'line': b'-- Symlinking: /home/seeed/ros2/ws/install/fast_lio/include/fast_lio/fast_lio/msg/detail/pose6_d__rosidl_typesupport_fastrtps_c.h\n'}
[178.382843] (fast_lio) StdoutLine: {'line': b'-- Symlinking: /home/seeed/ros2/ws/install/fast_lio/include/fast_lio/fast_lio/msg/rosidl_typesupport_fastrtps_c__visibility_control.h\n'}
[178.389623] (fast_lio) StdoutLine: {'line': b'-- Symlinking: /home/seeed/ros2/ws/install/fast_lio/include/fast_lio/fast_lio/msg/detail/pose6_d__builder.hpp\n'}
[178.394853] (fast_lio) StdoutLine: {'line': b'-- Symlinking: /home/seeed/ros2/ws/install/fast_lio/include/fast_lio/fast_lio/msg/detail/pose6_d__struct.hpp\n'}
[178.399860] (fast_lio) StdoutLine: {'line': b'-- Symlinking: /home/seeed/ros2/ws/install/fast_lio/include/fast_lio/fast_lio/msg/detail/pose6_d__traits.hpp\n'}
[178.406652] (fast_lio) StdoutLine: {'line': b'-- Symlinking: /home/seeed/ros2/ws/install/fast_lio/include/fast_lio/fast_lio/msg/detail/pose6_d__type_support.hpp\n'}
[178.411932] (fast_lio) StdoutLine: {'line': b'-- Symlinking: /home/seeed/ros2/ws/install/fast_lio/include/fast_lio/fast_lio/msg/pose6_d.hpp\n'}
[178.416997] (fast_lio) StdoutLine: {'line': b'-- Symlinking: /home/seeed/ros2/ws/install/fast_lio/include/fast_lio/fast_lio/msg/rosidl_generator_cpp__visibility_control.hpp\n'}
[178.419782] (-) TimerEvent: {}
[178.423142] (fast_lio) StdoutLine: {'line': b'-- Symlinking: /home/seeed/ros2/ws/install/fast_lio/include/fast_lio/fast_lio/msg/detail/pose6_d__rosidl_typesupport_fastrtps_cpp.hpp\n'}
[178.429388] (fast_lio) StdoutLine: {'line': b'-- Symlinking: /home/seeed/ros2/ws/install/fast_lio/include/fast_lio/fast_lio/msg/rosidl_typesupport_fastrtps_cpp__visibility_control.h\n'}
[178.434586] (fast_lio) StdoutLine: {'line': b'-- Symlinking: /home/seeed/ros2/ws/install/fast_lio/include/fast_lio/fast_lio/msg/detail/pose6_d__rosidl_typesupport_introspection_c.h\n'}
[178.440422] (fast_lio) StdoutLine: {'line': b'-- Symlinking: /home/seeed/ros2/ws/install/fast_lio/include/fast_lio/fast_lio/msg/rosidl_typesupport_introspection_c__visibility_control.h\n'}
[178.445429] (fast_lio) StdoutLine: {'line': b'-- Symlinking: /home/seeed/ros2/ws/install/fast_lio/include/fast_lio/fast_lio/msg/detail/pose6_d__rosidl_typesupport_introspection_cpp.hpp\n'}
[178.450158] (fast_lio) StdoutLine: {'line': b'-- Symlinking: /home/seeed/ros2/ws/install/fast_lio/share/fast_lio/environment/pythonpath.sh\n'}
[178.456012] (fast_lio) StdoutLine: {'line': b'-- Symlinking: /home/seeed/ros2/ws/install/fast_lio/share/fast_lio/environment/pythonpath.dsv\n'}
[178.462776] (fast_lio) StdoutLine: {'line': b'-- Symlinking: /home/seeed/ros2/ws/install/fast_lio/local/lib/python3.10/dist-packages/fast_lio-0.0.0-py3.10.egg-info/PKG-INFO\n'}
[178.469115] (fast_lio) StdoutLine: {'line': b'-- Symlinking: /home/seeed/ros2/ws/install/fast_lio/local/lib/python3.10/dist-packages/fast_lio-0.0.0-py3.10.egg-info/SOURCES.txt\n'}
[178.473829] (fast_lio) StdoutLine: {'line': b'-- Symlinking: /home/seeed/ros2/ws/install/fast_lio/local/lib/python3.10/dist-packages/fast_lio-0.0.0-py3.10.egg-info/dependency_links.txt\n'}
[178.479043] (fast_lio) StdoutLine: {'line': b'-- Symlinking: /home/seeed/ros2/ws/install/fast_lio/local/lib/python3.10/dist-packages/fast_lio-0.0.0-py3.10.egg-info/top_level.txt\n'}
[178.485568] (fast_lio) StdoutLine: {'line': b'-- Symlinking: /home/seeed/ros2/ws/install/fast_lio/local/lib/python3.10/dist-packages/fast_lio/__init__.py\n'}
[178.490414] (fast_lio) StdoutLine: {'line': b'-- Symlinking: /home/seeed/ros2/ws/install/fast_lio/local/lib/python3.10/dist-packages/fast_lio/_fast_lio_s.ep.rosidl_typesupport_c.c\n'}
[178.496924] (fast_lio) StdoutLine: {'line': b'-- Symlinking: /home/seeed/ros2/ws/install/fast_lio/local/lib/python3.10/dist-packages/fast_lio/_fast_lio_s.ep.rosidl_typesupport_fastrtps_c.c\n'}
[178.501530] (fast_lio) StdoutLine: {'line': b'-- Symlinking: /home/seeed/ros2/ws/install/fast_lio/local/lib/python3.10/dist-packages/fast_lio/_fast_lio_s.ep.rosidl_typesupport_introspection_c.c\n'}
[178.506544] (fast_lio) StdoutLine: {'line': b'-- Symlinking: /home/seeed/ros2/ws/install/fast_lio/local/lib/python3.10/dist-packages/fast_lio/fast_lio_s__rosidl_typesupport_c.cpython-310-aarch64-linux-gnu.so\n'}
[178.511090] (fast_lio) StdoutLine: {'line': b'-- Symlinking: /home/seeed/ros2/ws/install/fast_lio/local/lib/python3.10/dist-packages/fast_lio/fast_lio_s__rosidl_typesupport_fastrtps_c.cpython-310-aarch64-linux-gnu.so\n'}
[178.517272] (fast_lio) StdoutLine: {'line': b'-- Symlinking: /home/seeed/ros2/ws/install/fast_lio/local/lib/python3.10/dist-packages/fast_lio/fast_lio_s__rosidl_typesupport_introspection_c.cpython-310-aarch64-linux-gnu.so\n'}
[178.520059] (-) TimerEvent: {}
[178.522198] (fast_lio) StdoutLine: {'line': b'-- Symlinking: /home/seeed/ros2/ws/install/fast_lio/local/lib/python3.10/dist-packages/fast_lio/libfast_lio__rosidl_generator_py.so\n'}
[178.527386] (fast_lio) StdoutLine: {'line': b'-- Symlinking: /home/seeed/ros2/ws/install/fast_lio/local/lib/python3.10/dist-packages/fast_lio/msg/__init__.py\n'}
[178.532441] (fast_lio) StdoutLine: {'line': b'-- Symlinking: /home/seeed/ros2/ws/install/fast_lio/local/lib/python3.10/dist-packages/fast_lio/msg/_pose6_d.py\n'}
[178.538216] (fast_lio) StdoutLine: {'line': b'-- Symlinking: /home/seeed/ros2/ws/install/fast_lio/local/lib/python3.10/dist-packages/fast_lio/msg/_pose6_d_s.c\n'}
[178.543538] (fast_lio) StdoutLine: {'line': b'-- Up-to-date symlink: /home/seeed/ros2/ws/install/fast_lio/local/lib/python3.10/dist-packages/fast_lio/fast_lio_s__rosidl_typesupport_fastrtps_c.cpython-310-aarch64-linux-gnu.so\n'}
[178.544164] (fast_lio) StdoutLine: {'line': b'-- Up-to-date symlink: /home/seeed/ros2/ws/install/fast_lio/local/lib/python3.10/dist-packages/fast_lio/fast_lio_s__rosidl_typesupport_introspection_c.cpython-310-aarch64-linux-gnu.so\n'}
[178.544818] (fast_lio) StdoutLine: {'line': b'-- Up-to-date symlink: /home/seeed/ros2/ws/install/fast_lio/local/lib/python3.10/dist-packages/fast_lio/fast_lio_s__rosidl_typesupport_c.cpython-310-aarch64-linux-gnu.so\n'}
[178.545372] (fast_lio) StdoutLine: {'line': b'-- Symlinking: /home/seeed/ros2/ws/install/fast_lio/share/ament_index/resource_index/rust_packages/fast_lio\n'}
[178.552548] (fast_lio) StdoutLine: {'line': b'-- Symlinking: /home/seeed/ros2/ws/install/fast_lio/share/fast_lio/rust/Cargo.toml\n'}
[178.557536] (fast_lio) StdoutLine: {'line': b'-- Symlinking: /home/seeed/ros2/ws/install/fast_lio/share/fast_lio/rust/build.rs\n'}
[178.562163] (fast_lio) StdoutLine: {'line': b'-- Symlinking: /home/seeed/ros2/ws/install/fast_lio/share/fast_lio/rust/src/lib.rs\n'}
[178.567436] (fast_lio) StdoutLine: {'line': b'-- Symlinking: /home/seeed/ros2/ws/install/fast_lio/share/fast_lio/rust/src/msg.rs\n'}
[178.571754] (fast_lio) StdoutLine: {'line': b'-- Symlinking: /home/seeed/ros2/ws/install/fast_lio/share/fast_lio/rust/src/msg/rmw.rs\n'}
[178.576500] (fast_lio) StdoutLine: {'line': b'-- Symlinking: /home/seeed/ros2/ws/install/fast_lio/share/fast_lio/msg/Pose6D.idl\n'}
[178.580934] (fast_lio) StdoutLine: {'line': b'-- Symlinking: /home/seeed/ros2/ws/install/fast_lio/share/fast_lio/msg/Pose6D.msg\n'}
[178.586074] (fast_lio) StdoutLine: {'line': b'-- Symlinking: /home/seeed/ros2/ws/install/fast_lio/lib/fast_lio/fastlio_mapping\n'}
[178.594098] (fast_lio) StdoutLine: {'line': b'-- Symlinking: /home/seeed/ros2/ws/install/fast_lio/share/fast_lio/config/avia.yaml\n'}
[178.600461] (fast_lio) StdoutLine: {'line': b'-- Symlinking: /home/seeed/ros2/ws/install/fast_lio/share/fast_lio/config/horizon.yaml\n'}
[178.605052] (fast_lio) StdoutLine: {'line': b'-- Symlinking: /home/seeed/ros2/ws/install/fast_lio/share/fast_lio/config/mid360.yaml\n'}
[178.609629] (fast_lio) StdoutLine: {'line': b'-- Symlinking: /home/seeed/ros2/ws/install/fast_lio/share/fast_lio/config/mid360.yaml.bak.20260625_211559\n'}
[178.615440] (fast_lio) StdoutLine: {'line': b'-- Symlinking: /home/seeed/ros2/ws/install/fast_lio/share/fast_lio/config/mid360.yaml.bak.20260626_093929\n'}
[178.619770] (fast_lio) StdoutLine: {'line': b'-- Symlinking: /home/seeed/ros2/ws/install/fast_lio/share/fast_lio/config/mid360.yaml.bak.disable_timesync_20260626_100616\n'}
[178.620158] (-) TimerEvent: {}
[178.624347] (fast_lio) StdoutLine: {'line': b'-- Symlinking: /home/seeed/ros2/ws/install/fast_lio/share/fast_lio/config/mid360.yaml.bak.fix_drift_20260626_095649\n'}
[178.628745] (fast_lio) StdoutLine: {'line': b'-- Symlinking: /home/seeed/ros2/ws/install/fast_lio/share/fast_lio/config/ouster64.yaml\n'}
[178.633445] (fast_lio) StdoutLine: {'line': b'-- Symlinking: /home/seeed/ros2/ws/install/fast_lio/share/fast_lio/config/velodyne.yaml\n'}
[178.638570] (fast_lio) StdoutLine: {'line': b'-- Symlinking: /home/seeed/ros2/ws/install/fast_lio/share/fast_lio/launch/gdb_debug_example.launch\n'}
[178.643497] (fast_lio) StdoutLine: {'line': b'-- Symlinking: /home/seeed/ros2/ws/install/fast_lio/share/fast_lio/launch/mapping.launch.py\n'}
[178.649759] (fast_lio) StdoutLine: {'line': b'-- Symlinking: /home/seeed/ros2/ws/install/fast_lio/share/fast_lio/rviz/fastlio.rviz\n'}
[178.654568] (fast_lio) StdoutLine: {'line': b'-- Symlinking: /home/seeed/ros2/ws/install/fast_lio/share/ament_index/resource_index/package_run_dependencies/fast_lio\n'}
[178.659937] (fast_lio) StdoutLine: {'line': b'-- Symlinking: /home/seeed/ros2/ws/install/fast_lio/share/ament_index/resource_index/parent_prefix_path/fast_lio\n'}
[178.665057] (fast_lio) StdoutLine: {'line': b'-- Symlinking: /home/seeed/ros2/ws/install/fast_lio/share/fast_lio/environment/ament_prefix_path.sh\n'}
[178.671068] (fast_lio) StdoutLine: {'line': b'-- Symlinking: /home/seeed/ros2/ws/install/fast_lio/share/fast_lio/environment/ament_prefix_path.dsv\n'}
[178.675553] (fast_lio) StdoutLine: {'line': b'-- Symlinking: /home/seeed/ros2/ws/install/fast_lio/share/fast_lio/environment/path.sh\n'}
[178.680344] (fast_lio) StdoutLine: {'line': b'-- Symlinking: /home/seeed/ros2/ws/install/fast_lio/share/fast_lio/environment/path.dsv\n'}
[178.685291] (fast_lio) StdoutLine: {'line': b'-- Symlinking: /home/seeed/ros2/ws/install/fast_lio/share/fast_lio/local_setup.bash\n'}
[178.690346] (fast_lio) StdoutLine: {'line': b'-- Symlinking: /home/seeed/ros2/ws/install/fast_lio/share/fast_lio/local_setup.sh\n'}
[178.695676] (fast_lio) StdoutLine: {'line': b'-- Symlinking: /home/seeed/ros2/ws/install/fast_lio/share/fast_lio/local_setup.zsh\n'}
[178.700458] (fast_lio) StdoutLine: {'line': b'-- Symlinking: /home/seeed/ros2/ws/install/fast_lio/share/fast_lio/local_setup.dsv\n'}
[178.705989] (fast_lio) StdoutLine: {'line': b'-- Symlinking: /home/seeed/ros2/ws/install/fast_lio/share/fast_lio/package.dsv\n'}
[178.711126] (fast_lio) StdoutLine: {'line': b'-- Symlinking: /home/seeed/ros2/ws/install/fast_lio/share/ament_index/resource_index/packages/fast_lio\n'}
[178.715929] (fast_lio) StdoutLine: {'line': b'-- Symlinking: /home/seeed/ros2/ws/install/fast_lio/share/fast_lio/cmake/rosidl_cmake-extras.cmake\n'}
[178.720248] (-) TimerEvent: {}
[178.721710] (fast_lio) StdoutLine: {'line': b'-- Symlinking: /home/seeed/ros2/ws/install/fast_lio/share/fast_lio/cmake/ament_cmake_export_include_directories-extras.cmake\n'}
[178.726859] (fast_lio) StdoutLine: {'line': b'-- Symlinking: /home/seeed/ros2/ws/install/fast_lio/share/fast_lio/cmake/ament_cmake_export_libraries-extras.cmake\n'}
[178.731733] (fast_lio) StdoutLine: {'line': b'-- Symlinking: /home/seeed/ros2/ws/install/fast_lio/share/fast_lio/cmake/ament_cmake_export_targets-extras.cmake\n'}
[178.737538] (fast_lio) StdoutLine: {'line': b'-- Symlinking: /home/seeed/ros2/ws/install/fast_lio/share/fast_lio/cmake/rosidl_cmake_export_typesupport_targets-extras.cmake\n'}
[178.742723] (fast_lio) StdoutLine: {'line': b'-- Symlinking: /home/seeed/ros2/ws/install/fast_lio/share/fast_lio/cmake/ament_cmake_export_dependencies-extras.cmake\n'}
[178.747629] (fast_lio) StdoutLine: {'line': b'-- Symlinking: /home/seeed/ros2/ws/install/fast_lio/share/fast_lio/cmake/rosidl_cmake_export_typesupport_libraries-extras.cmake\n'}
[178.752996] (fast_lio) StdoutLine: {'line': b'-- Symlinking: /home/seeed/ros2/ws/install/fast_lio/share/fast_lio/cmake/fast_lioConfig.cmake\n'}
[178.757502] (fast_lio) StdoutLine: {'line': b'-- Symlinking: /home/seeed/ros2/ws/install/fast_lio/share/fast_lio/cmake/fast_lioConfig-version.cmake\n'}
[178.763134] (fast_lio) StdoutLine: {'line': b'-- Symlinking: /home/seeed/ros2/ws/install/fast_lio/share/fast_lio/package.xml\n'}
[178.770992] (fast_lio) StdoutLine: {'line': b'-- Up-to-date: /home/seeed/ros2/ws/install/fast_lio/lib/libfast_lio__rosidl_generator_c.so\n'}
[178.772250] (fast_lio) StdoutLine: {'line': b'-- Up-to-date: /home/seeed/ros2/ws/install/fast_lio/lib/libfast_lio__rosidl_typesupport_fastrtps_c.so\n'}
[178.773581] (fast_lio) StdoutLine: {'line': b'-- Up-to-date: /home/seeed/ros2/ws/install/fast_lio/lib/libfast_lio__rosidl_typesupport_fastrtps_cpp.so\n'}
[178.774857] (fast_lio) StdoutLine: {'line': b'-- Up-to-date: /home/seeed/ros2/ws/install/fast_lio/lib/libfast_lio__rosidl_typesupport_introspection_c.so\n'}
[178.776054] (fast_lio) StdoutLine: {'line': b'-- Up-to-date: /home/seeed/ros2/ws/install/fast_lio/lib/libfast_lio__rosidl_typesupport_c.so\n'}
[178.777162] (fast_lio) StdoutLine: {'line': b'-- Up-to-date: /home/seeed/ros2/ws/install/fast_lio/lib/libfast_lio__rosidl_typesupport_introspection_cpp.so\n'}
[178.778308] (fast_lio) StdoutLine: {'line': b'-- Up-to-date: /home/seeed/ros2/ws/install/fast_lio/lib/libfast_lio__rosidl_typesupport_cpp.so\n'}
[178.820371] (-) TimerEvent: {}
[178.854244] (fast_lio) StdoutLine: {'line': b"Listing '/home/seeed/ros2/ws/install/fast_lio/local/lib/python3.10/dist-packages/fast_lio'...\n"}
[178.854589] (fast_lio) StdoutLine: {'line': b"Compiling '/home/seeed/ros2/ws/install/fast_lio/local/lib/python3.10/dist-packages/fast_lio/__init__.py'...\n"}
[178.854806] (fast_lio) StdoutLine: {'line': b"Listing '/home/seeed/ros2/ws/install/fast_lio/local/lib/python3.10/dist-packages/fast_lio/msg'...\n"}
[178.867853] (fast_lio) StdoutLine: {'line': b'-- Up-to-date: /home/seeed/ros2/ws/install/fast_lio/lib/libfast_lio__rosidl_generator_py.so\n'}
[178.868635] (fast_lio) StdoutLine: {'line': b'-- Up-to-date: /home/seeed/ros2/ws/install/fast_lio/share/fast_lio/cmake/export_fast_lio__rosidl_generator_cExport.cmake\n'}
[178.869076] (fast_lio) StdoutLine: {'line': b'-- Up-to-date: /home/seeed/ros2/ws/install/fast_lio/share/fast_lio/cmake/export_fast_lio__rosidl_generator_cExport-release.cmake\n'}
[178.869680] (fast_lio) StdoutLine: {'line': b'-- Up-to-date: /home/seeed/ros2/ws/install/fast_lio/share/fast_lio/cmake/export_fast_lio__rosidl_typesupport_fastrtps_cExport.cmake\n'}
[178.870100] (fast_lio) StdoutLine: {'line': b'-- Up-to-date: /home/seeed/ros2/ws/install/fast_lio/share/fast_lio/cmake/export_fast_lio__rosidl_typesupport_fastrtps_cExport-release.cmake\n'}
[178.870361] (fast_lio) StdoutLine: {'line': b'-- Up-to-date: /home/seeed/ros2/ws/install/fast_lio/share/fast_lio/cmake/export_fast_lio__rosidl_generator_cppExport.cmake\n'}
[178.871015] (fast_lio) StdoutLine: {'line': b'-- Up-to-date: /home/seeed/ros2/ws/install/fast_lio/share/fast_lio/cmake/export_fast_lio__rosidl_typesupport_fastrtps_cppExport.cmake\n'}
[178.871514] (fast_lio) StdoutLine: {'line': b'-- Up-to-date: /home/seeed/ros2/ws/install/fast_lio/share/fast_lio/cmake/export_fast_lio__rosidl_typesupport_fastrtps_cppExport-release.cmake\n'}
[178.871729] (fast_lio) StdoutLine: {'line': b'-- Up-to-date: /home/seeed/ros2/ws/install/fast_lio/share/fast_lio/cmake/fast_lio__rosidl_typesupport_introspection_cExport.cmake\n'}
[178.872295] (fast_lio) StdoutLine: {'line': b'-- Up-to-date: /home/seeed/ros2/ws/install/fast_lio/share/fast_lio/cmake/fast_lio__rosidl_typesupport_introspection_cExport-release.cmake\n'}
[178.872528] (fast_lio) StdoutLine: {'line': b'-- Up-to-date: /home/seeed/ros2/ws/install/fast_lio/share/fast_lio/cmake/fast_lio__rosidl_typesupport_cExport.cmake\n'}
[178.873043] (fast_lio) StdoutLine: {'line': b'-- Up-to-date: /home/seeed/ros2/ws/install/fast_lio/share/fast_lio/cmake/fast_lio__rosidl_typesupport_cExport-release.cmake\n'}
[178.873413] (fast_lio) StdoutLine: {'line': b'-- Up-to-date: /home/seeed/ros2/ws/install/fast_lio/share/fast_lio/cmake/fast_lio__rosidl_typesupport_introspection_cppExport.cmake\n'}
[178.873820] (fast_lio) StdoutLine: {'line': b'-- Up-to-date: /home/seeed/ros2/ws/install/fast_lio/share/fast_lio/cmake/fast_lio__rosidl_typesupport_introspection_cppExport-release.cmake\n'}
[178.874316] (fast_lio) StdoutLine: {'line': b'-- Up-to-date: /home/seeed/ros2/ws/install/fast_lio/share/fast_lio/cmake/fast_lio__rosidl_typesupport_cppExport.cmake\n'}
[178.874524] (fast_lio) StdoutLine: {'line': b'-- Up-to-date: /home/seeed/ros2/ws/install/fast_lio/share/fast_lio/cmake/fast_lio__rosidl_typesupport_cppExport-release.cmake\n'}
[178.874727] (fast_lio) StdoutLine: {'line': b'-- Up-to-date: /home/seeed/ros2/ws/install/fast_lio/share/fast_lio/cmake/export_fast_lio__rosidl_generator_pyExport.cmake\n'}
[178.874927] (fast_lio) StdoutLine: {'line': b'-- Up-to-date: /home/seeed/ros2/ws/install/fast_lio/share/fast_lio/cmake/export_fast_lio__rosidl_generator_pyExport-release.cmake\n'}
[178.878765] (fast_lio) CommandEnded: {'returncode': 0}
[178.921222] (-) TimerEvent: {}
[178.948413] (fast_lio) JobEnded: {'identifier': 'fast_lio', 'rc': 0}
[178.950162] (-) EventReactorShutdown: {}
